slno	concept_id	concepticon_id	concepticon_name	name	gloss	concept	stage	comment	category	definition	japanese	hindi	assamese	mandarin	burmese	nagamese	SILCAWL	CALMSEA
1005	0000.:zero	1294	ZERO	zero	zero	ᴢᴇʀᴏ	5		numbers	The number representing nothing or the absence of any quantity.	零	शून्य	শূন্য	零	သုည			
61	0001.:one	1493	ONE	one	one	ᴏɴᴇ	2		numbers	The number that comes after zero and before two.	一	एक	এক	一	တစ်		one (person)	one
97	0002.:two	1498	TWO	two	two	ᴛᴡᴏ	2		numbers	The number that comes after one and before three.	二	दो	দুই	二	နှစ်		two (persons)	two
76	0003.:three	492	THREE	three	three	ᴛʜʀᴇᴇ	2		numbers	The number that comes after two and before four.	三	तीन	তিনি	三	သုံး		three (persons)	three
54	0004.:four	1500	FOUR	four	four	ꜰᴏᴜʀ	2		numbers	The number that comes after three and before five.	四	चार	চাৰি	四	လေး		four (persons)	four
53	0005.:five	493	FIVE	five	five	ꜰɪᴠᴇ	2		numbers	The number that comes after four and before six.	五	पांच	পাঁচ	五	ငါး		five (persons)	five
68	0006.:six	1703	SIX	six	six	ꜱɪx	2		numbers	The number that comes after five and before seven.	六	छह	ছয়	六	ခြောက်ခဲ့သည်		six (persons)	six
67	0007.:seven	1704	SEVEN	seven	seven	ꜱᴇᴠᴇɴ	2		numbers	The number that comes after six and before eight.	七	सात	সাত	七	ခုနှစ်		seven (persons)	seven
50	0008.:eight	1705	EIGHT	eight	eight	ᴇɪɢʜᴛ	2		numbers	The number that comes after seven and before nine.	八	आठ	আঠ	八	ရှစ်		weight	eight
59	0009.:nine	1483	NINE	nine	nine	ɴɪɴᴇ	2		numbers	The number that comes after eight and before ten.	九	नौ	নৱ	九	ကိုး		nine (persons)	nine
19	0010.:ten	1515	TEN	ten	ten	ᴛᴇɴ	1		numbers	The number that comes after nine and before eleven.	十	दस	দহ	十	ဆယ်		ten (persons)	ten
581	0011.:eleven	1706	ELEVEN	eleven	eleven	ᴇʟᴇᴠᴇɴ	5		numbers	The number that comes after ten and before twelve.							eleven (11)	
980	0012.:twelve	1707	TWELVE	twelve	twelve	ᴛᴡᴇʟᴠᴇ	5		numbers	The number that comes after eleven and before thirteen.							twelve (12)	
776	0013.:thirteen	1708	THIRTEEN	thirteen	thirteen	ᴛʜɪʀᴛᴇᴇɴ	5		numbers	The number that comes after twelve and before fourteen.							thirteen (13)	
605	0014.:fourteen	2451	FOURTEEN	fourteen	fourteen	ꜰᴏᴜʀᴛᴇᴇɴ	5		numbers	The number that comes after thirteen and before fifteen.							fourteen (14)	
589	0015.:fifteen	1709	FIFTEEN	fifteen	fifteen	ꜰɪꜰᴛᴇᴇɴ	5		numbers	The number that comes after fourteen and before sixteen.							fifteen (15)	
743	0016.:sixteen	2454	SIXTEEN	sixteen	sixteen	ꜱɪxᴛᴇᴇɴ	5		numbers	The number that comes after fifteen and before seventeen.							sixteen (16)	
734	0017.:seventeen	2453	SEVENTEEN	seventeen	seventeen	ꜱᴇᴠᴇɴᴛᴇᴇɴ	5		numbers	The number that comes after sixteen and before eighteen.							seventeen (17)	
579	0018.:eighteen	1713	EIGHTEEN	eighteen	eighteen	ᴇɪɢʜᴛᴇᴇɴ	5		numbers	The number that comes after seventeen and before nineteen.							eighteen (18)	
677	0019.:nineteen	1714	NINETEEN	nineteen	nineteen	ɴɪɴᴇᴛᴇᴇɴ	5		numbers	The number that comes after eighteen and before twenty.							nineteen (19)	
345	0020.:twenty	1710	TWENTY	twenty	twenty	ᴛᴡᴇɴᴛʏ	3		numbers	The number that comes after nineteen and before twenty-one.		बीस	বিশ	二十	ပိသျှတ်		twenty (persons)	twenty/score
777	0030.:thirty	1715	THIRTY	thirty	thirty	ᴛʜɪʀᴛʏ	5		numbers	The number that comes after twenty-nine and before thirty-one.							thirty (30)	
603	0040.:forty	1716	FORTY	forty	forty	ꜰᴏʀᴛʏ	5		numbers	The number that comes after thirty and before fifty.							forty (40)	
590	0050.:fifty	1717	FIFTY	fifty	fifty	ꜰɪꜰᴛʏ	5		numbers	The number that comes after forty-nine and before fifty-one.							fifty (50)	
157	0100.:hundred	1634	HUNDRED	hundred	hundred	ʜᴜɴᴅʀᴇᴅ	3		numbers	The number that comes after ninety-nine and before one hundred and one.		सौ	শত	百	ရာ		hundred (persons)	hundred
982	0200.:two.hundred	2676	TWO HUNDRED	two hundred	two.hundred	ᴛᴡᴏ.ʜᴜɴᴅʀᴇᴅ	5		numbers	The number that is equal to one hundred multiplied by two.							two hundred (200)	
780	0300.:three.hundred	3513	THREE HUNDRED	three hundred	three.hundred	ᴛʜʀᴇᴇ.ʜᴜɴᴅʀᴇᴅ	5		numbers	The number that is equal to three times one hundred.								
604	0400.:four.hundred	3515	FOUR HUNDRED	four hundred	four.hundred	ꜰᴏᴜʀ.ʜᴜɴᴅʀᴇᴅ	5		numbers	The number that represents the product of four and one hundred.								
595	0500.:five.hundred	3516	FIVE HUNDRED	five hundred	five.hundred	ꜰɪᴠᴇ.ʜᴜɴᴅʀᴇᴅ	5		numbers	The number that represents five groups of one hundred.							five hundred (500)	
31	1.du	2634	WE TWO	1 du	1.du	1.ᴅᴜ	2		pronouns	The speaker and one other person.								
506	1.du.excl	2636	WE TWO (EXCLUSIVE)	1 du excl	1.du.excl	1.ᴅᴜ.ᴇxᴄʟ	5		pronouns	The speaker and one other person, but not the person being spoken to.								
507	1.du.incl	2637	WE TWO (INCLUSIVE)	1 du incl	1.du.incl	1.ᴅᴜ.ɪɴᴄʟ	5		pronouns	A group of people that includes the speaker and one or more other people.								
32	1.n.sg.excl	1130	WE (EXCLUSIVE)	1 n sg excl	1.n.sg.excl	1.ɴ.ꜱɢ.ᴇxᴄʟ	2		pronouns	The speaker and one other person, but not the person being spoken to.					ကျွန်တစ်ဦးတည်းနှင့်တကွ			
33	1.n.sg.incl	1131	WE (INCLUSIVE)	1 n sg incl	1.n.sg.incl	1.ɴ.ꜱɢ.ɪɴᴄʟ	2		pronouns	A group of people that includes the speaker and one or more other people.					ကျွန်မှာတော့			
34	1.sg	1209	I	1 sg	1.sg	1.ꜱɢ	2		pronouns	The person who is speaking.	わたし						I (1s)	I
221	1000.:thousand	1843	THOUSAND	thousand	thousand	ᴛʜᴏᴜꜱᴀɴᴅ	3		numbers	The number 1,000.		हजार	হাজাৰ	千	ထောင်		thousand (persons)	
35	2.n.sg	1213	YOU	2 n sg	2.n.sg	2.ɴ.ꜱɢ	2		pronouns	The person or people being spoken to.	おまえたち				သင့်တော်တို့		you (2p)	
36	2.sg	1215	THOU	2 sg	2.sg	2.ꜱɢ	2		pronouns	A person being spoken to, who is not the speaker.	おまえ						you (2s)	thou
37	3.n.sg	817	THEY	3 n sg	3.n.sg	3.ɴ.ꜱɢ	2		pronouns	A group of people or things that does not include the speaker or the listener.	彼ら，彼女ら				သူတို့		they (3p)	
38	3.sg	262	HE OR SHE OR IT	3 sg	3.sg	3.ꜱɢ	2		pronouns	A person or thing that is not the speaker or the listener.	彼，彼女							
229	above:to.be	1741	ABOVE	to be above	above	ᴀʙᴏᴠᴇ	3			To be in a higher position or at a higher level than something else, without necessarily touching it.		ऊपर	উপৰ	上面	အထက်		over, above	
101	accipitridae..raptor:::	2683	EAGLE OR HAWK	Accipitridae (raptor)	raptor	ʀᴀᴘᴛᴏʀ	3		fauna	A bird of prey with large, strong wings and a hooked beak, used for hunting other animals.	鷹	चील		鹰	သိမ်းငှက်၊ လင်းယုန် သို့မဟုတ် စွန်ရဲ			
508	adolescent	–	–	adolescent	adolescent	ᴀᴅᴏʟᴇꜱᴄᴇɴᴛ	5			A person who is in the stage of development between childhood and adulthood.		किशोरावस्था		青少年的	ဆယ်ကျော်သက်			
790	afraid:to.be			to be afraid	afraid	ᴀꜰʀᴀɪᴅ	5			To experience a feeling of fear, alarm, or anxiety in response to a perceived danger or threat.								
356	afternoon	1807	AFTERNOON	afternoon	afternoon	ᴀꜰᴛᴇʀɴᴏᴏɴ	4			The period of time from midday until the sun begins to set or evening begins.		दोपहर	বিলাস	下午	နေ့လည်		afternoon	
783	age..grow.old:to	–	–	to age (grow old)	age	ᴀɢᴇ	5			To undergo the natural process of growing older or becoming an elderly person.		बूढ़ा होना		变老	လူအို၊			
509	age..of.person	1789	AGE	age (of person)	age	ᴀɢᴇ	5			The number of years a person has lived from their birth until the present time.	年齢	उम्र	বয়স	年龄	လူတစ်ဦး၏အသက်			
510	age..of.thing			age (of thing)	age	ᴀɢᴇ	5			The length of time that an object or living thing has existed.								
45	alcohol:brewed	404	ALCOHOL (FERMENTED DRINK)	brewed alcohol	brewed.alcohol	ʙʀᴇᴡᴇᴅ.ᴀʟᴄᴏʜᴏʟ	2			A liquid drink produced by the fermentation of grains, fruit, or sugar.		सुराही दार शराब	জলকীয় দ্রব	酿造酒	အရက်ချက်			
121	alcohol:distilled	842	LIQUOR	distilled alcohol	distilled.alcohol	ᴅɪꜱᴛɪʟʟᴇᴅ.ᴀʟᴄᴏʜᴏʟ	3			A liquid produced through a process of heating and cooling, often used as a strong alcoholic drink.	酒	अर्क	মদ	蒸馏酒	ပေါင်းခံအရက်			liquor
230	alive:to.be	1422	BE ALIVE	to be alive	alive	ᴀʟɪᴠᴇ	3			To possess life; to not be dead.	生きている	जीवित	জিৱন থাকিব	活着	အသက်ရှင်ဖို့		(be) alive	alive
511	all	98	ALL	all	all	ᴀʟʟ	5			The entire amount or every single member of a group or collection.	全部	सब	সমগ্ৰ	所有	အားလုံး		everything	
357	amber	–	–	amber	amber	ᴀᴍʙᴇʀ	4			A hard, yellowish-brown fossilized resin from a tree that is often used as a gemstone or ornament.		अंबर	বাঁশফুলীয়া	琥珀	ပယင်း			
512	ancestors..general	1669	ANCESTORS	ancestors (general)	ancestors	ᴀɴᴄᴇꜱᴛᴏʀꜱ	5			The people in a person's family line who lived in the past, especially those who are now deceased.		पूर्वज	পূৰ্বজ	祖先	ဘိုးဘေး			
438	angry:to.be	1826	ANGRY	to be angry	angry	ᴀɴɢʀʏ	4			To feel strong displeasure, hostility, or irritation toward a person or a situation.	怒る	गुस्सा	ৰাগী	生气	စိတ်ဆိုး		to be angry	
587	animal..affix:female	3923	FEMALE ANIMAL	female animal (affix)	female.animal	ꜰᴇᴍᴀʟᴇ.ᴀɴɪᴍᴀʟ	5			A female of any species of animal.		मादा		女性	အမျိုးသမီး			
653	animal..affix:male	3924	MALE ANIMAL	male animal (affix)	male.animal	ᴍᴀʟᴇ.ᴀɴɪᴍᴀʟ	5			A non-female animal of the same species.								
102	animal..general	619	ANIMAL	animal (general)	animal	ᴀɴɪᴍᴀʟ	3		fauna	A living creature that is not a human or a plant.	動物	जानवर	পশু	动物	တိရစ္ဆာန်		animal (tame/wild)	meat/animal
920	answer.:respond:to	1275	ANSWER	to respond	respond	ʀᴇꜱᴘᴏɴᴅ	5			To give a spoken or written reply to a question, a statement, or a call.	答える							
784	answer..question:to	1275	ANSWER	to answer (question)	answer	ᴀɴꜱᴡᴇʀ	5			To provide a spoken or written response to a question or a statement.	答える	जवाब देना	উত্তৰ দিব	回答	အဖြေ၊ တုံ့ပြန်			
513	ant::hill	1873	ANTHILL	anthill	anthill	ᴀɴᴛʜɪʟʟ	5			A mound of earth or sand constructed by a colony of social insects, such as ants.		चींटी का ढेर	হুঁটুলঘৰ	蚁丘	ပုရွက်ဆိတ်ကုန်း			
220	ant.:termite	883	TERMITE	termite	termite	ᴛᴇʀᴍɪᴛᴇ	3		fauna	A small, social insect that eats wood and can damage buildings or trees.		दीमक	হুঁটুল	白蚁	ခြကောင်		termite	
39	ant..general	587	ANT	ant (general)	ant	ᴀɴᴛ	2			A small insect that lives in a colony or nest, often working together to move food.	蟻	चींटी	পিঁপিলিকা	蚂蚁	ပုရွက်ဆိတ်		ant	ant
791	anxious:to.be	3869	ANXIOUS	to be anxious	anxious	ᴀɴxɪᴏᴜꜱ	5			To feel nervous, worried, or uneasy about something that might happen.	心配する	चिंतित होना	উদাসীন থাকিব	焦虑	စိတ်စောဖို့၊ ပေါ်လာဖို့			
785	apologise:to	–	–	to apologise	apologise	ᴀᴘᴏʟᴏɢɪꜱᴇ	5			To express regret or ask for forgiveness after doing something wrong or causing offense.		माफ़ करना		对不起	စိတ်မကောင်းဖြစ်ရတယ်။			
786	appear:to	–	–	to appear	appear	ᴀᴘᴘᴇᴀʀ	5			To become visible or to come into sight from a state of being hidden or absent.		दिखाई देना	দৃষ্টা পোৱা	出现	ပေါ်လာဖို့			
514	area.under.house	2632	AREA UNDER HOUSE	area under house	area.under.house	ᴀʀᴇᴀ.ᴜɴᴅᴇʀ.ʜᴏᴜꜱᴇ	5			The ground or floor space located directly beneath a building or dwelling.					အုတ်တံတိုင်းအိမ်အောက် ဧရိယာ		area under house	
515	areca.nut	217	BETELNUT	areca nut	areca.nut	ᴀʀᴇᴄᴀ.ɴᴜᴛ	5	Concepticon has both BETEL NUTE and BETELNUT. This is marked as absent in Concepticon since betel is a different species, and the inconsistent labels in Concepticon create ambiguity.	flora	The seed of the Areca palm, often chewed with lime or betel leaf.	キンマ	सुपारी	তামুল	槟榔	ကွမ်းသီး၊			
359	arm::pit	1886	ARMPIT	armpit	armpit	ᴀʀᴍᴘɪᴛ	4		body parts	The area of the body located under the upper part of the arm where it joins the shoulder and the torso.	わきの下	बगल	কখেলা	腋窝	ချိုင်း		armpit	
984	arm:upper	431	UPPER ARM	upper arm	upper.arm	ᴜᴘᴘᴇʀ.ᴀʀᴍ	5		body parts	The part of the limb between the shoulder and the elbow.		बांह की ऊपरी हिस्सा	ভুজা	上臂	လက်မောင်းအပေါ်ပိုင်း			
393	arm.:elbow	981	ELBOW	elbow	elbow	ᴇʟʙᴏᴡ	4		body parts	The joint in the middle of the arm that allows it to bend and straighten.	ひじ	कोहनी	কুহুনি	肘部	တံတောင်ဆစ်		elbow	
635	arm.:elbow:inner	–	–	inner elbow	inner.elbow	ɪɴɴᴇʀ.ᴇʟʙᴏᴡ	5		body parts	The part of the arm located on the inside of the joint between the upper arm and the forearm.		कोहनी का अंदरूंग		肘窝	အတွင်းတံတောင်ဆစ်			
602	arm.:forearm	–	–	forearm	forearm	ꜰᴏʀᴇᴀʀᴍ	5		body parts	The part of the arm between the elbow and the wrist.		कलाई	কলাই	前臂	လက်ဖျံ			
431	arm.:shoulder	1482	SHOULDER	shoulder	shoulder	ꜱʜᴏᴜʟᴅᴇʀ	4		body parts	The part of the body where the arm connects to the torso.	肩	कंधा		肩膀	ပခုံး		shoulder	
505	arm.:wrist	799	WRIST	wrist	wrist	ᴡʀɪꜱᴛ	4		body parts	The part of the arm that connects the hand to the rest of the limb.	手首	कलाई का जोड़ा	কলাই	手腕	လက်ကောက်ဝတ်		wrist	
1	arm..upper.limb	2121	ARM OR HAND	arm (upper limb)	arm	ᴀʀᴍ	1		body parts	The entire upper limb of the human body, extending from the shoulder to the wrist.	腕	बांह	বাঁহ		လက်			hand/arm
787	arrive:to	1387	ARRIVE	to arrive	arrive	ᴀʀʀɪᴠᴇ	5			To reach a destination or a specific place after traveling or moving.	着く	पहुंचना	আহা	到达	ရောက်ရှိရန်		arrive	
104	arrow	977	ARROW	arrow	arrow	ᴀʀʀᴏᴡ	3			A long, thin, pointed object that is shot through the air from a bow.	矢	तीर	বাণ	箭头	မြှား		head of arrow	arrow
226	ascend..move.up:to	705	GO UP (ASCEND)	to ascend (move up)	ascend	ᴀꜱᴄᴇɴᴅ	3			To move from a lower position to a higher one.	のぼる	चढ़ना		爬	တက်ရန် သို့မဟုတ် တက်ရန်		ascend, go up	climb, ascend
40	ash	646	ASH	ash	ash	ᴀꜱʜ	2			The powdery residue left after a substance, such as wood or coal, has been burned.	灰	राख	বলি	灰烬	ပြာ			ashes
516	ash..bamboo	–	–	ash (bamboo)	ash	ᴀꜱʜ	5			The powdery substance left behind after a plant or piece of wood has been burned.								
231	ashamed:to.be	1894	ASHAMED	to be ashamed	ashamed	ᴀꜱʜᴀᴍᴇᴅ	3			To feel a sense of guilt, embarrassment, or loss of face due to one's own actions or a social mistake.	恥じる							ashamed
788	ask..question:to	1309	ASK (INQUIRE)	to ask (question)	ask	ᴀꜱᴋ	5			To express a desire for information or to seek an answer to a specific query.	黙る	पूछना	জানাইছো	请求	တောင်းဆိုရန် သို့မဟုတ် တောင်းဆိုရန်			
227	awaken:to	1602	WAKE UP	to awaken	awaken	ᴀᴡᴀᴋᴇɴ	3			To stop sleeping and become conscious or alert.	目覚める	जागना	জাগা	醒来	နိုးထရန်		wake up (intr)	awaken
105	axe..general	677	AXE	axe (general)	axe	ᴀxᴇ	3			A tool with a heavy metal blade used for chopping wood or splitting logs.	斧	कुल्हाड़ी	ফাঁস	斧头	ပုဆိန်		axe	
360	back..of.body	1291	BACK	back (of body)	back	ʙᴀᴄᴋ	4		body parts	The posterior part of the human torso, extending from the neck to the waist.	背中	पीठ	পিছলৈ	背部	လူသားကဲ့သို့ ကျော၊		back	
517	back..side.of.something	2323	BACK (PART)	back (side of something)	back	ʙᴀᴄᴋ	5			The side of a person or an object that is opposite the front.	後						back (of something)	
439	bad:to.be	1292	BAD	to be bad	bad	ʙᴀᴅ	4			To be of poor quality, unpleasant, or not good.	悪い	बुरा होना	খৰাপ	不好	မကောင်းဘူး။		to be bad	
361	bag	2468	BAG	bag	bag	ʙᴀɢ	4			A container made of flexible material, such as cloth, leather, or plastic, used for carrying or storing things.	袋	थैला	থলতী	包	အိတ်		bag	
792	bald:to.be	1125	BALD	to be bald	bald	ʙᴀʟᴅ	5			To have little or no hair on the head.	禿頭	गंजा होना	উলোহ	秃头	ထိပ်ပြောင်ခြင်း။		bald	
41	bamboo	1927	BAMBOO	bamboo	bamboo	ʙᴀᴍʙᴏᴏ	2		flora	A tall, woody grass that grows in thick clumps and has hollow stems.	竹	बांस	ভেতি	竹子	ဝါး		bamboo plant (large)	bamboo
106	bamboo.shoot	2494	BAMBOO SHOOT	bamboo shoot	bamboo.shoot	ʙᴀᴍʙᴏᴏ.ꜱʜᴏᴏᴛ	3		flora	A young, edible part of a bamboo plant that grows above the ground.	竹の子	बांस की खोखली	কাজি কেচেক	竹笋	မျှစ်		bamboo shoot (edible)	
520	bamboo.skin	–	–	bamboo skin	bamboo.skin	ʙᴀᴍʙᴏᴏ.ꜱᴋɪɴ	5		flora	The outer, hard covering of a bamboo stalk.		बांस की छाल	ভেতি তামুল	竹皮	ဝါးအရေပြား			
521	bamboo.strip	–	–	bamboo strip	bamboo.strip	ʙᴀᴍʙᴏᴏ.ꜱᴛʀɪᴘ	5		flora	A thin, flat piece of a woody plant stem used for writing, weaving, or construction.		बांस की पट्टी		竹片	ဝါးချွတ်			
522	bamboo.tube	–	–	bamboo tube	bamboo.tube	ʙᴀᴍʙᴏᴏ.ᴛᴜʙᴇ	5		flora	A hollow, cylindrical section of a woody plant used as a container or tool.		बांस का छलनी	বাঁহৰ নলী	竹筒	ဝါးပြွန်			
107	banana..fruit	868	BANANA	banana (fruit)	banana	ʙᴀɴᴀɴᴀ	3		flora	A long, soft fruit with a thick skin that is typically yellow when ripe and grows on a large herb-like plant.	バナナ	केला	কল	香蕉	ငှက်ပျောသီး		banana (fruit)	plantain/banana
362	banana.tree	1795	BANANA TREE	banana tree	banana.tree	ʙᴀɴᴀɴᴀ.ᴛʀᴇᴇ	4		flora	The large, herbaceous plant with long, wide leaves that produces edible fruit.								
108	banyan..tree	346	BANYAN	banyan (tree)	banyan	ʙᴀɴʏᴀɴ	3		flora	A large tree that grows many roots from its branches down into the ground to form a new trunk.		बरगद		榕树	ညောင်ပင်			
148	barbet:great	–	–	great barbet	great.barbet	ɢʀᴇᴀᴛ.ʙᴀʀʙᴇᴛ	3			A large, colorful tropical bird with a thick, fleshy beak and a prominent head, often seen in forested areas.								
789	bark..dog:to	1206	BARKING	to bark (dog)	bark	ʙᴀʀᴋ	5			To make the loud, sharp sound that a dog makes.	吠える	भौंकना		狗叫	ခွေးဟောင်ခြင်း၊			
593	basket:firewood	–	–	firewood basket	firewood.basket	ꜰɪʀᴇᴡᴏᴏᴅ.ʙᴀꜱᴋᴇᴛ	5		artefacts	A container used for collecting and carrying pieces of wood for making a fire.								
718	basket:rice	–	–	rice basket	rice.basket	ʀɪᴄᴇ.ʙᴀꜱᴋᴇᴛ	5	cf Mossang kən₂lɨŋ₂ smallest basket	artefacts	A container made of woven material used for holding or storing grains.								
747	basket:small	–	–	small basket	small.basket	ꜱᴍᴀʟʟ.ʙᴀꜱᴋᴇᴛ	5		artefacts	A small container made of woven plant material used for carrying or storing items.								
109	basket..general	1539	BASKET	basket (general)	basket	ʙᴀꜱᴋᴇᴛ	3	cf Chang _kam_	artefacts	A container made of woven plant materials, such as wood, bamboo, or cane, used for carrying or storing things.	籠						basket	
42	bat..animal	1793	BAT	bat (animal)	bat	ʙᴀᴛ	2		fauna	A nocturnal flying mammal with wings formed by skin stretched between its fingers.	蝙蝠	चमगादड़		蝙蝠	လင်းနို့		bat	
524	beak..bill	73	BEAK	beak (bill)	beak	ʙᴇᴀᴋ	5		body parts	The hard, pointed mouth part of a bird used for eating or grasping.	くちばし	चोंच		鸟嘴	နှုတ်သီး		beak, bill	
525	beam..rafter	1132	BEAM	beam (rafter)	beam	ʙᴇᴀᴍ	5			A long, thick piece of wood or metal that is fixed horizontally across a structure to support the weight of a roof or floor.	梁	खंभा		房梁	အိမ်တစ်အိမ်၏အလင်းတန်း		beam, rafter	
110	bean..general	832	BEAN	bean (general)	bean	ʙᴇᴀɴ	3			A seed of a plant from the legume family, often used as food.	豆							peas, beans
111	bear..animal	1820	BEAR	bear (animal)	bear	ʙᴇᴀʀ	3			A large, heavy mammal with thick fur and strong limbs, often found in forests and known for eating honey or plants.	熊	भालू		熊	ဝက်ဝံ		bear	bear
838	bear..fruit:to	3054	BEAR FRUIT	to bear (fruit)	bear	ʙᴇᴀʀ	5			To produce or yield fruit from a plant or tree.								
526	beard	678	BEARD	beard	beard	ʙᴇᴀʀᴅ	5		body parts	The hair that grows on the chin and cheeks of a man's face.		दाढ़ी		胡须	မုတ်ဆိတ်မွေး		beard	
839	beat..someone:to	1665	BEAT	to beat (someone)	beat	ʙᴇᴀᴛ	5			To strike a person or animal repeatedly with a hand or an object as a form of punishment or violence.							to hit/beat (with force)	
363	bed	1663	BED	bed	bed	ʙᴇᴅ	4			A piece of furniture used for sleeping or resting on.	寝台	बिस्तर		床	အိပ်ရာ			
364	bee::hive	88	BEEHIVE	beehive	beehive	ʙᴇᴇʜɪᴠᴇ	4		fauna	The structure built by bees to live in and store honey.							beehive	
2	bee..general	665	BEE	bee (general)	bee	ʙᴇᴇ	1		fauna	A flying insect that produces honey and lives in a colony or hive.	蜂	मधुमक्खी		蜜蜂	ပျား		bee	bee
527	bee.colony	–	–	bee colony	bee.colony	ʙᴇᴇ.ᴄᴏʟᴏɴʏ	5		fauna	A large group of social insects that live together in a single nest or hive.		मधुमक्खी का छत्ता		蜂窝	ပျားအုံ			
459	beg:to	3534	BEG	to beg	beg	ʙᴇɢ	4			To ask for something, such as money, food, or help, from others because of a need or poverty.		भिख मांगना		乞讨	တောင်းရမ်းရန်		beg (for money)	
793	behind..something:to.be	1686	BEHIND	to be behind (something)	behind	ʙᴇʜɪɴᴅ	5			To be located at the back of an object or person, rather than in front of it.		पीछे		后面	နောက်ကွယ်		behind	
112	belly..exterior	1251	BELLY	belly (exterior)	belly	ʙᴇʟʟʏ	3		body parts	The front part of the body between the chest and the groin.	腹	पेट		腹部	ဗိုက်၊အပြင်		belly	belly (exterior)
440	below..under:to.be	1485	BELOW OR UNDER	to be below (under)	below	ʙᴇʟᴏᴡ	4			To be at a lower level or position than something else, such as being underneath an object or at the bottom of a surface.		नीचे		下面	အောက်၊ အောက်			
232	big:to.be	1202	BIG	to be big	big	ʙɪɢ	3			To have a large size or great physical dimensions.	大きい	बड़ा		大	ကြီးတယ်။		to be big	
840	bind..hands:to	1917	TIE	to bind (hands)	bind	ʙɪɴᴅ	5			To secure or fasten a person's hands together using a rope, cord, or similar object so that they cannot move freely.		बाँधना		捆绑	ချည်နှောင်ရန်		to tie (something)	
43	bird..general.term	937	BIRD	bird (general term)	bird	ʙɪʀᴅ	2		fauna	A warm-blooded vertebrate animal that has feathers and wings, and typically lays eggs.	鳥	पक्षी		鸟	ငှက်၊ ယေဘူယျ		bird	bird
274	bite:to	1403	BITE	to bite	bite	ʙɪᴛᴇ	3			To use the teeth to cut into or grip something.	かみつく	काटना		咬	ကိုက်ရန်			bite
233	bitter:to.be	887	BITTER	to be bitter	bitter	ʙɪᴛᴛᴇʀ	3			To have a sharp, unpleasant taste on the tongue, such as the taste of unsweetened coffee or certain medicinal plants.	苦い	कड़वा		苦	ခါး		to be bitter	bitter
530	blanket	806	BLANKET	blanket	blanket	ʙʟᴀɴᴋᴇᴛ	5			A large piece of cloth or material used as a covering for warmth while sleeping or resting.		रजाई		毛毯	စောင်		blanket	
794	blind:to.be	1653	BLIND	to be blind	blind	ʙʟɪɴᴅ	5			To be unable to see due to a physical condition or injury.		अंधा होना		失明	မျက်မမြင်ဖြစ်ရန်		to be blind	
531	blister	1584	BLISTER	blister	blister	ʙʟɪꜱᴛᴇʀ	5			A small bubble on the skin filled with fluid, caused by friction, heat, or a burn.								
841	block..obstruct:to	2762	BLOCK (THE WAY)	to block (obstruct)	block	ʙʟᴏᴄᴋ	5			To place an object or a barrier in a passage or opening so that movement or passage is prevented.		रोकना		阻止	ပိတ်ဆို့ရန်		obstruct	
3	blood	946	BLOOD	blood	blood	ʙʟᴏᴏᴅ	1		body parts	The red liquid that flows through the veins and arteries of a human or animal body.	血	रक्त		血液	သွေး		blood	blood
275	bloom:to	3287	BLOOM	to bloom	bloom	ʙʟᴏᴏᴍ	3		flora	To produce flowers on a stem or plant.		खिलना		开花	ပန်းတစ်ပွင့်၊		(be) open [blossom]	
460	blow..wind:to	175	BLOW (OF WIND)	to blow (wind)	blow	ʙʟᴏᴡ	4			To move through the air as a current of air, causing things to move or making a sound.	吹く	उड़ाना		吹	လေတိုက်ခြင်း၊		blow (of wind) (v)	
276	blow..with.mouth:to	176	BLOW (WITH MOUTH)	to blow (with mouth)	blow	ʙʟᴏᴡ	3			To move air out of the mouth using the lips and tongue.		उड़ाना		吹	မှုတ်ရန်		blow (horn)	blow
795	blunt..of.edge:to.be	379	BLUNT	to be blunt (of edge)	blunt	ʙʟᴜɴᴛ	5			To have an edge or a point that is not sharp or cutting.	鈍い	नुकीला		钝	တုံးတယ်။			
796	blunt..of.point:to.be	379	BLUNT	to be blunt (of point)	blunt	ʙʟᴜɴᴛ	5			To speak in a direct and plain manner, without trying to be polite or subtle.							to be blunt	
532	boat	1844	BOAT	boat	boat	ʙᴏᴀᴛ	5			A watercraft used for traveling or transporting goods on a lake, river, or ocean.	船	जहाज		船	သင်္ဘော သို့မဟုတ် လှေ		boat	boat
366	body	1480	BODY	body	body	ʙᴏᴅʏ	4		body parts	The physical structure of a human or animal, including all its parts and organs.	からだ	शरीर		身体	ခန္ဓာကိုယ်		body	
277	boil..liquid:to	792	BOIL (OF LIQUID)	to boil (liquid)	boil	ʙᴏɪʟ	3			To heat a liquid until it reaches a temperature where bubbles form and it begins to bubble rapidly.	煮る	उबालना		煮沸	ပြုတ်ဖို့			cook/boil
44	bone	1394	BONE	bone	bone	ʙᴏɴᴇ	2		body parts	The hard, white, or yellowish structure that forms the skeleton inside a living body.	骨	हड्डी		骨头	အရိုး		bone	bone
113	bone.marrow	1835	MARROW	bone marrow	bone.marrow	ʙᴏɴᴇ.ᴍᴀʀʀᴏᴡ	3		body parts	The soft, fatty or spongy substance found inside the center of a bone.		हड्डी का मज्जा		骨髓	ရိုးတွင်းခြင်ဆီ			marrow
234	born:to.be	1090	BE BORN	to be born	born	ʙᴏʀɴ	3			To come out from the mother's body into the world.		जन्म लेना		出生	မွေးဖွားလာဖို့ရန်		(be) born	be born
367	bos.frontalis..mithun:::	–	–	Bos frontalis (mithun)	mithun	ᴍɪᴛʜᴜɴ	4		fauna	A large, heavy-bodied bovine that is often domesticated and used for ritual purposes, resembling a cross between a cow and a wild bison.								
533	bos.gaurus..gaur:::	–	–	Bos gaurus (gaur)	gaur	ɢᴀᴜʀ	5		fauna	A large, dark-colored wild bovine with a muscular build and a prominent ridge on its back, larger than a domestic cow.		गौर		印度牛	ဂေါ်ရ်			
114	bow	994	BOW	bow	bow	ʙᴏᴡ	3	this should be split between bow and crossbow probably.		"Since the prompt asks for a split between ""bow"" and ""crossbow,"" I will provide two separate definitions. **For the weapon used for shooting arrows:** A weapon consisting of a flexible piece of wood or material that is bent into a curve and used to launch an arrow by pulling a string. **For the weapon that uses a mechanical trigger mechanism:** A weapon used for shooting arrows that uses a mechanical device to hold and release the tension of the string."	弓	धनुष		弓	လေးကို		bow	bow
842	bow:to	–	–	to bow	bow	ʙᴏᴡ	5			To bend the upper body forward from the waist as a sign of respect, greeting, or submission.		झुकना		鞠躬	ဦးညွှတ်ရန်			
381	bow.:crossbow	3193	CROSSBOW	crossbow	crossbow	ᴄʀᴏꜱꜱʙᴏᴡ	4			A weapon that shoots a projectile by using a flexible bow mounted on a stock, which is pulled back and held by a mechanism.							crossbow	
534	bowl	1530	BOWL	bowl	bowl	ʙᴏᴡʟ	5			A deep, round container used for holding food or liquid.		कटोरा		碗	ဇလုံ		bowl	
368	bracelet	1754	BRACELET	bracelet	bracelet	ʙʀᴀᴄᴇʟᴇᴛ	4			A piece of jewelry worn around the wrist.		बांगड़ी		手镯	လက်ကောက်		bracelet	
115	brain	1583	BRAIN	brain	brain	ʙʀᴀɪɴ	3		body parts	The organ inside the skull that controls thought, memory, and movement.	脳	मस्तिष्क		大脑	ဦးနှောက်		brain	brain
461	break..something:to	3020	BREAK (BREAKING)	to break (something)	break	ʙʀᴇᴀᴋ	4			To cause a solid object to separate into two or more pieces, often by applying force or impact.	壊す	तोड़ना		打破	ချိုးရန်			
117	breast	1402	BREAST	breast	breast	ʙʀᴇᴀꜱᴛ	3		body parts	The soft part of the chest on a human, used for producing milk for a baby.	乳房	स्तन		乳房	ရင်သား		breast	vagina or breast/milk
843	breathe:to	1407	BREATHE	to breathe	breathe	ʙʀᴇᴀᴛʜᴇ	5			To move air in and out of the lungs through the nose or mouth.		सांस लेना		呼吸	အသက်ရှူရန်		to breathe	
4	bridge	1011	BRIDGE	bridge	bridge	ʙʀɪᴅɢᴇ	1			A structure built over a river, road, or gap to allow people or vehicles to cross from one side to the other.	橋	पुल		桥	တံတား		bridge	
797	bright:to.be	679	BRIGHT	to be bright	bright	ʙʀɪɢʜᴛ	5			To emit or reflect a lot of light, such as the sun or a lamp, making things easy to see.	明るい	चमकीला		明亮	တောက်ပ၊ အလင်း		light	
462	bring:to	692	BRING	to bring	bring	ʙʀɪɴɢ	4			To carry or move an object or person from one place toward the speaker or the current location.	持って来る	लाना		带来	ယူလာရန်			
535	broom	245	BROOM	broom	broom	ʙʀᴏᴏᴍ	5			A tool consisting of a handle with bristles or fibers at one end, used for sweeping floors or surfaces.		झाड़ू		扫帚	တံမြက်စည်း		broom	
394	brother:elder	1759	OLDER BROTHER	elder brother	elder.brother	ᴇʟᴅᴇʀ.ʙʀᴏᴛʜᴇʀ	4		kinship	A male sibling who was born before the speaker.	兄	भाई		哥哥	အစ်ကိုအကြီး			
1003	brother:younger	1760	YOUNGER BROTHER	younger brother	younger.brother	ʏᴏᴜɴɢᴇʀ.ʙʀᴏᴛʜᴇʀ	5		kinship	A male sibling who was born after the speaker or after another person.	弟	भाई		弟弟	ညီအငယ်			
369	bubalus.bubalis..water.buffalo:::	2516	WATER BUFFALO	Bubalus bubalis (water buffalo)	water.buffalo	ᴡᴀᴛᴇʀ.ʙᴜꜰꜰᴀʟᴏ	4		fauna	A large, heavy bovine animal with dark skin and often large, curved horns that lives in or near water and is used for pulling heavy loads.	水牛							
537	bundle	2943	BUNDLE	bundle	bundle	ʙᴜɴᴅʟᴇ	5			A collection of objects tied or wrapped together as a single unit.		बट्टा		捆	ထင်းကဲ့သို့ အစုအဝေး၊		bundle (n)	
278	burn..intransitive:to	2102	BURN	to burn (intransitive)	burn	ʙᴜʀɴ	3			To undergo a process of combustion or to be consumed by fire.		जलाना		烧	မီးရှို့ရန်		burn (intr), blaze	burn
844	burrow:to	–	–	to burrow	burrow	ʙᴜʀʀᴏᴡ	5			To dig a hole or a tunnel in the ground, often for a dwelling or a place to hide.		खोदना		挖掘	တွင်းတူးရန်			
463	bury..deceased:to			to bury (deceased)	bury	ʙᴜʀʏ	4			To place a dead person in a hole in the ground or a grave.	埋葬する							
464	bury..object:to	1719	BURY	to bury (object)	bury	ʙᴜʀʏ	4			To place a person or an object into a hole in the ground and cover it with soil.	埋葬する	दफ़नाना		埋	သင်္ဂြိုဟ်ရန်		to bury (a corpse)	
538	butterfly	1791	BUTTERFLY	butterfly	butterfly	ʙᴜᴛᴛᴇʀꜰʟʏ	5		fauna	A flying insect with large, often brightly colored wings that is not a moth.	蝶	तितली		蝴蝶	လိပ်ပြာ		butterfly	
279	buy:to	1869	BUY	to buy	buy	ʙᴜʏ	3			To give money to someone in exchange for an object or a service.	買う	ख़रीदना		买	ဝယ်ရန်		but	buy
370	cane..rattan	2497	RATTAN	cane (rattan)	cane	ᴄᴀɴᴇ	4		flora	A long, slender, and flexible stem of a climbing palm used for making furniture or baskets.	籐	साँई		藤条	ကြံ၊ ကြိမ်		cane/rattan	
845	carry..general:to	700	CARRY	to carry (general)	carry	ᴄᴀʀʀʏ	5			To move something or someone from one place to another while holding it or supporting its weight.	運ぶ	उठाना		搬运	သယ်ဆောင်ရန်			
846	carry..in.arms:to	–	–	to carry (in arms)	carry	ᴄᴀʀʀʏ	5			To hold a person or an object against one's chest or in one's arms and move with them.								
847	carry..in.hand:to	412	CARRY IN HAND	to carry (in hand)	carry	ᴄᴀʀʀʏ	5			To hold an object in one's hand or hands and move it from one place to another.							carry (in arms)	
848	carry..in.pocket:to			to carry (in pocket)	carry	ᴄᴀʀʀʏ	5			To have an object inside a piece of clothing, such as trousers or a jacket, so that it can be moved with the person.								
280	carry..on.back:to	465	CARRY ON BACK	to carry (on back)	carry	ᴄᴀʀʀʏ	3			To transport an object or a person by placing it on one's back and supporting it with the body or a strap.	背負う							
849	carry..on.head:to	414	CARRY ON HEAD	to carry (on head)	carry	ᴄᴀʀʀʏ	5			To transport an object by placing it on top of the head and supporting it with the neck or hands.							carry on head	
850	carry..on.pole:to	3438	CARRY (WITH POLE ON SHOULDER)	to carry (on pole)	carry	ᴄᴀʀʀʏ	5			To transport one or more items by balancing them on a long, slender piece of wood resting across the shoulders.								
851	carry..on.shoulder:to	413	CARRY ON SHOULDER	to carry (on shoulder)	carry	ᴄᴀʀʀʏ	5			To transport an object by resting its weight on one's shoulder.	担ぐ							
852	carry..under.arm:to	415	CARRY UNDER ARM	to carry (under arm)	carry	ᴄᴀʀʀʏ	5			To hold an object closely against the side of the body, tucked between the torso and the upper arm.								
853	carve:to	228	CARVE	to carve	carve	ᴄᴀʀᴠᴇ	5			To cut or shape a piece of wood, stone, or other hard material into a specific form or design using a sharp tool.		उकीरना		雕刻	ထွင်းထုရန်		carve	
540	cat..domestic	1208	CAT	cat (domestic)	cat	ᴄᴀᴛ	5		fauna	A small domesticated carnivorous mammal often kept as a pet.	猫	बिल्ली		猫	ကြောင်		cat	
371	cattle..domestic	1153	CATTLE	cattle (domestic)	cattle	ᴄᴀᴛᴛʟᴇ	4		fauna	A large domesticated bovine animal kept on a farm for milk, meat, or work.	牛	गाय		家牛	အိမ်မွေးနွား			
372	cave	1155	CAVE	cave	cave	ᴄᴀᴠᴇ	4			A large natural underground space, often found in rocks or mountains, that is open to the surface.		गुफा		洞穴	ဂူ		cave (natural)	
541	centre..middle	–	–	centre (middle)	centre	ᴄᴇɴᴛʀᴇ	5			The middle point or part of something, equidistant from all edges or boundaries.		मध्य		中心	အလယ်၊ ဗဟို			
542	charcoal	1188	CHARCOAL	charcoal	charcoal	ᴄʜᴀʀᴄᴏᴀʟ	5			A black, hard substance made by burning wood in a space with very little air.	炭	अंगारे		炭	မီးသွေး၊ မီးခိုး		charcoal	
373	cheek	1730	CHEEK	cheek	cheek	ᴄʜᴇᴇᴋ	4		body parts	The fleshy part of the face on either side of the nose and below the eyes.	頬						cheek	
374	chest	1592	CHEST	chest	chest	ᴄʜᴇꜱᴛ	4		body parts	The upper front part of the human body, located between the neck and the abdomen, containing the heart and lungs.	胸	छाती		胸部	ရင်ဘတ်		chest	
465	chew:to	321	CHEW	to chew	chew	ᴄʜᴇᴡ	4			To use the teeth to crush or grind food into smaller pieces in the mouth before swallowing.	噛む	चबाना		咀嚼	ဝါးရန်		chew	
543	chicken	1318	CHICKEN	chicken	chicken	ᴄʜɪᴄᴋᴇɴ	5		fauna	A common domestic bird kept for its eggs or meat.	鶏	मुर्गा		鸡	ကြက်သား		chicken	
118	child..general	2099	CHILD	child (general)	child	ᴄʜɪʟᴅ	3			A young human being, typically from birth until the onset of adulthood.	こども	बच्चा		儿童	ကလေး၊ မွေးကင်းစ			child/son
46	chili.pepper	919	CHILI PEPPER	chili pepper	chili.pepper	ᴄʜɪʟɪ.ᴘᴇᴘᴘᴇʀ	2		flora	A small, often spicy fruit from a plant used in cooking to add heat to food.	唐辛子	मिर्च		辣椒	ငရုတ်သီးမှုန့်		red pepper	
375	chin	1510	CHIN	chin	chin	ᴄʜɪɴ	4			The part of the face below the mouth and above the neck.		ठुड्डी		下巴	မေးစေ့		chin	
544	chisel..n	1979	CHISEL	chisel (n)	chisel	ᴄʜɪꜱᴇʟ	5			A tool with a sharp metal blade used for carving or cutting away pieces of wood, stone, or metal.		छेनी		凿子	ငရုပ်သီး		chisel (n)	
855	choose..between.things:to	1750	CHOOSE	to choose (between things)	choose	ᴄʜᴏᴏꜱᴇ	5			To select or pick one thing out of two or more possibilities.	選ぶ	चुनना		选择	ရွေးချယ်ရန်			
545	cicada	2353	CICADA	cicada	cicada	ᴄɪᴄᴀᴅᴀ	5		fauna	An insect that lives in trees or bushes and makes a loud, buzzing sound by vibrating its wings or abdomen.		तिड्डी		蝉	ပုစဉ်းရင်ကွဲ			
546	civet.cat	3157	CIVET	civet cat	civet.cat	ᴄɪᴠᴇᴛ.ᴄᴀᴛ	5			A small, nocturnal mammal with a strong scent produced by glands on its body, often found in forests and known for eating fruit.		जंगली बिल्ली		狸猫				
119	claw..animal	72	CLAW	claw (animal)	claw	ᴄʟᴀᴡ	3		body parts	A sharp, curved nail on the foot of an animal, such as a bird, a cat, or a bear.	爪	पंजा		爪子	ခြေသည်း		claw	nail/claw
547	clay	1399	CLAY	clay	clay	ᴄʟᴀʏ	5			A fine-grained, heavy earth or soil that is sticky when wet and can be shaped into objects.	粘土	मिट्टी		黏土	ရွှံ့		clay	
856	clean:to	2235	CLEAN (SOMETHING)	to clean	clean	ᴄʟᴇᴀɴ	5			To remove dirt, dust, or impurities from an object or a surface.		साफ़ करना		清洁	သန့်ရှင်းရန်			
799	clear..in.meaning:to.be	–	–	to be clear (in meaning)	clear	ᴄʟᴇᴀʀ	5			To be easy to understand or unambiguous, such that there is no confusion about the intended message.		स्पष्ट होना		清晰	ရှင်းရှင်းလင်းလင်းဖြစ်ရန်			
466	close..tr:to	–	–	to close (tr)	close	ᴄʟᴏꜱᴇ	4			To move a door, a window, or a lid so that an opening is no longer accessible.	閉める	बंद करना		关闭	ပိတ်ရန်			
376	cloth	1616	CLOTH	cloth	cloth	ᴄʟᴏᴛʜ	4			A piece of flexible material made by weaving or knitting fibers together, used for making clothes or other items.	布	कपड़ा		布料	အထည်		cloth	
47	cloud..rain	1489	CLOUD	cloud (rain)	cloud	ᴄʟᴏᴜᴅ	2			A visible mass of water droplets or ice crystals suspended in the atmosphere, often associated with rain or weather changes.	雲	बादल		云	တိမ်တိုက်		cloud (rain)	cloud
549	cockroach	1575	COCKROACH	cockroach	cockroach	ᴄᴏᴄᴋʀᴏᴀᴄʜ	5		fauna	A common, flat-bodied insect that is often found in dark, damp places or near human dwellings.		तिलचट्टा		蟑螂	ပိုးဟပ်		cockroach	
857	coddle:to	–	–	to coddle	coddle	ᴄᴏᴅᴅʟᴇ	5			To treat someone, especially a child, with excessive care, indulgence, or overprotection.		आदर करना		娇惯	ချော့မြှူရန်			
235	cold..of.items:to.be	1287	COLD	to be cold (of items)	cold	ᴄᴏʟᴅ	3			To have a low temperature, rather than a person feeling a sensation of low temperature.		ठंडा होना		寒冷	အေးဖို့		to be cool (water)	cold
236	cold..of.weather:to.be	2483	COLD (OF WEATHER)	to be cold (of weather)	cold	ᴄᴏʟᴅ	3			To describe a low temperature in the air or the surrounding environment.	寒い	ठंडा मौसम		寒冷的天气	ရာသီဥတုအေး		cold weather [cold season]	
21	colour.:black:to.be	163	BLACK	to be black	black	ʙʟᴀᴄᴋ	1			To have a color that is the darkest possible, such as the color of coal or night.	黒い	काला		黑	အနက်ရောင်		black	black
798	colour.:brown:to.be			to be brown	brown	ʙʀᴏᴡɴ	5			To have a color that is like that of soil, wood, or dark chocolate.								
241	colour.:green:to.be	1425	GREEN	to be green	green	ɢʀᴇᴇɴ	3		statives	To have the color of grass, leaves, or emeralds.	緑の	हरा		绿色	အစိမ်းရောင်		green	
810	colour.:grey:to.be	153	GREY	to be grey	grey	ɢʀᴇʏ	5		statives	To have a color that is a mixture of black and white, such as the color of ash or a cloudy sky.								
22	colour.:red:to.be	156	RED	to be red	red	ʀᴇᴅ	1		statives	To have the color of blood or a ripe tomato.	赤い	लाल		红色	အနီေရာင်		red	red
23	colour.:white:to.be	1335	WHITE	to be white	white	ᴡʜɪᴛᴇ	1		statives	To have the color of snow, milk, or a blank piece of paper.	白い	सफ़ेद		白色的	အဖြူ		white	white
837	colour.:yellow:to.be	1424	YELLOW	to be yellow	yellow	ʏᴇʟʟᴏᴡ	5		statives	To have the color of a ripe lemon or gold.	黄色い	पीला		黄色的	အဝါရောင်		yellow	
550	columbidae..pigeon:::	–	–	Columbidae (pigeon)	pigeon	ᴘɪɢᴇᴏɴ	5		fauna	A bird with a small head and a stout body, often seen in cities or forests, belonging to the family of birds that includes doves.		कबूतर		鸽子	ခို			
551	comb	1475	COMB	comb	comb	ᴄᴏᴍʙ	5			A tool with a row of teeth used for arranging or untangling hair.	櫛	कंघी		梳子	ခေါင်းဖြီး		comb	
858	comb:to	2070	COMB (VERB)	to comb	comb	ᴄᴏᴍʙ	5			To pull a tool with teeth through hair or fur to untangle it or arrange it neatly.	梳かす							
467	come.back..return:to	581	COME BACK	to come back (return)	come.back	ᴄᴏᴍᴇ.ʙᴀᴄᴋ	4			To move or travel from a place toward the place where one started or where one is currently located.	帰る・戻る	लौटना		回来	ပြန်လာရန် သို့မဟုတ် ပြန်လာရန်			
859	compete:to	–	–	to compete	compete	ᴄᴏᴍᴘᴇᴛᴇ	5			To strive against others to win a prize, a position, or a goal in a game, sport, or contest.		प्रतिस्पर्धा करना		竞争	ယှဉ်ပြိုင်ရန်			
860	complete..a.task:to	–	–	to complete (a task)	complete	ᴄᴏᴍᴘʟᴇᴛᴇ	5			To finish a specific piece of work or a particular activity.		पूर्ण होना		完整	ပြီးပြည့်စုံရန်			
861	conceal..something:to	602	HIDE (CONCEAL)	to conceal (something)	conceal	ᴄᴏɴᴄᴇᴀʟ	5			To put something out of sight so that it cannot be seen or found.		छुपाना		隐藏	ဖုံးကွယ်ရန် သို့မဟုတ် ဖုံးကွယ်ရန်			
552	container..general	–	–	container (general)	container	ᴄᴏɴᴛᴀɪɴᴇʀ	5			A hollow object used for holding or storing things such as water, food, or small items.		डिब्बा		容器	ကွန်တိန်နာ			
281	cook..general:to	1100	COOK (SOMETHING)	to cook (general)	cook	ᴄᴏᴏᴋ	3			To prepare food for eating by applying heat.	料理する	पकाना		烹饪	ချက်ပြုတ်ရန်		to cook (rice)	cook/boil
862	cook.rice:to	–	–	to cook rice	cook.rice	ᴄᴏᴏᴋ.ʀɪᴄᴇ	5			To prepare raw grains of rice by applying heat and water until they are soft and edible.		चावल पकाना		煮饭	ထမင်းချက်ရန်			
832	cooked:under:to.be	–	–	to be under cooked	under.cooked	ᴜɴᴅᴇʀ.ᴄᴏᴏᴋᴇᴅ	5			To cook food for too little time so that it remains raw or soft in the middle.								
833	cooked:well:to.be	–	–	to be well cooked	well.cooked	ᴡᴇʟʟ.ᴄᴏᴏᴋᴇᴅ	5			To have been heated by fire or water until it is soft, edible, or ready to eat.		अच्छी तरह पका हुआ होना		熟	ကောင်းစွာချက်ပြုတ်ရန်			ripe/well-cooked
377	corpse	767	CORPSE	corpse	corpse	ᴄᴏʀᴘꜱᴇ	4		body parts	The dead body of a human being that is no longer alive.		शव		尸体	အလောင်း		corpse	
378	cotton	1850	COTTON	cotton	cotton	ᴄᴏᴛᴛᴏɴ	4		flora	A soft, white fibrous material that grows in a boll around the seeds of a plant, used for making cloth or thread.	綿	कपास		棉花	ဝါဂွမ်း		cotton	
863	cough:to	879	COUGH	to cough	cough	ᴄᴏᴜɢʜ	5			To expel air from the lungs suddenly and noisily through the mouth, often due to irritation in the throat or respiratory tract.		खांसी करना		咳嗽	ချောင်းဆိုးရန်			cough
282	count:to	1420	COUNT	to count	count	ᴄᴏᴜɴᴛ	3			To determine the total number of items in a group by assigning a number to each one.	数える	गिनना		数数	ရေတွက်ရန်		to count	
553	country..nation	1300	COUNTRY	country (nation)	country	ᴄᴏᴜɴᴛʀʏ	5			A political entity that contains a specific territory, a population, and its own government.	国	देश		国家	နိုင်ငံ			
468	cover:to	761	COVER	to cover	cover	ᴄᴏᴠᴇʀ	4			To place something over an object to hide it, protect it, or keep it from being seen.	かぶせる	ढकना		盖	ဖုံးအုပ်ရန်		cover (v)	
379	crab	2348	CRAB	crab	crab	ᴄʀᴀʙ	4		fauna	A crustacean with a hard shell, a broad body, and two large claws, typically living in water or on land.	蟹	केकड़ा		螃蟹	ဂဏန်း		crab	
864	crawl..of.babies:to	96	CRAWL	to crawl (of babies)	crawl	ᴄʀᴀᴡʟ	5			To move along the ground on one's hands and knees, typically used for an infant who cannot yet walk.		रेंगना		爬行	တွားသွား		to crawl on belly (like a snake)	
554	crest.of.bird	188	COMB OF BIRD	crest of bird	crest	ᴄʀᴇꜱᴛ	5		body parts	The tuft of feathers or hair located on the top of a bird's head.		टोपी		鸟冠	ငှက်တကောင်		comb (of rooster)	
380	cricket	2354	CRICKET	cricket	cricket	ᴄʀɪᴄᴋᴇᴛ	4		fauna	A small, jumping insect that makes a chirping sound, often at night.		क्रिकेट		蟋蟀	ခရစ်ကတ်		cricket	
556	crocodilia:::	1857	CROCODILE	Crocodilia	Crocodilia	ᴄʀᴏᴄᴏᴅɪʟɪᴀ	5		fauna	A large, predatory semiaquatic reptile with a long snout and powerful jaws, typically found in rivers or saltwater.	ワニ	मगरमच्छ		鳄鱼	မိကျောင်း သို့မဟုတ် မိကျောင်း		crocodile	
800	crooked:to.be	297	CROOKED	to be crooked	crooked	ᴄʀᴏᴏᴋᴇᴅ	5			To not be straight or level; having a bent, curved, or twisted shape rather than a straight line.	曲がる	मोड़		弯曲的	ကွေး၊ ကောက်၊ ကွေး		(be) crooked	
865	cross..river:to	–	–	to cross (river)	cross	ᴄʀᴏꜱꜱ	5			To go from one side of a body of water to the other side.		पार करना		穿过	ဖြတ်ကျော်ရန်			
557	crow	913	CROW	crow	crow	ᴄʀᴏᴡ	5		fauna	A large, black bird of the family Corvidae, often seen scavenging or living in social groups.	カラス	कौवा		乌鸦	ကျီးကန်း			
559	crown..of.ruler	–	–	crown (of ruler)	crown	ᴄʀᴏᴡɴ	5	This matches the CONCEPTICON definition of 1943 but not the category.		A ceremonial headpiece worn by a monarch or a person of high royal rank.		मुकुट		王冠	ရှင်ဘုရင်၏သရဖူ၊			
560	cup..modern			cup (modern)	cup	ᴄᴜᴘ	5			A small, open container used for drinking liquids, typically made of ceramic, glass, or metal.								
382	cup..traditional	476	CUP	cup (traditional)	cup	ᴄᴜᴘ	4			A small, open container used for drinking liquids, typically made of wood, clay, or metal rather than glass or plastic.	椀	कप		杯子	ခွက်		cup	
866	cut..general:to	1432	CUT	to cut (general)	cut	ᴄᴜᴛ	5			To divide or separate something into pieces or portions using a sharp tool or edge.	切る	काटना		割	ဖြတ်ရန်		cut (tr)	cut
867	cut.hair:to	–	–	to cut hair	cut.hair	ᴄᴜᴛ.ʜᴀɪʀ	5			To remove hair from a person's head using a tool such as scissors or a razor.		बाल काटना		理发	ဆံပင်ညှပ်ရန်			
868	dam:to	–	–	to dam	dam	ᴅᴀᴍ	5			To build a barrier across a river or stream to stop or control the flow of water.		बाँध बनाना		筑坝	မြစ်ကိုဆည်ဖို့			
469	dance:to	1879	DANCE	to dance	dance	ᴅᴀɴᴄᴇ	4			To move the body rhythmically, often to the sound of music.	踊る	नाचना		跳舞	ကခုန်ဖို့			
561	darkness	11	DARKNESS	darkness	darkness	ᴅᴀʀᴋɴᴇꜱꜱ	5			The state of being without light or having very little light.	暗い	अंधेरा		黑暗	အမှောင်		darkness	
562	daughter	1357	DAUGHTER	daughter	daughter	ᴅᴀᴜɢʜᴛᴇʀ	5		kinship	A female child or offspring in relation to her parents.	娘	बेटी		女儿	သမီး		daughter	
563	daughter.in.law	1057	DAUGHTER-IN-LAW	daughter in law	daughter.in.law	ᴅᴀᴜɢʜᴛᴇʀ.ɪɴ.ʟᴀᴡ	5			The female spouse of one's child.	嫁	बहु		儿媳	ချွေးမ		daughter-in-law	
383	dawn..before.sunrise	729	DAWN	dawn (before sunrise)	dawn	ᴅᴀᴡɴ	4			The period of time when the sky first begins to lighten before the sun appears above the horizon.	あけがた	भोर		黎明	အရုဏ်တက်		dawn (before sunrise)	
120	day::time	1225	DAY (NOT NIGHT)	daytime	daytime	ᴅᴀʏᴛɪᴍᴇ	3			The period of time when the sun is above the horizon and there is light in the sky, as opposed to the period of darkness at night.	昼	दिन का समय		白天	နေ့ဘက်		daytime	sun/day
564	day:.classifier	1260	DAY (24 HOURS)	day	day	ᴅᴀʏ	5			A period of time lasting twenty-four hours, from one sunrise to the next.	日	दिन		天	နေ့ (၂၄ နာရီ)			
801	dead:to.be	1625	DEAD	to be dead	dead	ᴅᴇᴀᴅ	5			To no longer be alive or to have ceased all biological functions.							(be) dead	
802	deaf:to.be	996	DEAF	to be deaf	deaf	ᴅᴇᴀꜰ	5			To be unable to hear sounds.	つんぼ	बहरा होना		聋	ဆွံ့အနားမကြား		to be deaf	
523	deer:barking	3152	MUNTJACS	barking deer	barking.deer	ʙᴀʀᴋɪɴɢ.ᴅᴇᴇʀ	5		fauna	A small-sized deer that makes a loud, sharp sound like a dog when it is startled or threatened.		कसाई		马鹿	ဟောင်သမင်		barking deer	
725	deer:sambar	–	–	sambar deer	sambar.deer	ꜱᴀᴍʙᴀʀ.ᴅᴇᴇʀ	5		fauna	A large deer with a thick coat and antlers, typically found in forested areas.		साम्भर		马鹿	ဆာဘား			
384	deer..general	1936	DEER	deer (general)	deer	ᴅᴇᴇʀ	4		fauna	A hoofed mammal that typically has antlers and lives in forests or grasslands.	鹿	हिरण		鹿	သမင်			
869	defecate:to	676	SHIT (DEFECATE)	to defecate	defecate	ᴅᴇꜰᴇᴄᴀᴛᴇ	5			To discharge feces from the body through the anus.	大便する							shit
565	demon	1973	DEMON	demon	demon	ᴅᴇᴍᴏɴ	5			A supernatural being, often malevolent or harmful, that is not a god or a human.		राक्षस		魔鬼	နတ်ဆိုး		demon, evil spirit	
283	descend..move.down:to	2014	GO DOWN (DESCEND)	to descend (move down)	descend	ᴅᴇꜱᴄᴇɴᴅ	3			To move from a higher position to a lower position.	おりる	उतरना		下降	ဆင်းရန်		descend, go down	descend
385	descendants	490	DESCENDANTS	descendants	descendants	ᴅᴇꜱᴄᴇɴᴅᴀɴᴛꜱ	4		kinship	The people, such as children, grandchildren, or great-grandchildren, who are born to a person.								
470	desire..want:to	2117	DESIRE	to desire (want)	desire	ᴅᴇꜱɪʀᴇ	4			To feel a strong wish or longing for a specific object, action, or outcome.		इच्छा करना		渴望	ဆန္ဒရှိရန်			
386	dew	1977	DEW	dew	dew	ᴅᴇᴡ	4			The tiny drops of water that form on cool surfaces, such as grass or leaves, during the night or early morning.		बरखा		露水	နှင်းရည်			
84	die:to	1494	DIE	to die	die	ᴅɪᴇ	2			To cease to live or to undergo the process of death.	死ぬ	मरना		死	သေဖို့			die
803	difficult..hard:to.be	584	DIFFICULT	to be difficult (hard)	difficult	ᴅɪꜰꜰɪᴄᴜʟᴛ	5			To be hard to do, complete, or understand; not easy.	難しい	कठिन होना		困难	ခက်တယ်။		to be difficult	
85	dig:to	1418	DIG	to dig	dig	ᴅɪɢ	2			To move earth, soil, or sand away from a place using a tool or hands to create a hole or a trench.	掘る	खोदना		挖	တူးရန်		to dig (with a tool)	dig
441	dirty:to.be	1230	DIRTY	to be dirty	dirty	ᴅɪʀᴛʏ	4			To be covered or marked with soil, dust, stains, or waste.	汚い	गंदा होना		脏	ညစ်ပတ်တယ်။		to be dirty (clothes)	
284	discard..throw.away:to	3696	THROW AWAY	to discard (throw away)	discard	ᴅɪꜱᴄᴀʀᴅ	3			To throw something away because it is no longer wanted or useful.	捨てる						throw away, get rid of	
804	disorderly:to.be	–	–	to be disorderly	disorderly	ᴅɪꜱᴏʀᴅᴇʀʟʏ	5			To be in a state of confusion, mess, or lack of organization.		अनुशासित होना		杂乱	ဗရပွဖြစ်ရန်			
870	disturb:to	2883	DISTURB	to disturb	disturb	ᴅɪꜱᴛᴜʀʙ	5			To interrupt the peace, calm, or quiet of a person or a place.		उथल-पुथल मचाना		扰乱	နှောင့်ယှက်ရန်			
567	ditch	2002	DITCH	ditch	ditch	ᴅɪᴛᴄʜ	5			A long, narrow trench dug into the ground, typically used to hold or carry water away from a road or a field.		खाई		沟渠	မြောင်းတစ်ခု		ditch	
871	dive:to	119	DIVE	to dive	dive	ᴅɪᴠᴇ	5			To move one's body quickly downwards into water by jumping or pushing off.		डुबकी लगाना		潜水	ငုပ်ရန်		dive	
122	dog	2009	DOG	dog	dog	ᴅᴏɢ	3		fauna	A domesticated carnivorous mammal often kept as a pet or for guarding.	犬	कुत्ता		狗	ခွေး		dog	dog
387	door::way	1567	DOOR	doorway	doorway	ᴅᴏᴏʀᴡᴀʏ	4	Mismatch with CONCEPTICON		An opening in a wall or partition that allows a person to enter or exit a room or building.	戸			门户	တံခါးပေါက်		door	
568	door..panel	–	–	door (panel)	door	ᴅᴏᴏʀ	5	Mismatch with CONCEPTICON		A single movable part of a doorway used to close an opening in a wall.		दरवाज़ा		门	တံခါး			
86	dream:to	1920	DREAM (SOMETHING)	to dream	dream	ᴅʀᴇᴀᴍ	2			To experience mental images, stories, or sensations while sleeping.	夢を見る	सपना देखना		做梦	အိပ်မက်မက်ဖို့			dream
24	drink:to	1401	DRINK	to drink	drink	ᴅʀɪɴᴋ	1			To swallow a liquid through the mouth.	飲む	पीना		喝	သောက်ရန်			drink
388	drum	908	DRUM	drum	drum	ᴅʀᴜᴍ	4			A percussion instrument that produces sound by striking a stretched membrane with a stick or the hands.		ढोल		鼓	ဒရမ်တစ်ခု		drum (musical instrument)	
442	drunk:to.be	1463	DRUNK	to be drunk	drunk	ᴅʀᴜɴᴋ	4			To be in a state of intoxication caused by consuming alcoholic beverages.	酒に酔う	नशेड़ा		醉	မူးသည်၊ မူးသည်။		to be drunk (alcohol)	
443	dry:to.be	1398	DRY	to be dry	dry	ᴅʀʏ	4			To be free from moisture, liquid, or water.	乾いた	सुखाना		干	ခြောက်သွေ့ရန်		to be dry (rice)	
389	duck	1360	DUCK	duck	duck	ᴅᴜᴄᴋ	4		fauna	A water bird with a broad, flat bill and webbed feet that typically lives near ponds or rivers.	アヒル	बत्ख		鸭子	ဘဲ			
805	durable:to.be	–	–	to be durable	durable	ᴅᴜʀᴀʙʟᴇ	5			To last for a long time without breaking, wearing out, or being destroyed.		टिकाऊ होना		耐用	တာရှည်ခံဖို့			
390	dusk..just.after.sunset	2297	DUSK	dusk (just after sunset)	dusk	ᴅᴜꜱᴋ	4			The period of time immediately after the sun has gone below the horizon but before it is completely dark.		अंधेरा		黄昏	နေဝင်ရီတရော		dusk, twilight (after sunset)	
391	dust	2	DUST	dust	dust	ᴅᴜꜱᴛ	4			Fine, dry particles of matter that are carried in the air or settle on surfaces.	埃	धूल		灰尘	ဖုန်မှုန့်		dust	
872	dye:to	157	DYE	to dye	dye	ᴅʏᴇ	5			To change the color of a material, such as fabric or hair, by soaking it in a liquid or applying a colored substance.		रंग लगाना		染色	ဆေးဆိုးရန် သို့မဟုတ် ဆေးသုတ်ရန်		to dye (cloth)	
123	ear	1247	EAR	ear	ear	ᴇᴀʀ	3		body parts	The organ on the side of the head used for hearing.	耳	कान		耳朵	နား		ear	ear/hear
572	ear::lobe	18	EARLOBE	earlobe	earlobe	ᴇᴀʀʟᴏʙᴇ	5		body parts	The soft, fleshy lower part of the external ear located below the ear canal.		कान का झुमका		耳垂	နားအူ			
392	ear::ring			earring	earring	ᴇᴀʀʀɪɴɢ	4			An ornament worn on the earlobe or through a piercing in the ear.								
124	earth..area.or.plot	1228	EARTH (SOIL)	earth (area or plot)	earth	ᴇᴀʀᴛʜ	3			The top layer of the ground consisting of dirt or soil, often used for planting or building.								earth
574	earthquake	6	EARTHQUAKE	earthquake	earthquake	ᴇᴀʀᴛʜꞯᴜᴀᴋᴇ	5			A sudden shaking or movement of the ground caused by tectonic forces or volcanic activity.		भूकंप		地震	ငလျင်			
125	east	1877	EAST	east	east	ᴇᴀꜱᴛ	3			The direction where the sun rises in the morning.	東	पूर्व		东	အရှေ့		east	
444	easy:to.be	686	EASY	to be easy	easy	ᴇᴀꜱʏ	4			To require little effort or difficulty to do or complete.	易しい	आसान होना		容易	လွယ်ကူစေရန်		to be easy	
285	eat:.hard:to	1336	EAT	to eat	eat	ᴇᴀᴛ	3		verbs	To take food into the mouth, chew it, and swallow it.		खाना खाना		吃	စားရန်			eat
286	eat:.soft:to	1336	EAT	to eat	eat	ᴇᴀᴛ	3		verbs	To take food into the mouth, chew it, and swallow it for nourishment.		खाना खाना		吃	စားရန်			eat
576	eel	–	–	eel	eel	ᴇᴇʟ	5		fauna	A long, thin, snake-like fish that lives in water.		बाम		鳗鱼	ငါးရှဉ့်			
578	egg::shell	3857	EGGSHELL	eggshell	eggshell	ᴇɢɢꜱʜᴇʟʟ	5		body parts	The hard, outer covering of an egg that protects the inside.		अंडे की खुरदनी		蛋壳	ကြက်ဥအခွံ		eggshell	
126	egg..general	744	EGG	egg (general)	egg	ᴇɢɢ	3		body parts	An oval or round object produced by a bird, reptile, or fish, which contains a developing embryo and a yolk.	卵	चिड़िया का अंडा		鸟蛋	ငှက်ဥ		egg	egg
577	eggplant..brinjal	1146	AUBERGINE	eggplant (brinjal)	eggplant	ᴇɢɢᴘʟᴀɴᴛ	5		flora	A fleshy, edible fruit that grows on a plant, often shaped like an oval or a sphere, and is typically purple or dark in color.	なすび	बैंगन		茄子	ခရမ်းသီး		eggplant (fruit)	
395	elephant	1290	ELEPHANT	elephant	elephant	ᴇʟᴇᴘʜᴀɴᴛ	4		fauna	A large, heavy mammal with a long trunk and large tusks.	象	हाथी		大象	ဆင်		elephant	
580	elephant.tusk	3280	TUSK	elephant tusk	elephant.tusk	ᴇʟᴇᴘʜᴀɴᴛ.ᴛᴜꜱᴋ	5		body parts	A long, hard, white tooth that grows outside the mouth of an elephant.		हाथी दांत		长牙	စွယ်		elephant tusk	
582	embankment	–	–	embankment	embankment	ᴇᴍʙᴀɴᴋᴍᴇɴᴛ	5			An artificial wall or mound of earth or stone built up to hold back water or to raise the level of a road or railway.		तलाब का बांध		堤	တာတမံ			
396	embers	67	EMBERS	embers	embers	ᴇᴍʙᴇʀꜱ	4			The small, glowing pieces of wood or coal that remain in a fire after the flames have gone out.								
471	embrace..hug:to	928	EMBRACE	to embrace (hug)	embrace	ᴇᴍʙʀᴀᴄᴇ	4			To wrap one's arms around a person's body to show affection or greeting.		गले लगाना		拥抱	ထွေးပွေ့ရန်		embrace, hug (v)	
287	emerge:to	1076	EMERGE (APPEAR)	to emerge	emerge	ᴇᴍᴇʀɢᴇ	3			To move from a hidden or internal place into view.		उभरना		浮现	ပေါ်ထွက်လာရန်			emerge
445	empty:to.be	1624	EMPTY	to be empty	empty	ᴇᴍᴘᴛʏ	4			To contain nothing inside; to have no objects or substances within a container or space.	空っぽの	खाली होना		空	ဗလာဖြစ်		(be) empty	
583	enemy	1358	ENEMY	enemy	enemy	ᴇɴᴇᴍʏ	5			A person or group that is a rival or an opponent in a conflict, war, or fight.	敵	दुश्मन		敌人	ရန်သူ		enemy	
806	enough!sufficient:to.be	1881	ENOUGH	to be enough, sufficient	enough	ᴇɴᴏᴜɢʜ	5			To be as much as is required or needed for a particular purpose.		काफी होना		足够	လုံလောက်တယ်၊ လုံလောက်တယ်။		enough	
472	enter:to	749	ENTER	to enter	enter	ᴇɴᴛᴇʀ	4		verbs	To move from the outside to the inside of a place, such as a room, a building, or a container.	入る	अंदर जाना		进入	ဝင်ရန်		to enter (house)	
807	equal:to.be	1570	EQUAL	to be equal	equal	ᴇꞯᴜᴀʟ	5			To have the same size, amount, value, or quality as something else.		समान होना		相等	ပမာဏ ညီမျှစေရန်		(be) equal	
873	erect:to	1840	BUILD	to erect	erect	ᴇʀᴇᴄᴛ	5			To construct or build a structure, such as a house, a wall, or a monument, by putting parts together.		खड़े होना		直立	တည့်မတ်ရန်		build	
397	ereyesterday	1180	DAY BEFORE YESTERDAY	ereyesterday	ereyesterday	ᴇʀᴇʏᴇꜱᴛᴇʀᴅᴀʏ	4			The day that occurred two days before today.	おととい	परसों		前天	မနေ့က		day before yesterday	
398	evening	1629	EVENING	evening	evening	ᴇᴠᴇɴɪɴɢ	4			The period of time at the end of the day, occurring after the afternoon and before the night.	夕方	शाम		晚上	ညနေ			
584	evening.star	3341	EVENING STAR	evening star	evening.star	ᴇᴠᴇɴɪɴɢ.ꜱᴛᴀʀ	5			The largest and brightest planet visible in the sky during the period after sunset.								
585	every..each	3416	EVERY (EACH)	every (each)	every	ᴇᴠᴇʀʏ	5			A single member of a group, considered one by one, rather than the group as a whole.		हर		每个	တစ်ခုချင်းစီ၊ တိုင်း			
874	exchange:to	2509	EXCHANGE	to exchange	exchange	ᴇxᴄʜᴀɴɢᴇ	5			To give something to another person and receive something else in return.		विनिमय		交换	လဲလှယ်ရန်		to exchange	
875	explode:to	3976	EXPLODE	to explode	explode	ᴇxᴘʟᴏᴅᴇ	5			To burst or shatter suddenly and violently, often with a loud noise, due to internal pressure.		फटना		爆炸	မီးထဲတွင် ဝါးကဲ့သို့ ပေါက်ကွဲသည်။			
288	extinguish..fire:to	127	EXTINGUISH	to extinguish (fire)	extinguish	ᴇxᴛɪɴɢᴜɪꜱʜ	3		verbs	To make a fire stop burning by using water, sand, or by smothering it.	火を消す	बुझाना		熄灭	ငြိမ်းအေးရန်		to extinguish (fire)	extinguish
5	eye	1248	EYE	eye	eye	ᴇʏᴇ	1		body parts	The organ on the face used for seeing and perceiving light.	目	आँख		眼睛	မျက်လုံး		eye	eye
399	eye::brow	1173	EYEBROW	eyebrow	eyebrow	ᴇʏᴇʙʀᴏᴡ	4		body parts	The strip of hair growing on the bone above the eye.	まゆげ	भौं		眉毛	မျက်ခုံးမွေး		eyebrow	
586	eye::lash	1540	EYELASH	eyelash	eyelash	ᴇʏᴇʟᴀꜱʜ	5		body parts	A single hair growing along the edge of the eyelid.	まつげ	पलक की झपकी		睫毛	မျက်တောင်		eyelash	
400	eye::lid	17	EYELID	eyelid	eyelid	ᴇʏᴇʟɪᴅ	4		body parts	The skin that covers and protects the eye, which can be raised or lowered.	まぶた	पलक		眼皮	မျက်ခွံ		eyelid	
710	eye.:pupil	1658	PUPIL	pupil	pupil	ᴘᴜᴘɪʟ	5		body parts	The black, circular opening in the center of the eye.		पुपिल		瞳孔	မျက်စိ၏ကျောင်းသား			
401	face	1560	FACE	face	face	ꜰᴀᴄᴇ	4		body parts	The front part of a person's head, including the eyes, nose, mouth, and ears.	顔	चेहरा		脸	မျက်နှာ		face	
402	faeces..excrement	675	FAECES (EXCREMENT)	faeces (excrement)	faeces	ꜰᴀᴇᴄᴇꜱ	4			The waste matter that is discharged from the body through the anus after digestion.	d						excrement	
289	fall..of.objects:to	1280	FALL	to fall (of objects)	fall	ꜰᴀʟʟ	3			To move downward from a higher position to a lower position due to gravity.	落ちる	गिरना		落下	အရွက်များကဲ့သို့ ကြွေကျခြင်း၊		to fall (from a height)	fall (from a height)
808	false:to.be	3069	FALSE	to be false	false	ꜰᴀʟꜱᴇ	5			To not be true or correct; to be contrary to the facts or reality.		गलत होना		错误的	မှားသည်ဖြစ်စေ မှားသည်ဖြစ်စေ			
403	family..household	194	FAMILY	family (household)	family	ꜰᴀᴍɪʟʏ	4			A group of people who live together in the same house and are related by blood, marriage, or adoption.	家族	परिवार		家庭	မိသားစု		family	
237	far:to.be	1406	FAR	to be far	far	ꜰᴀʀ	3			To be at a great distance in space or time, rather than being near or close.	遠い	दूर		远	ဝေးဖို့		to be far (village many miles away)	far
446	fast:to.be	1631	FAST	to be fast	fast	ꜰᴀꜱᴛ	4			To move or happen at a high speed, covering a distance in a short amount of time.	速い	तेज		快	မြန်တယ်၊ မြန်တယ်။		to be fast	
238	fat:to.be	1279	FAT (OBESE)	to be fat	fat	ꜰᴀᴛ	3			To have an excess of body flesh or fat, such that the body appears large or heavy.	太った, 太い	मोटा		肥	အဆီကျဖို့		to be fat (person)	fat
128	fat..substance	323	FAT (ORGANIC SUBSTANCE)	fat (substance)	fat	ꜰᴀᴛ	3			An oily, greasy substance found in animal or plant bodies used for energy or cooking.								fat/grease
51	father	1217	FATHER	father	father	ꜰᴀᴛʜᴇʀ	2			A male parent.	父	पिता		父亲	အဖေ		father	
290	fear:to	1419	FEAR (BE AFRAID)	to fear	fear	ꜰᴇᴀʀ	3			To experience a strong, unpleasant emotion caused by the presence or possibility of danger, harm, or a threat.	恐れる	डरना		害怕	ကြောက်ဖို့ကောင်းတယ်။		fear (n)	fear/frighten
129	feather	1201	FEATHER	feather	feather	ꜰᴇᴀᴛʜᴇʀ	2		body parts	A single, light part of a bird's body covering that is used for flight or warmth.	羽毛	पंख		羽毛	အမွေး		feather (body hair)	
876	feed..infant:to	739	FEED	to feed (infant)	feed	ꜰᴇᴇᴅ	5			To give food or milk to a very young child or baby.		खिलाना		喂	ကျွေးဖို့		feed (animals)	
404	fence	1690	FENCE	fence	fence	ꜰᴇɴᴄᴇ	4			A structure made of wood, metal, or stone that surrounds an area of land or a building to mark a boundary or provide security.		बाड़		围栏	ခြံစည်းရိုး		fence (n)	
291	ferment..alcohol:to			to ferment (alcohol)	ferment	ꜰᴇʀᴍᴇɴᴛ	3			To undergo a chemical process where sugars are converted into alcohol by yeast, often resulting in a beverage.								
130	festival	131	FESTIVAL	festival	festival	ꜰᴇꜱᴛɪᴠᴀʟ	3			A large, organized public celebration or social gathering, often involving traditional rituals, music, or food, held on a specific day or period.	祭	त्योहार		节日	ပွဲတော်			
886	fever:to.have	1534	FEVER	to have fever	fever	ꜰᴇᴠᴇʀ	5			To have a body temperature that is higher than normal.		बुखार होना		发烧	အဖျားရှိရန်		fever (not malaria)	
447	few..in.number:to.be	1242	FEW	to be few (in number)	few	ꜰᴇᴡ	4			To exist in a small quantity or a small number of individuals, rather than a large amount.	少ない	कुछ		少	အနည်းငယ်ဖြစ်ရန်		to be few (people)	
161	field:jhum	2794	FIELD (UPLAND)	jhum field	jhum.field	ᴊʜᴜᴍ.ꜰɪᴇʟᴅ	3			A piece of land used for farming that is created by cutting down forest vegetation and burning it.	焼畑	झुम का खेत		烧林放牧	ခုတ်ထစ်ခြင်းနှင့် မီးရှို့ခြင်းအကွက်		dry (burned) field	swidden
198	field:paddy	140	PADDY FIELD	paddy field	paddy.field	ᴘᴀᴅᴅʏ.ꜰɪᴇʟᴅ	3			A piece of land covered in water where rice is grown.		धान का खेत		水稻田	လယ်ကွင်း		wet rice field	irrigated paddy field
588	field..general	212	FIELD	field (general)	field	ꜰɪᴇʟᴅ	5			An area of land used for growing crops or for grazing animals.	田畑	खेत		田地	လယ်ကွင်း			field
52	finger	1303	FINGER	finger	finger	ꜰɪɴɢᴇʀ	2		body parts	The long, slender part of a hand located between the palm and the tip.	指	उंगली	আঙুল	手指	လက်ညှိုး		finger	finger/toe
131	finger::nail	1258	FINGERNAIL	fingernail	fingernail	ꜰɪɴɢᴇʀɴᴀɪʟ	3		body parts	The hard, protective plate located at the very tip of a finger.	爪	नाखून		指甲	လက်သည်း		fingernail	
225	finger.:thumb	1781	THUMB	thumb	thumb	ᴛʜᴜᴍʙ	3			The short digit of the human hand, located next to the fingers.		अंगूठा	আঙুঠ	拇指	လက်မ		thumb	
6	fire	221	FIRE	fire	fire	ꜰɪʀᴇ	1			The heat and light produced when something burns.	火	आग		火	မီး		fire	fire
406	fire::place..hearth	185	FIREPLACE	fireplace (hearth)	fireplace	ꜰɪʀᴇᴘʟᴀᴄᴇ	4			A structure, often made of stone or brick, used for containing a fire for warmth or cooking inside a building.		चूल्हा		炉灶	မီးဖို		fireplace	
592	fire::place.shelf	–	–	fireplace shelf	fireplace.shelf	ꜰɪʀᴇᴘʟᴀᴄᴇ.ꜱʜᴇʟꜰ	5			A flat, horizontal surface attached to a wall above a hearth or a place for making a fire.		मंडप		炉架	မီးဖိုထက်တွင် စင် သို့မဟုတ် စင်			
132	fire::wood	10	FIREWOOD	firewood	firewood	ꜰɪʀᴇᴡᴏᴏᴅ	3			Wood or other organic material that is used as fuel for making a fire.	薪	लकड़ी		柴火	ထင်း		firewood	
405	firefly	206	FIREFLY	firefly	firefly	ꜰɪʀᴇꜰʟʏ	4		fauna	A small insect that flies at night and produces a light from its body.		जुगनू		萤火虫	ပိုးစုန်းကြူး			
809	first:to.be	728	FIRST	to be first	first	ꜰɪʀꜱᴛ	5			To occupy the earliest position in a sequence, a list, or a race.	最初に	पहला		第一	ပထမ		(be) first	
133	fish	227	FISH	fish	fish	ꜰɪꜱʜ	3		fauna	An aquatic animal that breathes through gills and lives in water.	魚	मछली		鱼	ငါး		fish (v)	fish
854	fish:to.catch	2638	FISHING	to catch fish	catch.fish	ᴄᴀᴛᴄʜ.ꜰɪꜱʜ	5			To capture or trap aquatic animals such as fish from a body of water.	釣る							
596	flame	889	FLAME	flame	flame	ꜰʟᴀᴍᴇ	5			The visible, glowing part of a fire caused by burning fuel.		ज्वाला		火焰	မီးတောက်		flame	
239	flat:to.be	1633	FLAT	to be flat	flat	ꜰʟᴀᴛ	3			To have a smooth, even surface without any bumps, curves, or raised parts.	平たい	समतल		平的	ပြားချပ်		(be) flat	
408	flea	232	FLEA	flea	flea	ꜰʟᴇᴀ	4		fauna	A small, wingless, jumping insect that lives as a parasite on the skin of mammals or birds and sucks their blood.	蚤	उम्मड़		跳蚤	လှေး၊		flea	
292	flee..run.away:to	956	FLEE	to flee (run away)	flee	ꜰʟᴇᴇ	3			To run or move quickly away from a place or a person, often because of danger, fear, or a desire to avoid being caught.	逃げる	भागना		奔跑 / 逃跑	ပြေး၊ ပြေး		flee, run away from	run/flee
877	float:to	1574	FLOAT	to float	float	ꜰʟᴏᴀᴛ	5			To rest or move on the surface of a liquid without sinking.	浮かぶ	तैरना		漂浮	မျှော			
473	flood:to	–	–	to flood	flood	ꜰʟᴏᴏᴅ	4			To have a large amount of water cover an area of land that is usually dry.		बाढ़		洪水	ရေလွှမ်းမိုး			
597	floor	1632	FLOOR	floor	floor	ꜰʟᴏᴏʀ	5			The flat, horizontal surface of a room or a building that people walk upon.		मंज़िल		地板	ကြမ်းပြင်		floor	
474	flow..of.water:to	2003	FLOW	to flow (of water)	flow	ꜰʟᴏᴡ	4			To move continuously in a stream or current, such as a river or water from a tap.		बहना		流	စီးဆင်းရန်၊ ရေ		to flow (river)	
7	flower	239	FLOWER	flower	flower	ꜰʟᴏᴡᴇʀ	1		flora	The reproductive part of a plant, often colorful and fragrant, used for making seeds.	花	फूल		花	ပန်း		flower	flower
536	flower.:bud	1684	BUD	bud	bud	ʙᴜᴅ	5		flora	A small, undeveloped part of a plant that will grow into a leaf or a flower.		कली		花蕾	ပန်းဖူး		bud	
87	fly:to	1441	FLY (MOVE THROUGH AIR)	to fly	fly	ꜰʟʏ	2			To move through the air using wings or by means of flight.	飛ぶ	उड़ना		飞	ပျံသန်းရန်			fly
135	fog..mist	249	FOG	fog (mist)	fog	ꜰᴏɢ	3			A thick cloud of tiny water droplets suspended in the air near the ground that makes it difficult to see clearly.	霧	कोहरा		雾	မြူ၊ မြူ		mist/fog	
475	fold:to	1470	FOLD	to fold	fold	ꜰᴏʟᴅ	4			To bend something, such as a piece of cloth or paper, so that one part lies on top of another.	折る	मोड़ना		折叠	ခေါက်ရန်၊ အထည်		fold (v)	
878	follow:to	1085	FOLLOW	to follow	follow	ꜰᴏʟʟᴏᴡ	5			To move behind or after someone or something that is going in the same direction.		अनुसरण करना		跟随	လိုက်နာရန်		follow	
601	foot::print	318	FOOTPRINT	footprint	footprint	ꜰᴏᴏᴛᴘʀɪɴᴛ	5			The mark or shape left on a surface by a human foot or footgear.		पादचिह्न		足迹	ခြေရာ		footprint (human)	
626	foot.:heel	980	HEEL	heel	heel	ʜᴇᴇʟ	5		body parts	The back part of a human foot, located below the ankle.	かかと	एड़ी		脚后跟	ဖနောင့်		heel	
410	forest	420	FOREST	forest	forest	ꜰᴏʀᴇꜱᴛ	4			A large area of land covered with many trees and thick vegetation.	森	जंगल		森林	တော၊ တော		jungle/forest	
293	forget:to	1523	FORGET	to forget	forget	ꜰᴏʀɢᴇᴛ	3			To fail to remember a piece of information or a past event.	忘れる	भूलना		忘记	မေ့			forget
879	forgive:to	1528	FORGIVE	to forgive	forgive	ꜰᴏʀɢɪᴠᴇ	5			To stop feeling angry or resentful toward someone who has done something wrong or caused harm.	許す	माफ़ करना		原谅	ခွင့်လွှတ်ပါ။			
137	fowl	265	FOWL	fowl	fowl	ꜰᴏᴡʟ	3		fauna	A bird that is kept on a farm for its meat or eggs.								fowl
411	fox	1312	FOX	fox	fox	ꜰᴏx	4		fauna	A small, wild carnivorous mammal with a pointed snout, a bushy tail, and a reddish-brown coat.	狐	लोमड़ी		狐狸	မြေခွေး			
412	freckle	530	FRECKLE	freckle	freckle	ꜰʀᴇᴄᴋʟᴇ	4		body parts	A small, dark spot or mark on the skin, often caused by sun exposure.								
607	friend	1325	FRIEND	friend	friend	ꜰʀɪᴇɴᴅ	5			A person whom one knows well and likes, often involving a relationship of mutual affection or trust rather than a family member.	友人	दोस्त		朋友	သူငယ်ချင်း		friend	
138	frog	503	FROG	frog	frog	ꜰʀᴏɢ	3			An amphibian with smooth, moist skin and long hind legs used for jumping.	蛙	मेंढक		青蛙	ဖား		frog	frog
8	fruit	1507	FRUIT	fruit	fruit	ꜰʀᴜɪᴛ	1		flora	The fleshy, edible part of a plant that contains seeds and grows from a flower.	実	फल		水果	အသီး		fruit (tree)	fruit
257	full.:satiated:to.be	106	SATIATED	to be satiated	satiated	ꜱᴀᴛɪᴀᴛᴇᴅ	3			To feel completely full or satisfied after eating or drinking, such that one cannot consume any more.	満腹である	भर जाना		饱	ပြည့်ဝ၊		to be full (after eating)	
240	full..container:to.be	1429	FULL	to be full (container)	full	ꜰᴜʟʟ	3			To contain as much as possible, such that no more can be added.	いっぱいの	भरा हुआ		满	ကွန်တိန်နာတစ်ခု၏အပြည့်		to be full (container)	full
608	garden	586	GARDEN	garden	garden	ɢᴀʀᴅᴇɴ	5			An area of land, often near a house, used for growing flowers, vegetables, or fruits.		बगीचा		花园	ဥယျာဉ်		garden	
609	garlic	2368	GARLIC	garlic	garlic	ɢᴀʀʟɪᴄ	5		flora	A bulbous plant used as a strong-smelling seasoning or spice in cooking.	ニンニク	लहसुन		大蒜	ကြက်သွန်ဖြူ		garlic	
610	gate	2940	GATE	gate	gate	ɢᴀᴛᴇ	5			A movable barrier used to close an opening in a wall, fence, or door.		दरवाज़ा		大门	ဂိတ်			
880	gather:to	7	GATHER	to gather	gather	ɢᴀᴛʜᴇʀ	5			To bring together or collect multiple items or people from different places into one group or pile.		इकट्ठा करना		收集	စုဆောင်းရန် သို့မဟုတ် စုဆောင်းရန်		gather	
611	ghost..of.deceased	1175	GHOST	ghost (of deceased)	ghost	ɢʜᴏꜱᴛ	5			The spirit or soul of a person who has died.		भूत		鬼魂	တစ္ဆေ		ghost (visible apparition)	
139	gibbon:.hoolock	2511	GIBBON	gibbon	gibbon	ɢɪʙʙᴏɴ	3		fauna	A small, slender-bodied ape that lives in trees and moves by swinging from branch to branch.		गिबन		长臂猿	မျောက်လွှဲကျော်		gibbon	
140	ginger	2500	GINGER	ginger	ginger	ɢɪɴɢᴇʀ	3		flora	A rhizome of a plant used as a spice or flavoring, characterized by a pungent taste and a light brown skin.	生姜	अदरक		姜	ဂျင်း		ginger	
88	give:to	1447	GIVE	to give	give	ɢɪᴠᴇ	2			To transfer possession of an object or a thing from oneself to another person.	与える	देना		给	ပေးရန်			give
294	go..general:to	695	GO	to go (general)	go	ɢᴏ	3			To move or travel from one place to another.	行く						go	
881	go..level:to	–	–	to go (level)	go	ɢᴏ	5			To move from a lower position to a higher position, such as climbing a hill or ascending stairs.								
882	go.around..circumvent:to	–	–	to go around (circumvent)	go.around	ɢᴏ.ᴀʀᴏᴜɴᴅ	5			To move in a circle or a curved path to avoid a central point or an obstacle.		घूमना		绕路	သွားပါ။			
295	go.downriver:to	–	–	to go downriver	go.downriver	ɢᴏ.ᴅᴏᴡɴʀɪᴠᴇʀ	3			To move in the direction that the water flows in a river.		ऊपर नदी में जाना		上游	အညာ			
296	go.upriver:to	–	–	to go upriver	go.upriver	ɢᴏ.ᴜᴘʀɪᴠᴇʀ	3			To move in the direction of the river's source, traveling against the flow of the water.		नीचे नदी में जाना		下游	မြစ်ထဲဆင်းဖို့			
612	goat..general	1502	GOAT	goat (general)	goat	ɢᴏᴀᴛ	5		fauna	A domesticated mammal with horns that is often kept on a farm for its milk or meat.	山羊	बकरी		山羊	ဆိတ်		goat	
613	goiter	1957	GOITER	goiter	goiter	ɢᴏɪᴛᴇʀ	5			A swelling of the neck caused by an enlargement of the thyroid gland.							goiter	
141	gold..metal	1369	GOLD	gold (metal)	gold	ɢᴏʟᴅ	3			A yellow, heavy, precious metal that is used to make jewelry or coins.	金	सोना		黄金	ရွှေ		gold	
142	gong	2502	GONG	gong	gong	ɢᴏɴɢ	3			A metal percussion instrument that is struck with a mallet to produce a loud, resonant sound.		घंटी		锣	ဂုံး		gong	
448	good:to.be	1035	GOOD	to be good	good	ɢᴏᴏᴅ	4			To have a positive or pleasing quality, or to be morally right and virtuous.	良い	अच्छा होना		好	ကောင်းဖို့		to be good	
614	goose	1187	GOOSE	goose	goose	ɢᴏᴏꜱᴇ	5		fauna	A large water bird with a long neck and webbed feet, often kept on a farm for its eggs or meat.		हंस		鹅	ဘဲငန်း			
615	gourd..general	411	GOURD	gourd (general)	gourd	ɢᴏᴜʀᴅ	5		flora	A hard-skinned fruit from a climbing plant, often used as a container or for food.		लौकी		葫芦	ဘူးသီး			
571	grain:ear.of	3244	EAR (OF GRAIN)	ear of grain	ear.of.grain	ᴇᴀʀ.ᴏꜰ.ɢʀᴀɪɴ	5		flora	The part of a cereal plant that contains the seeds or grains.		अनाज की खांड		谷粒	စပါးနှံ			
616	grain..general.term	605	GRAIN	grain (general term)	grain	ɢʀᴀɪɴ	5			A single, small, hard seed of a cereal plant, such as rice, wheat, or corn.		अनाज		谷物	စပါး			
414	granary	3657	GRANARY	granary	granary	ɢʀᴀɴᴀʀʏ	4			A structure or container used for storing harvested grain or rice.		अनाजखाना		粮仓	ကျီ		granary (to store rice)	
143	grandchild			grandchild	grandchild	ɢʀᴀɴᴅᴄʜɪʟᴅ	3			The offspring of a person's child.								
144	grandfather	1383	GRANDFATHER	grandfather	grandfather	ɢʀᴀɴᴅꜰᴀᴛʜᴇʀ	3		kinship	The male parent of one's mother or father.	祖父	दादा		爷爷	အဖိုး			
145	grandmother	1496	GRANDMOTHER	grandmother	grandmother	ɢʀᴀɴᴅᴍᴏᴛʜᴇʀ	3		kinship	The female parent of one's mother or father.	祖母	दादी		奶奶	အဖွား			
883	grasp..grab:to	–	–	to grasp (grab)	grasp	ɢʀᴀꜱᴘ	5			To seize or take hold of something firmly and suddenly with the hand.	とる	पकड़ना		抓	ဖမ်း၊ ဆုပ်ကိုင်			
146	grass	606	GRASS	grass	grass	ɢʀᴀꜱꜱ	3		flora	A green plant with narrow leaves that grows closely to the ground and covers fields or lawns.	草			草	မြက်		grass (field/jungle)	grass
617	grasshopper	607	GRASSHOPPER	grasshopper	grasshopper	ɢʀᴀꜱꜱʜᴏᴘᴘᴇʀ	5		fauna	An insect with a long body, large hind legs used for jumping, and often wings.		टिड्डी		蚂蚱	နှံကောင်		grasshopper	
147	grave!tomb	1773	GRAVE	grave, tomb	grave	ɢʀᴀᴠᴇ	3			A hole dug in the ground or a structure used for the burial of a dead body.	墓	कब्र		坟墓	သင်္ချိုင်း၊ သင်္ချိုင်း		gravel	
618	gravel	3028	GRAVEL	gravel	gravel	ɢʀᴀᴠᴇʟ	5			A collection of small, loose, hard pieces of rock or stone.		कंकड़		碎石	ကျောက်စရစ်			
297	grind:to	1033	GRIND	to grind	grind	ɢʀɪɴᴅ	3			To reduce a solid substance into smaller particles, powder, or a paste by rubbing it against a hard surface or between two stones.	すりつぶす						to grind	grind
620	group..of.people	–	–	group (of people)	group	ɢʀᴏᴜᴘ	5			A collection of several people who are together in one place or share a common purpose.		लोगों का समूह		人群	လူအုပ်စု			
884	grow..of.plants:to	479	GROW	to grow (of plants)	grow	ɢʀᴏᴡ	5			To increase in size or develop from a seed or sprout into a mature plant.	生える	उगना		生长	အပင်ကြီးထွားရန်			
621	guest	1782	GUEST	guest	guest	ɢᴜᴇꜱᴛ	5			A person who is invited to a home or a social gathering, or someone who stays temporarily at a place they do not live.		मेहमान		客人	ဧည့်သည်		guest, visitor	
415	gums	139	GUMS	gums	gums	ɢᴜᴍꜱ	4		body parts	The pink or reddish tissue that surrounds and covers the roots of the teeth.		मुंह की मसूड़े		牙龈	သွားဖုံးများ		gums	
622	gun	1566	GUN	gun	gun	ɢᴜɴ	5			A weapon that uses an explosion of powder to launch a projectile from a metal tube.	銃	बंदूक		枪	သေနတ်		gun	
149	hail..precipitation	609	HAIL	hail (precipitation)	hail	ʜᴀɪʟ	3			Small, hard balls of ice that fall from the sky during a storm.		बर्फ़ का गोला		冰雹	မိုးသီး		hail	
150	hair:body	580	FUR	body hair	body.hair	ʙᴏᴅʏ.ʜᴀɪʀ	3		body parts	The hair that grows on the skin of a human being.	毛			毛皮	တိရစ္ဆာန်သားမွေး			hair (body)
151	hair..of.head	2648	HAIR (HEAD)	hair (of head)	hair	ʜᴀɪʀ	3		body parts	The fine, thread-like strands that grow from the scalp on top of a person's head.	髪の毛	सिर के बाल		头发	ဦးခေါင်းဆံပင်		hair (head)	hair (head)
623	half..portion	816	HALF	half (portion)	half	ʜᴀʟꜰ	5			One of two equal parts into which a whole is divided.	半分	आधा		一半	တစ်ဝက်		half (quantity)	
625	hammer	1481	HAMMER	hammer	hammer	ʜᴀᴍᴍᴇʀ	5			A tool consisting of a heavy, weighted head on a handle, used for striking objects such as nails or metal.	槌	हथौड़ा		锤子	တူ		hammer	
519	hand:backside.of	–	–	backside of hand	backside.of.hand	ʙᴀᴄᴋꜱɪᴅᴇ.ᴏꜰ.ʜᴀɴᴅ	5		body parts	The surface of the hand that is not the palm.	手の甲	कर का पीछा		手背	လက်၏နောက်ကျော			
199	hand:palm.of	1183	PALM OF HAND	palm of hand	palm.of.hand	ᴘᴀʟᴍ.ᴏꜰ.ʜᴀɴᴅ	3		body parts	The inner surface of the hand between the wrist and the fingers.	手のひら	हथेली	হাতৰ তল	手掌	လက်ဖဝါး		palm	
594	hand.:fist	1473	FIST	fist	fist	ꜰɪꜱᴛ	5	CONCEPTICON has the meaning of understanding, i.e. to grast a concept.	body parts	A closed hand with the fingers curled into the palm and the thumb wrapped around them.	こぶし	मुट्ठी		拳头	လက်သီး		fist	
476	hang..something:to	2884	HANG	to hang (something)	hang	ʜᴀɴɢ	4			To attach an object from above so that it is suspended in the air and supported by a single point.	掛ける	लटकना		悬挂	ဆွဲထားရန်			
242	happy:to.be	1495	HAPPY	to be happy	happy	ʜᴀᴘᴘʏ	3			To feel or experience pleasure, joy, or contentment.	うれしい	खुश होना		开心	ပျော်ရွှင်ဖို့		(be) happy, (be) joyful	
449	hard..firm:to.be	1884	HARD	to be hard (firm)	hard	ʜᴀʀᴅ	4			To have a firm or solid texture that cannot be easily compressed or shaped by pressure.	固い	कठोर होना		硬	ပျော့ပျောင်းသည်မဟုတ်။		to be hard (rock)	
885	hate:to	1607	HATE	to hate	hate	ʜᴀᴛᴇ	5			To feel a strong, intense dislike or hostility toward a person, object, or idea.	嫌う，憎む	नफ़रत करना		憎恨	မုန်းဖို့		to hate	
9	head	1256	HEAD	head	head	ʜᴇᴀᴅ	1		body parts	The part of the body that contains the brain, eyes, nose, mouth, and ears, located at the very top of the neck.	頭	सिर		头	ခေါင်း		head	head
558	head.:crown:.of	–	–	crown	crown	ᴄʀᴏᴡɴ	5	CONCEPTICON has an apparent mismatch between the definition and the ID for 1943.	body parts	The top part of a human head.								
136	head.:forehead	123	FOREHEAD	forehead	forehead	ꜰᴏʀᴇʜᴇᴀᴅ	3		body parts	The part of the face above the eyes and below the hairline.	ひたい	माथा		前额	နဖူး		forehead	
518	head..occiput:back.of	523	BACK OF HEAD	back of head (occiput)	back.of.head	ʙᴀᴄᴋ.ᴏꜰ.ʜᴇᴀᴅ	5		body parts	The posterior part of the skull, located at the very back of the head.		बलदेव		枕部	ဦးခေါင်း၏ occiputal ဧရိယာ			
298	hear:to	1408	HEAR	to hear	hear	ʜᴇᴀʀ	3			To perceive sound through the ears.		सुनना		听	ကြားဖို့			ear/hear
55	heart	1223	HEART	heart	heart	ʜᴇᴀʀᴛ	2		body parts	The muscular organ inside the chest that pumps blood through the body.	心臓	दिल		心脏	နှလုံး		heart	heart
79	heavy:to.be	1210	HEAVY	to be heavy	heavy	ʜᴇᴀᴠʏ	2			To have a great weight or to be difficult to lift.	重い	भारी होना		重	လေးလံဖို့၊		to be heavy	heavy
887	help.someone:to	1897	HELP	to help someone	help.someone	ʜᴇʟᴘ.ꜱᴏᴍᴇᴏɴᴇ	5			To assist or provide aid to another person in order to complete a task or overcome a difficulty.	手伝う	मदद करना		帮助	ကူညီဖို့		help	
627	hide..oneself	2485	HIDE (ONESELF)	hide (oneself)	hide	ʜɪᴅᴇ	5			To move out of sight or place oneself in a location where one cannot be seen by others.	隠す	चिरा		饭团	ထမင်းထောင်း		to hide oneself	hide
243	high:to.be	1265	HIGH	to be high	high	ʜɪɢʜ	3			To be at or located at a great distance above the ground or a base level.	高い	उच्च होना		高	မြင့်မားရန်		(be) high	
628	hip	1745	HIP	hip	hip	ʜɪᴘ	5		body parts	The part of the human body located on each side of the lower abdomen, between the waist and the upper leg.		कूल्हा		臀部	တင်ပါးဆုံ		hip	
299	hit..something:to	1433	HIT	to hit (something)	hit	ʜɪᴛ	3			To strike or deliver a blow to something or someone with a hand, a tool, or an object.	殴る	मारना		打	ရိုက်နှက်ရန်			
152	hoe	284	HOE	hoe	hoe	ʜᴏᴇ	3			A hand tool used for digging or moving soil, consisting of a long handle with a metal blade at one end.	鍬						hoe (n)	
888	hold..in.hand:to	1448	HOLD	to hold (in hand)	hold	ʜᴏʟᴅ	5			To grasp or keep an object in one's hand or between the fingers.		पकड़ना		握住	လက်၌ကိုင်ထားရန်		hold	
629	hole..general	1667	HOLE	hole (general)	hole	ʜᴏʟᴇ	5			An empty space or opening in a solid object or surface.	穴	छेद		洞	အပေါက်		hole	
153	honey	942	HONEY	honey	honey	ʜᴏɴᴇʏ	3			A sweet, thick, yellowish liquid produced by bees from the nectar of flowers.	蜂蜜	शहद		蜜糖	ပျားရည်		honey	
630	hook	1071	HOOK	hook	hook	ʜᴏᴏᴋ	5			A curved tool used for catching fish or fastening things together.		कांटा		钩子	ချိတ်			
631	horizon	2287	HORIZON	horizon	horizon	ʜᴏʀɪᴢᴏɴ	5			The line where the earth or sea appears to meet the sky.		क्षितिज		地平线	မိုးကုပ်စက်ဝိုင်း			
56	horn..of.animal	1393	HORN (ANATOMY)	horn (of animal)	horn	ʜᴏʀɴ	2		body parts	A hard, pointed growth protruding from the head of certain animals, such as a cow or a goat.	角	सींग		角	ဦးချို		horn (of buffalo)	horn
619	hornbill:great	–	–	great hornbill	great.hornbill	ɢʀᴇᴀᴛ.ʜᴏʀɴʙɪʟʟ	5		fauna	A large, black bird with a massive yellow and black casque on its beak, commonly found in tropical forests.		बड़ा बेंटेली		大犀鸟	ငှက်ကြီး၊			
748	hornbill:small	–	–	small hornbill	small.hornbill	ꜱᴍᴀʟʟ.ʜᴏʀɴʙɪʟʟ	5		fauna	A bird with a large, curved beak and a prominent casque on top of its head, which is smaller than other species of this type.		मिट्टी		泥土	မြေဆီလွှာ			
154	hornbill..general	3260	HORNBILL	hornbill (general)	hornbill	ʜᴏʀɴʙɪʟʟ	3		fauna	A large tropical bird with a long, curved bill and a prominent casque on top of its head.		बेंटेली		犀鸟	ငှက်ငယ်		hornbill	
155	horse..general	615	HORSE	horse (general)	horse	ʜᴏʀꜱᴇ	3		fauna	A large, strong animal with four legs and a long mane, often used for riding or pulling heavy loads.	馬	घोड़ा		马	မြင်း		horse	horse
244	hot:to.be	1286	HOT	to be hot	hot	ʜᴏᴛ	3			To have a high temperature or to feel a high level of heat.	熱い							
811	hot..of.weather:to.be	3693	HOT WEATHER	to be hot (of weather)	hot	ʜᴏᴛ	5			To describe the state of the air or the environment when it has a high temperature.		गर्म होना  मौसम का		炎热	ရာသီဥတုပူ၊		hot weather [hot season]	
10	house	1252	HOUSE	house	house	ʜᴏᴜꜱᴇ	1			A permanent structure used as a place for people to live in.	家	घर		房子	အိမ်		house	house
416	housefly..common	1504	FLY (INSECT)	housefly (common)	housefly	ʜᴏᴜꜱᴇꜰʟʏ	4		fauna	A small flying insect with two wings that is commonly found near human dwellings and food.	蝿	मक्खी		家蝇	ယင်ကောင်		fly	
156	hummingbird			hummingbird	hummingbird	ʜᴜᴍᴍɪɴɢʙɪʀᴅ	3			A very small bird with rapidly beating wings that can hover in mid-air and feeds on the nectar of flowers.								
245	hungry:to.be	1533	BE HUNGRY	to be hungry	hungry	ʜᴜɴɢʀʏ	3			To feel a physical need or desire to eat food.	空腹である	भूख लगना		饥饿	ဆာလောင်မှုကိုခံစားရရန်		to be hungry	
300	hunt:to	1435	HUNT	to hunt	hunt	ʜᴜɴᴛ	3			To chase, catch, or kill wild animals for food or for sport.	猟をする	शिकार करना		狩猎	အမဲလိုက်ရန်		chase (v)	drive/hunt
632	husband	1200	HUSBAND	husband	husband	ʜᴜꜱʙᴀɴᴅ	5			A man who is married to a woman.	夫	पति		丈夫	ခင်ပွန်း		husband	
633	ice	617	ICE	ice	ice	ɪᴄᴇ	5			The solid, cold state of water that forms when the temperature falls below zero degrees Celsius.	氷							
477	ignite..something:to	737	LIGHT (IGNITE)	to ignite (something)	ignite	ɪɢɴɪᴛᴇ	4			To cause something to start burning or catch fire.	火をつける	जलना		点燃	မီးလောင်ရန်		light (fire) (v)	
246	ill..sick:to.be	1847	SICK	to be ill (sick)	ill	ɪʟʟ	3			To experience a state of poor health or a physical or mental ailment that prevents normal functioning.		बीमार होना		生病	နေမကောင်းဖြစ်ခြင်း။		(be) sick, (be) ill	ill
812	in.front.of:to.be	1883	IN FRONT OF	to be in front of	in.front.of	ɪɴ.ꜰʀᴏɴᴛ.ᴏꜰ	5			To be positioned at the front of something or someone, rather than behind or beside them.		सामने		在...前面	ရှေ့တွင်		in front of, before	
634	infection			infection	infection	ɪɴꜰᴇᴄᴛɪᴏɴ	5			A condition where a person or animal becomes ill because of bacteria, viruses, or other harmful germs entering the body.								
159	insect	620	INSECT	insect	insect	ɪɴꜱᴇᴄᴛ	3		fauna	A small animal that has six legs and often has wings.	虫	कीट		昆虫	ပိုးမွှား		insect	insect, bug, vermin
529	insect.:beetle	2242	BEETLE	beetle	beetle	ʙᴇᴇᴛʟᴇ	5		fauna	An insect with a hard, shell-like covering over its wings.								
913	instrument:to.play	3124	PLAY (INSTRUMENT)	to play instrument	play.instrument	ᴘʟᴀʏ.ɪɴꜱᴛʀᴜᴍᴇɴᴛ	5			To produce musical sounds by striking, blowing, plucking, or otherwise manipulating a musical tool.		संगीत बजाना		演奏音乐	သီချင်းဖွင့်ရန်		play instrument	
160	intestines	1991	INTESTINES	intestines	intestines	ɪɴᴛᴇꜱᴛɪɴᴇꜱ	3		body parts	The long, tube-like organs inside the abdomen that process food after it is swallowed.	腸	अंतःशोषक		肠子	အူ		intestines	guts
57	iron	621	IRON	iron	iron	ɪʀᴏɴ	2			A hard, heavy, dark grey metal used to make tools, weapons, or machinery.	鉄	लोहा		铁	သံ		iron	iron
636	island	622	ISLAND	island	island	ɪꜱʟᴀɴᴅ	5			A piece of land that is completely surrounded by water.	島	द्वीप		岛屿	ကျွန်း		island	
247	itchy:to.be	149	ITCHY	to be itchy	itchy	ɪᴛᴄʜʏ	3			To experience a sensation on the skin that makes one want to scratch.	かゆい	खुजली होना		痒	ယားတယ်။			itchy
637	jackal	3313	JACKAL	jackal	jackal	ᴊᴀᴄᴋᴀʟ	5		fauna	A wild canine that looks similar to a dog or a wolf, often found in open areas or forests and known for scavenging.		सियार		豺狼	မြေခွေး		jackal	
417	jaw	798	JAW	jaw	jaw	ᴊᴀᴡ	4		body parts	The part of the mouth consisting of the bone and teeth that allows for chewing and movement of the mouth.	あご	जबड़ा		下巴	မေးရိုး		jaw	
162	joint..skeletal	999	JOINT	joint (skeletal)	joint	ᴊᴏɪɴᴛ	3		body parts	The place where two bones meet and can move.		जोड़		关节	ခန္ဓာကိုယ်၏အဆစ်		joint	joint
638	jug	270	JUG	jug	jug	ᴊᴜɢ	5			A container with a narrow neck and a handle, used for holding and pouring liquids.		जग		壶	အိုး သို့မဟုတ် အိုး			
163	juice..of.fruit	1499	JUICE	juice (of fruit)	juice	ᴊᴜɪᴄᴇ	3			The liquid that is inside a fruit.		रस		果汁	ဖျော်ရည်		juice	medicine/juice
889	jump:to	1829	JUMP	to jump	jump	ᴊᴜᴍᴘ	5			To push oneself off the ground or a surface using the legs to move into the air.	跳ねる	कूदना		跳	ခုန်ရန်		jump (v)	
164	jungle	3808	JUNGLE	jungle	jungle	ᴊᴜɴɢʟᴇ	3			A dense, tropical forest area with thick vegetation and many trees.		मिट्टी		土壤	မြေဆီလွှာ			
566	jungle:dense			dense jungle	dense.jungle	ᴅᴇɴꜱᴇ.ᴊᴜɴɢʟᴇ	5			A forest area with very thick vegetation and many trees growing closely together.								
639	jute..plant!fibre	–	–	jute (plant, fibre)	jute	ᴊᴜᴛᴇ	5		flora	A plant used to make coarse cloth or rope from its strong fibers.		जूट		黄麻	ဂုန်လျှော်ပင်			
165	kalij.pheasant	3060	PHEASANT	kalij pheasant	kalij.pheasant	ᴋᴀʟɪᴊ.ᴘʜᴇᴀꜱᴀɴᴛ	3			A large, ground-dwelling bird with colorful plumage, often found in forests, belonging to the pheasant family.								
640	kapok	2499	KAPOK TREE	kapok	kapok	ᴋᴀᴘᴏᴋ	5		flora	A tree that produces soft, white, fluffy fibers used for stuffing.		सेमल		棉花	ခေါက်ရိုး		kapok	
890	keep:to	1477	KEEP	to keep	keep	ᴋᴇᴇᴘ	5			To retain possession of an object or to continue holding something in one's hands or control.		रखना		保留	ထိန်းသိမ်းရန်၊ ထိန်းသိမ်းရန်		keep, save	
891	kick..and.propel:to	1135	KICK	to kick (and propel)	kick	ᴋɪᴄᴋ	5			To strike or push something away using the foot.	蹴る	किक		踢	ကန်ဖို့			kick
301	kick..stationary.item:to	1135	KICK	to kick (stationary item)	kick	ᴋɪᴄᴋ	3			To strike a stationary object with the foot.	蹴る	लात मारना		踢	ကန်ဖို့			kick
302	kill:to	1417	KILL	to kill	kill	ᴋɪʟʟ	3			To cause a living thing to die by means of an action or injury.	殺す	मारना		杀	သတ်ရန်			kill
303	kiss:to			to kiss	kiss	ᴋɪꜱꜱ	3			To press one's lips against another person or an object as a sign of affection, greeting, or passion.								
892	kneel:to	66	KNEEL	to kneel	kneel	ᴋɴᴇᴇʟ	5			To rest on one or both knees instead of standing or sitting.		घुटने टेकना		跪	ဒူးထောက်ရန်		to kneel	
166	knife	1352	KNIFE	knife	knife	ᴋɴɪꜰᴇ	3			A sharp tool used for cutting or slicing things.	包丁	चाकू		刀	ဓား		knife/blade	
575	knife:edge.of	–	–	edge of knife	edge.of.knife	ᴇᴅɢᴇ.ᴏꜰ.ᴋɴɪꜰᴇ	5			The sharp side of a blade used for cutting.	刃	चाकू का काटना		刀刃	ဓားတစ်ချောင်း			
893	know..how:to	2238	KNOW HOW	to know (how)	know	ᴋɴᴏᴡ	5			To have the practical skill or ability to perform a specific task or activity.		कुछ करने का ज्ञान होना		会	တစ်ခုခုလုပ်နည်းသိရန်			
894	know..someone:to	2248	KNOW (SOMEBODY)	to know (someone)	know	ᴋɴᴏᴡ	5			To be acquainted with a person or to have a personal relationship with them.		कुछ जानना		知道	တစ်ခုခုသိဖို့			
304	know..something:to	1410	KNOW (SOMETHING)	to know (something)	know	ᴋɴᴏᴡ	3			To have information or knowledge about a specific fact, object, or situation in one's mind.	知る	कुछ समझना		理解	တစ်ခုခုကိုနားလည်ရန်			know
895	lack:to	2329	LACK (NOT HAVE)	to lack	lack	ʟᴀᴄᴋ	5			To not have something or to be without a specific thing that is needed or desired.		कुछ अभाव होना		缺乏	တစ်ခုခုချို့တဲ့ဖို့		lack (v)	
167	ladder..stairs	2689	LADDER OR STAIRS	ladder (stairs)	ladder	ʟᴀᴅᴅᴇʀ	3			A structure consisting of a series of steps or rungs used for climbing up or down between different levels.		सीढ़ियाँ		阶梯	လှေကားထစ်များ၊			
168	lake	624	LAKE	lake	lake	ʟᴀᴋᴇ	3			A large body of water that is surrounded by land.		झील		湖泊	ရေကန်		lake	
642	land..area	626	LAND	land (area)	land	ʟᴀɴᴅ	5			The solid part of the earth's surface that is not covered by water.		भूमि		土地	မြေဧရိယာ၊			
11	language	1307	LANGUAGE	language	language	ʟᴀɴɢᴜᴀɢᴇ	1			A system of sounds, words, and grammar used by a group of people to communicate.	ことば	भाषा		语言	ဘာသာစကား		language	
450	late:to.be	477	LATE	to be late	late	ʟᴀᴛᴇ	4			To arrive at a place or finish an action after the expected or scheduled time.		शाम होना		傍晚	နေ့ဘက်နောက်ကျမည်။		late	
305	laugh:to	1355	LAUGH	to laugh	laugh	ʟᴀᴜɢʜ	3			To make sounds and move the mouth or face in a way that shows amusement or joy.	笑う	हंसना		笑	ရယ်ဖို့			laugh
645	layer	–	–	layer	layer	ʟᴀʏᴇʀ	5			A single thickness or level of a material that is spread or placed over another surface.		तह		层	တစ်ခုခု၏အလွှာ			
813	lazy:to.be	1564	LAZY	to be lazy	lazy	ʟᴀᴢʏ	5			To be unwilling to work or exert effort; to lack the desire to be active or productive.	怠惰な	आलसी होना		懒	ပျင်းဖို့ကောင်းတယ်။		(be) lazy	
169	leaf..tree	628	LEAF	leaf (tree)	leaf	ʟᴇᴀꜰ	3		flora	The flat, often green part of a plant or tree that grows from a stem or branch.	葉	पत्ता		叶子	အရွက်		leaf (tree)	leaf
896	learn:to	504	LEARN	to learn	learn	ʟᴇᴀʀɴ	5			To acquire knowledge, skills, or information through study, practice, or experience.	学ぶ	सीखना		学	သင်ယူရန်		learn	
646	leather	629	LEATHER	leather	leather	ʟᴇᴀᴛʜᴇʀ	5			A material made from the skin of an animal that has been treated and prepared for use.		चमड़ा		皮革	သားရေ			
103	leech:aquatic	949	WATER LEECH	aquatic leech	aquatic.leech	ᴀꞯᴜᴀᴛɪᴄ.ʟᴇᴇᴄʜ	3		fauna	An aquatic worm-like creature that lives in water and attaches itself to animals or humans to suck their blood.	蛭	जल जुएँ		水蛭	ရေမျှော့		water leech	water leech
75	leech:terrestrial	2273	LEECH	terrestrial leech	terrestrial.leech	ᴛᴇʀʀᴇꜱᴛʀɪᴀʟ.ʟᴇᴇᴄʜ	2		fauna	An earth-dwelling, blood-sucking worm that lives on land rather than in water.	蛭	ज़मीनी जुएँ		陆寄生	ကုန်းနေ မျှော့		land leech	leech
170	left.side	244	LEFT	left side	left.side	ʟᴇꜰᴛ.ꜱɪᴅᴇ	3			The side of the body that is not the right side.	左	बाएं तरफ		左侧	ဘယ်ဘက်		left side	left side
358	leg.:ankle	803	ANKLE	ankle	ankle	ᴀɴᴋʟᴇ	4		body parts	The joint that connects the foot to the leg.	足首	टखना	পা তল	脚踝	ခြေချင်းဝတ်		ankle	
539	leg.:calf	498	CALF OF LEG	calf	calf	ᴄᴀʟꜰ	5		body parts	The back part of the lower leg between the knee and the ankle.	ふくらはぎ	टखना		小腿	ခြေသလုံး၏ခြေသလုံး		calf	
409	leg.:foot	1301	FOOT	foot	foot	ꜰᴏᴏᴛ	4		body parts	The part of the leg below the ankle that is used for standing and walking.	足	पैर		脚	ခြေ			foot
418	leg.:knee	1371	KNEE	knee	knee	ᴋɴᴇᴇ	4		body parts	The joint in the middle of the leg that allows it to bend.	ひざ	घुटना		膝盖	ဒူး		knee	
641	leg.:knee.pit	–	–	knee pit	knee.pit	ᴋɴᴇᴇ.ᴘɪᴛ	5		body parts	The hollow area on the back of the leg, located between the calf and the thigh.		घुटने की पीठ		膝弯	ဒူး၏နောက်ဘက်			
737	leg.:shin	186	SHIN	shin	shin	ꜱʜɪɴ	5		body parts	The front part of the lower leg between the knee and the ankle.		टांग की सामुद्रिक भाग		小腿	shin		shin	
775	leg.:thigh	800	THIGH	thigh	thigh	ᴛʜɪɢʜ	5		body parts	The part of the leg between the hip and the knee.	もも	जांघ		大腿	ပေါင်		thigh	
58	leg..lower.limb	2098	FOOT OR LEG	leg (lower limb)	leg	ʟᴇɢ	2			The part of the body between the hip and the ankle.								
814	level:to.be	–	–	to be level	level	ʟᴇᴠᴇʟ	5	different from CONCEPTICON		To be in a position where a surface is flat and horizontal, without any slopes, bumps, or curves.		समान		平坦	အဆင့်၊			
306	lick:to	319	LICK	to lick	lick	ʟɪᴄᴋ	3			To pass the tongue over a surface, often to taste something or to clean it.	舐める	चाटना		舔	စို့ရန်			lick
897	lie..decieve:to	601	LIE (MISLEAD)	to lie (decieve)	lie	ʟɪᴇ	5			To say something that is not true with the intention of tricking or deceiving someone.	嘘をつく	झूठ बोलना		撒谎	လိမ်ဖို့၊ လှည့်စားတယ်။		to lie/fib	
307	lie.down:to	215	LIE DOWN	to lie down	lie.down	ʟɪᴇ.ᴅᴏᴡɴ	3			To move from a standing or sitting position into a horizontal position on a surface.	横たわる	लेट जाना		躺下	အိပ်ရန်		lie down	sleep/lie down
898	lift:to	501	LIFT	to lift	lift	ʟɪꜰᴛ	5			To move something from a lower position to a higher position by applying force upward.		उठाना		举	လွှင့်တင်ရန်		bring up (a child)	
171	lightning..in.sky	1654	LIGHTNING	lightning (in sky)	lightning	ʟɪɢʜᴛɴɪɴɢ	3			A flash of bright light in the sky during a storm, often accompanied by thunder.		बिजली		闪电	လျှပ်စီးကြောင်း		lightning (flashing)	
80	lightweight:to.be	1052	LIGHT (WEIGHT)	to be lightweight	lightweight	ʟɪɢʜᴛᴡᴇɪɢʜᴛ	2			To have very little weight or mass.	軽い	हल्का होना		轻巧	ပေါ့ပါးစေရန်		to be light	lightweight
647	lime..betelnut	2540	LIME (MATERIAL)	lime (betelnut)	lime	ʟɪᴍᴇ	5			A white, powdery substance made from calcium hydroxide, often used as a component in chewing mixtures.	石灰	चूना		石灰	သံပုရာသီး (ပစ္စည်း)		lime (for betel chew)	
172	lip..of.mouth	478	LIP	lip (of mouth)	lip	ʟɪᴘ	3			The fleshy, flexible edges of the mouth that surround the opening.	唇	होंठ		嘴唇	နှုတ်ခမ်း			
648	liquid	58	LIQUID	liquid	liquid	ʟɪꞯᴜɪᴅ	5			A substance that flows freely and takes the shape of its container, such as water or oil, rather than being a solid or a gas.		तरल		液体	အရည်			
308	listen:to	1608	LISTEN	to listen	listen	ʟɪꜱᴛᴇɴ	3			To direct one's attention toward a sound in order to hear it.	聞く							
173	liver	1224	LIVER	liver	liver	ʟɪᴠᴇʀ	3		body parts	The large, dark reddish-brown organ in the abdomen that filters blood and aids in digestion.	肝臓	जिगर		肝脏	အသည်း		liver	liver
661	lizard:monitor	3017	MONITOR LIZARD	monitor lizard	monitor.lizard	ᴍᴏɴɪᴛᴏʀ.ʟɪᴢᴀʀᴅ	5		fauna	A large, heavy-bodied reptile with a long tail and a pointed snout, often found near water.		गोह		霸王龙	မျောက်တွေကို စောင့်ကြည့်ပါ။		monitor lizard	
649	lizard..general	632	LIZARD	lizard (general)	lizard	ʟɪᴢᴀʀᴅ	5		fauna	A reptile with a long body, four legs, and a tail, often found in warm environments or near human dwellings.	トカゲ	छिपकली		蜥蜴	အိမ်မြှောင်		house lizard	
650	locust	810	LOCUST	locust	locust	ʟᴏᴄᴜꜱᴛ	5		fauna	A large, jumping insect that often travels in massive groups and can destroy crops.		टिड्डी		蝗虫	ကျိုင်းကောင်		locust	
651	log	–	–	log	log	ʟᴏɢ	5			A piece of wood that has been cut from a tree, typically in a cylindrical shape.		लॉग		圆木	မှတ်တမ်း			
248	long:to.be	1203	LONG	to be long	long	ʟᴏɴɢ	3			To have a great distance from one end to the other, rather than being short.	長い	लम्बा		长	ရှည်		to be long	long/tall
899	look.at:to	1819	LOOK	to look at	look.at	ʟᴏᴏᴋ.ᴀᴛ	5			To direct one's eyes toward a specific object, person, or place.		कुछ देखना		看	တစ်ခုခုကိုကြည့်ဖို့		to look at	
900	look.for..seek:to	1468	LOOK FOR	to look for (seek)	look.for	ʟᴏᴏᴋ.ꜰᴏʀ	5			To search for something or someone that is lost or needed.	探す	खोजना		寻找	ရှာရန်		look for	
174	loom:backstrap	–	–	backstrap loom	backstrap.loom	ʙᴀᴄᴋꜱᴛʀᴀᴘ.ʟᴏᴏᴍ	3			A tool used for weaving fabric where one end is tied to a fixed object and the other end is secured around the waist of the weaver to provide tension.		तकिया		织布机	ရက်ကန်းစင်			
815	loose:to.be	2506	LOOSE	to be loose	loose	ʟᴏᴏꜱᴇ	5			To be in a state where something is not tight, fixed, or firmly attached.	ゆるい	ढीला होना		松	ချောင်		to be loose	
478	lose..something:to	–	–	to lose (something)	lose	ʟᴏꜱᴇ	4			To no longer have or possess something that was previously held or owned.	失う	हारना		丢失	ဆုံးရှုံးရန်			
451	lost:to.be	3667	LOST	to be lost	lost	ʟᴏꜱᴛ	4			To be unable to find one's way or to be unable to return to a known location.							(be) lost	
816	loud:to.be	377	LOUD	to be loud	loud	ʟᴏᴜᴅ	5			To produce a high volume of sound that is easily heard.		उच्छ्रण होना		大声	အသံကျယ်ဖို့			
12	louse..head	1392	LOUSE	louse (head)	louse	ʟᴏᴜꜱᴇ	1		fauna	A small, parasitic insect that lives on a human scalp and feeds on blood.	虱	जूं		虱子	ကြွက်			louse
309	love:to	923	LOVE	to love	love	ʟᴏᴠᴇ	3			To feel a strong sense of affection, deep liking, or emotional attachment toward a person, animal, or thing.		प्यार करना		爱	ချစ်ဖို့		to love	
652	lung	688	LUNG	lung	lung	ʟᴜɴɢ	5			The organ in the chest used for breathing air into the body.	肺	फेफड़ा		肺	အဆုတ်		lung	
175	macaque:.stump.tailed	–	–	macaque	macaque	ᴍᴀᴄᴀꞯᴜᴇ	3			A small to medium-sized monkey with a short tail that is often found in forests or near human settlements in Asia.								
176	machete..dao	2680	MACHETE	machete (dao)	machete	ᴍᴀᴄʜᴇᴛᴇ	3			A large, heavy knife used as a tool for cutting vegetation or wood.		तलवार		砍刀	ဓားခုတ်		machete, cutlass	
680	man:old	406	OLD MAN	old man	old.man	ᴏʟᴅ.ᴍᴀɴ	5			A male human who is in the final stage of a human life cycle due to advanced age.		बुजुर्ग		老人	အဘိုးကြီး			
177	man..male.person	1554	MAN	man (male person)	man	ᴍᴀɴ	3			An adult human male.	男	मनुष्य		男人	လူ		man	
654	mango	2398	MANGO	mango	mango	ᴍᴀɴɢᴏ	5		flora	A large, fleshy tropical fruit with a single large stone or pit inside, often eaten ripe and sweet.	マンゴー	आम		芒果	သရက်သီး		mango (fruit)	
452	many:to.be	1198	MANY	to be many	many	ᴍᴀɴʏ	4			To exist in a large number or a great quantity rather than being one or a few.	多い	बहुत		许多	အများကြီး			
902	mark..something:to	–	–	to mark (something)	mark	ᴍᴀʀᴋ	5			To make a visible sign, scratch, or indentation on a surface to distinguish it or provide information.		निशान लगाना		标记	အမှတ်အသားလုပ်ဖို့			
419	market	633	MARKET	market	market	ᴍᴀʀᴋᴇᴛ	4			A place where people gather to buy and sell various goods and food.	市場	बाजार		市场	စျေးကွက်		market (n)	
903	marry:to	203	MARRY	to marry	marry	ᴍᴀʀʀʏ	5			To take a person as a spouse or partner in a formal or legal union.	結婚する	शादीशुदा होना		结婚	လက်ထပ်ရန်		marry	
178	mat	195	MAT	mat	mat	ᴍᴀᴛ	3			A flat piece of material, such as fabric, straw, or plastic, used as a floor covering or to sit upon.	ござ	चटाई		席子	ဖျာ		mat	
655	match..stick	1133	MATCH	match (stick)	match	ᴍᴀᴛᴄʜ	5			A small, thin piece of wood or cardboard that is ignited by friction to produce a flame.		माचिस		火柴	ပွဲစဉ်တစ်ခု			
179	meat..flesh	634	MEAT	meat (flesh)	meat	ᴍᴇᴀᴛ	3			The flesh of an animal used as food.	肉	मांस		肉	အသား		meat/flesh (edible)	meat/animal
180	medicine	1372	MEDICINE	medicine	medicine	ᴍᴇᴅɪᴄɪɴᴇ	3			A substance, such as a liquid, powder, or pill, used to treat an illness, cure a disease, or relieve pain.	薬	दवा		药	ဆေးဝါး		medicine	medicine/juice
904	meet..someone:to	1831	MEET	to meet (someone)	meet	ᴍᴇᴇᴛ	5			To come into the presence of a person or group of people, often by chance or by arrangement.	会う	मिलना		见面	တွေ့ဖို့			
905	mend:to	2243	REPAIR	to mend	mend	ᴍᴇɴᴅ	5			To restore something that is broken, torn, or damaged to a functional or whole state.		ठीक करना		修理	ပြုပြင်ရန် သို့မဟုတ် ပြုပြင်ရန်		mend, repair	
420	menstruation			menstruation	menstruation	ᴍᴇɴꜱᴛʀᴜᴀᴛɪᴏɴ	4			The monthly shedding of the lining of the uterus in a female, resulting in blood flowing from the body.								
656	metal	2244	METAL	metal	metal	ᴍᴇᴛᴀʟ	5			A hard, shiny material that is often used to make tools, containers, or jewelry and can be shaped by heat.		धातु		金属	သတ္တု			
657	midway	–	–	midway	midway	ᴍɪᴅᴡᴀʏ	5			The middle point or halfway mark between two locations or two objects.								
181	milk	635	MILK	milk	milk	ᴍɪʟᴋ	3			The white liquid produced by the mammary glands of mammals and used as food.	乳	दूध		牛奶	နို့			vagina or breast/milk
658	mill	636	MILL	mill	mill	ᴍɪʟʟ	5			A machine or device used to crush, grind, or crush grains, seeds, or other materials into a powder or smaller pieces.		आटा चक्की		磨坊	စပါးကြိတ်			
591	millet:finger	3265	FINGER MILLET	finger millet	finger.millet	ꜰɪɴɢᴇʀ.ᴍɪʟʟᴇᴛ	5		flora	A small, cereal grain used for food that grows on a stalk with several small, finger-like spikes.								
606	millet:foxtail	3266	FOXTAIL MILLET	foxtail millet	foxtail.millet	ꜰᴏxᴛᴀɪʟ.ᴍɪʟʟᴇᴛ	5		flora	A type of small-seeded cereal grain used as a food crop, often characterized by its long, slender seed heads.								
659	millet..general	931	MILLET	millet (general)	millet	ᴍɪʟʟᴇᴛ	5		flora	A small-seeded cereal grain used as a food staple, belonging to a group of grasses that includes varieties like pearl or finger millet.	きび	बाजरा		小米	ပြောင်းဆန်			
901	mistake:to.make	1293	MISTAKE	to make mistake	make.mistake	ᴍᴀᴋᴇ.ᴍɪꜱᴛᴀᴋᴇ	5			To perform an action incorrectly or to fail to do something as intended.		गलती करना		犯错误	အမှားလုပ်ရန်			
479	mix:to	2017	MIX	to mix	mix	ᴍɪx	4			To combine two or more separate substances or ingredients together so that they become a single mass or a uniform mixture.	混ぜる						mix (v)	
660	money	1559	MONEY	money	money	ᴍᴏɴᴇʏ	5			A medium of exchange used to purchase goods or services.	お金	पैसा		钱	ပိုက်ဆံ		money	
643	monkey.:langur	–	–	langur	langur	ʟᴀɴɢᴜʀ	5		fauna	A type of Old World monkey with a long tail, often found in forested areas of South and Southeast Asia.		लंगुर		叶猴	langur			
421	monkey..general	1350	MONKEY	monkey (general)	monkey	ᴍᴏɴᴋᴇʏ	4		fauna	A small or medium-sized primate that often lives in trees and has a long tail.	猿	बंदर		猴子	မျောက်		monkey	monkey
182	month	1370	MONTH	month	month	ᴍᴏɴᴛʜ	3			A period of time that is approximately thirty days long, used as a unit of time in a calendar.	月	माह		月份	လ		month	
13	moon	1313	MOON	moon	moon	ᴍᴏᴏɴ	1			The natural satellite that orbits the Earth and is visible in the night sky.	月	चांद		月亮	လ		moon	moon
413	moon:full	3690	FULL MOON	full moon	full.moon	ꜰᴜʟʟ.ᴍᴏᴏɴ	4			The phase of the lunar cycle when the entire visible surface of the natural satellite is illuminated by the sun.		पूर्णिमा		满月	လပြည့်		full moon	
624	moon:half	–	–	half moon	half.moon	ʜᴀʟꜰ.ᴍᴏᴏɴ	5			A shape of the celestial body that shines in the night sky, appearing as a curved sliver when only part of it is visible.		पृथ्वी		地球	ကမ္ဘာဂြိုဟ်			
426	moon:new	3691	NEW MOON	new moon	new.moon	ɴᴇᴡ.ᴍᴏᴏɴ	4			The phase of the lunar cycle when the moon is not visible in the night sky.		जमीन		地面	မြေပြင်		new moon	
422	morning	1339	MORNING	morning	morning	ᴍᴏʀɴɪɴɢ	4			The period of time from sunrise or dawn until midday or noon.	朝	सुबह		早上	မနက်ခင်း		mourning	
662	mortar	224	MORTAR	mortar	mortar	ᴍᴏʀᴛᴀʀ	5			A heavy, hollow container used for crushing or grinding substances such as grain or spices with a pestle.	臼	मोर्टार		研钵	ငရုတ်ဆုံ		mortar (for peppers)	mortar
423	morung..dormitory			morung (dormitory)	morung	ᴍᴏʀᴜɴɢ	4			A communal building used by young men for sleeping, social gatherings, and learning traditional customs.								
424	mosquito	1509	MOSQUITO	mosquito	mosquito	ᴍᴏꜱꞯᴜɪᴛᴏ	4		fauna	A small flying insect that sucks blood from humans and animals.	蚊	मच्छर		蚊子	ခြင်		mosquito	
663	moth	2828	MOTH	moth	moth	ᴍᴏᴛʜ	5		fauna	An insect with wings that is often active at night and is frequently attracted to artificial light.		तितली		蛾子	ပိုးဖလံ		moth	
14	mother	1216	MOTHER	mother	mother	ᴍᴏᴛʜᴇʀ	1			A female parent.	母	मां		母亲	အမေ		mother	
183	mountain	639	MOUNTAIN	mountain	mountain	ᴍᴏᴜɴᴛᴀɪɴ	3			A large natural elevation of the earth's surface that rises significantly above its surroundings.	山	पर्वत		山	တောင်		mountain	mountain
599	mountain:foot.of	2122	MOUNTAIN FOOT	foot of mountain	foot.of.mountain	ꜰᴏᴏᴛ.ᴏꜰ.ᴍᴏᴜɴᴛᴀɪɴ	5			The lowest part of a mountain or hill, where the slope meets the flat ground.		पहाड़ के पैर		山脚	တောင်ခြေရင်း			
548	mountain.:cliff	992	CLIFF	cliff	cliff	ᴄʟɪꜰꜰ	5			A steep, high rock face, often found at the edge of a mountain or near a body of water.	崖	उच्चखंड		悬崖	ချောက်ကမ်းပါး		cliff	
600	mountain.:foothills	–	–	foothills	foothills	ꜰᴏᴏᴛʜɪʟʟꜱ	5			The lower part of a mountain range, where the steep slopes begin to level out into flatter land.		पहाड़ियों के पादुका		丘陵	တောင်ခြေ			
746	mountain.:slope	3297	PRECIPICE OR SLOPE	slope	slope	ꜱʟᴏᴘᴇ	5			An inclined surface that is not level, such as a hill or a mountain side.		ढलान		坡	မြေပြင်၏စောင်း			
664	mountain.peak..summit	2205	PEAK	mountain peak (summit)	mountain.peak	ᴍᴏᴜɴᴛᴀɪɴ.ᴘᴇᴀᴋ	5			The highest point of a large natural elevation of the earth's surface.		पहाड़ की चोटी		山顶	တောင်ထိပ်		summit, highest point	
665	mountain.range	–	–	mountain range	mountain.range	ᴍᴏᴜɴᴛᴀɪɴ.ʀᴀɴɢᴇ	5			A series of connected mountains or hills that form a continuous chain.		पर्वत श्रृंखला		山脉	တောင်တန်း			
666	mountain.ridge	2123	MOUNTAIN RIDGE	mountain ridge	mountain.ridge	ᴍᴏᴜɴᴛᴀɪɴ.ʀɪᴅɢᴇ	5			A long, narrow elevated landform that forms the top part of a mountain range.		पहाड़ की ऊँची ढलान		山脊	တောင်ကြော			
667	mouse	1491	MOUSE	mouse	mouse	ᴍᴏᴜꜱᴇ	5		fauna	A small rodent with a long tail and a pointed snout.	鼠							
184	mouth	674	MOUTH	mouth	mouth	ᴍᴏᴜᴛʜ	3		body parts	The opening in the face used for eating and speaking.	口	मुंह		嘴巴	ပါးစပ်		mouth	mouth
668	mud	640	MUD	mud	mud	ᴍᴜᴅ	5			A mixture of earth or soil and water that is thick and wet.	泥	कीचड़		泥土	ရွှံ့		mud	
185	muroid	2139	MUROID (MOUSE OR RAT)	muroid	muroid	ᴍᴜʀᴏɪᴅ	3		fauna	A small rodent with a long tail and pointed snout, such as a mouse or a rat.		जंगली चूहा		啮齿类动物	ကြွက်၊အထွေထွေအသုံးအနှုန်း			rat/rodent
669	muscle	1004	MUSCLE	muscle	muscle	ᴍᴜꜱᴄʟᴇ	5		body parts	The tissue in the body that can contract and expand to produce movement.		मांसपेशी		肌肉	ကြွက်သား		muscle	
186	mushroom..ground.type	–	–	mushroom (ground type)	mushroom	ᴍᴜꜱʜʀᴏᴏᴍ	3			A fungus that grows on or above the ground, rather than inside a plant or animal.		भूमधुमक		野菌	ကုန်းနေမှို			mushroom/fungus
187	mushroom..tree.type	–	–	mushroom (tree type)	mushroom	ᴍᴜꜱʜʀᴏᴏᴍ	3			A fleshy, spore-bearing growth that typically grows from decaying wood or soil.		बरगद का छत्ता		树菌	သစ်ပင်မှို			mushroom/fungus
670	mustard.seed	–	–	mustard seed	mustard.seed	ᴍᴜꜱᴛᴀʀᴅ.ꜱᴇᴇᴅ	5	CONCEPTICON refers to the sauce, not the seed or plant	flora	A small, round, dark or yellowish seed from a plant used for seasoning or making oil.	辛子	सरसों		芥末	မုန်ညင်း			
555	myna:crested	2346	CRESTED MYNA	crested myna	crested.myna	ᴄʀᴇꜱᴛᴇᴅ.ᴍʏɴᴀ	5		fauna	A medium-sized black bird with a small crest on its head and a yellow patch of skin around its eyes.								
671	myna..common	–	–	myna (common)	myna	ᴍʏɴᴀ	5	missing from CONCEPTICON	fauna	A small, social bird with dark plumage and a strong voice, often found near human settlements.		मैना		八哥	myna ငှက်			
672	nail	502	NAIL (TOOL)	nail	nail	ɴᴀɪʟ	5			A small, thin piece of metal used to fasten wood or other materials together by being driven in with a hammer.	釘	नाखून		指甲	လက်သည်း			nail/claw
249	naked:to.be	590	NAKED	to be naked	naked	ɴᴀᴋᴇᴅ	3			To have no clothing or covering on the body.	はだか	नंगा होना		裸露	အဝတ်အချည်းစည်းဖြစ်			
188	name	1405	NAME	name	name	ɴᴀᴍᴇ	3			A word or set of words used to identify a person, place, or thing.	名前	नाम		名字	နာမည်		name	name
453	narrow:to.be	1267	NARROW	to be narrow	narrow	ɴᴀʀʀᴏᴡ	4			To have a small distance between two sides or edges, such as a path or a container.	狭い	संकुचित होना		狭窄	ကျဉ်းမြောင်းသည်။		to be narrow	
189	navel	1838	NAVEL	navel	navel	ɴᴀᴠᴇʟ	3		body parts	The indentation or mark on a person's abdomen where the umbilical cord was attached at birth.	へそ	नाभि		肚脐	လည်ပင်း		navel	navel
250	near:to.be	1942	NEAR	to be near	near	ɴᴇᴀʀ	3			To be at a short distance from a person, place, or object.	横，側, 近い	पास होना		接近	နီးဖို့၊		to be near (village very near)	near
190	neck	1333	NECK	neck	neck	ɴᴇᴄᴋ	3		body parts	The part of the body that connects the head to the rest of the torso.	首	गला	ঘাল	脖子	လည်ပင်း		neck	neck
673	neck:nape.of	1347	NAPE (OF NECK)	nape of neck	nape.of.neck	ɴᴀᴘᴇ.ᴏꜰ.ɴᴇᴄᴋ	5		body parts	The back part of the neck, located between the base of the skull and the top of the shoulders.		गरदन की नाप	ঘাল নাক	颈项	လည်ပင်း၏လည်ကုပ်			
674	neck..thyroid.area	–	–	neck (thyroid area)	neck	ɴᴇᴄᴋ	5		body parts	The front part of the body between the chin and the collarbone, specifically the area containing the windpipe and the thyroid gland.		थाइरॉइड क्षेत्र	ঘাল থাই্ৰইড এলাকা	甲状腺	လည်ပင်းသိုင်းရွိုက်ဧရိယာ			
425	necklace	1961	NECKLACE	necklace	necklace	ɴᴇᴄᴋʟᴀᴄᴇ	4			An ornament worn around the neck.		हार		项链	လည်ဆွဲ		necklace	
191	needle	1382	NEEDLE (FOR SEWING)	needle	needle	ɴᴇᴇᴅʟᴇ	3			A thin, pointed tool made of metal or bone used for sewing or stitching fabric.	針	सुई		针	အပ်			needle
675	neighbour	1332	NEIGHBOUR	neighbour	neighbour	ɴᴇɪɢʜʙᴏᴜʀ	5			A person who lives near or next to another person or a specific house.		पड़ोसी		邻居	အိမ်နီးချင်း		neighbour	
365	nest:bird	3549	BIRD NEST	bird nest	bird.nest	ʙɪʀᴅ.ɴᴇꜱᴛ	4			The structure built by a bird to hold and protect its eggs and young offspring.	巣							
134	net:fishing	2963	NET	fishing net	fishing.net	ꜰɪꜱʜɪɴɢ.ɴᴇᴛ	3			A tool made of interlaced string or cord used for catching fish.	網	जाल		网	အသားတင်			
251	new:to.be	1231	NEW	to be new	new	ɴᴇᴡ	3			To exist in a state of not being old, used, or previously existing.	新しい	नया होना		新	အသစ်ဖြစ်ရန်		to be new (things)	new
192	night.time	1233	NIGHT	night time	night.time	ɴɪɢʜᴛ.ᴛɪᴍᴇ	3			The period of darkness between sunset and sunrise.	夜	रात का समय		晚上	ညအချိန်		night	night
817	noisy..boisterous:to.be	3883	NOISY	to be noisy (boisterous)	noisy	ɴᴏɪꜱʏ	5			To make a lot of loud, energetic, or rowdy sounds.	うるさい	शोर मचाना		吵	ဆူညံနေပါစေ။			
193	noon..midday	12	MIDDAY	noon (midday)	noon	ɴᴏᴏɴ	3			The time of day when the sun is at its highest point in the sky.	正午	दोपहर		中午	နေ့လယ်၊ နေ့လယ်			
678	north	1598	NORTH	north	north	ɴᴏʀᴛʜ	5			The direction that points towards the North Pole.	北	उत्तर		北方	မြောက်ဘက်			
60	nose	1221	NOSE	nose	nose	ɴᴏꜱᴇ	2		body parts	The part of the face located above the mouth and below the eyes that is used for breathing and smelling.	鼻	नाक		鼻子	နှာခေါင်း		nose	nose
679	nostril	1178	NOSTRIL	nostril	nostril	ɴᴏꜱᴛʀɪʟ	5		body parts	One of the two openings on the nose used for breathing and smelling.	鼻の穴	नाक का छेद		鼻孔	နှာခေါင်းပေါက်			
906	occur..happen:to	248	HAPPEN	to occur (happen)	occur	ᴏᴄᴄᴜʀ	5			To take place or come into existence as an event or an incident.		होना		发生	ဖြစ်ပေါ်လာရန်၊			
907	offer..something:to	–	–	to offer (something)	offer	ᴏꜰꜰᴇʀ	5			To present something to someone so that they may take it or accept it.		पेश करना		提供	ပူဇော်ရန်			
194	oil..substance	2556	OIL (HYDROPHOBIC LIQUID)	oil (substance)	oil	ᴏɪʟ	3			A greasy, viscous liquid used for cooking, fuel, or lubrication that does not mix with water.	油	तेल		油	ချက်ပြုတ်ရန်အတွက် ဆီ သို့မဟုတ် ဆီ		oil	
252	old..of.people:to.be	2112	OLD (AGED)	to be old (of people)	old	ᴏʟᴅ	3	Both CONCEPTICON forms refer to people, not things.		To have lived for a long time or to be in the later stages of a human life.	年とった	पुराना होना		老	အသက်ကြီးရန်			old
818	old..of.things:to.be	2113	OLD (USED)	to be old (of things)	old	ᴏʟᴅ	5			To have existed for a long time or to be from a past era. This refers to inanimate objects rather than living beings.	古い						to be old (things)	
683	onion	2366	ONION	onion	onion	ᴏɴɪᴏɴ	5		flora	A bulbous vegetable with several layers of fleshy skin that is often used in cooking for its strong flavor.	たまねぎ	प्याज		洋葱	ကြက်သွန်နီ		onion	
908	open..tr:to	1156	OPEN	to open (tr)	open	ᴏᴘᴇɴ	5			To move a door, a lid, or a container so that it is no longer closed or shut.	開ける	खोलना		打开	ဖွင့်လှစ်ရန်		open (tr)	
684	orchid	–	–	orchid	orchid	ᴏʀᴄʜɪᴅ	5		flora	A type of flowering plant that often grows on trees or rocks and has a very distinct, often colorful, shape.		ऑर्किड		兰花	သစ်ခွ			
685	origin	–	–	origin	origin	ᴏʀɪɢɪɴ	5			The place, person, or event where something begins or is created.		उत्पत्ति		起源	မူလ			
195	otter	15	OTTER	otter	otter	ᴏᴛᴛᴇʀ	3		fauna	A semiaquatic mammal with thick fur and a long, powerful tail that lives near water.	カワウソ	ऊद		水獭	ဖျံ		otter	otter
686	outside	762	OUTSIDE	outside	outside	ᴏᴜᴛꜱɪᴅᴇ	5			The part or area that is external to a specific object, building, or enclosed space.		बाहर		外面	အပြင်မှာ		outside	
687	outsider..foreigner	–	–	outsider (foreigner)	outsider	ᴏᴜᴛꜱɪᴅᴇʀ	5			A person who is not a member of a specific group, community, or country.		पराया		局外人	အပြင်လူ			
196	overmorrow	1179	DAY AFTER TOMORROW	overmorrow	overmorrow	ᴏᴠᴇʀᴍᴏʀʀᴏᴡ	3			The day that comes after tomorrow.	あさって	परसों		后天	မနက်ဖြန်			
197	owl	735	OWL	owl	owl	ᴏᴡʟ	3		fauna	A nocturnal bird of prey with large eyes and a flat face.		उल्लू		猫头鹰	ဇီးကွက်		owl	
688	ox	1169	OX	ox	ox	ᴏx	5		fauna	A large, strong bovine animal used as a draft animal for pulling heavy loads or a plow.		बैल		牛	နွား			
909	pack..things:to	3656	PACK	to pack (things)	pack	ᴘᴀᴄᴋ	5			To place various items into a container, such as a bag, box, or basket, to prepare them for storage or travel.		जुड़वाँ जानवरों का झुंड		兽群	တိရစ္ဆာန်များထုပ်ပိုး		pack (v)	
689	palm.tree	1181	PALM TREE	palm tree	palm.tree	ᴘᴀʟᴍ.ᴛʀᴇᴇ	5		flora	A large tree with a single, unbranched trunk and long, fan-shaped or feather-like leaves at the top.							oil palm	palm
200	pangolin	2508	PANGOLIN	pangolin	pangolin	ᴘᴀɴɢᴏʟɪɴ	3		fauna	A scaly, nocturnal mammal that eats ants and termites and rolls into a ball for protection.		टिकटिकी		穿山甲	သင်းခွေချပ်		pangolin	
690	parents..general	505	PARENTS	parents (general)	parents	ᴘᴀʀᴇɴᴛꜱ	5		kinship	The male and female individuals who have produced or raised a person.	父母	माता-पिता		父母	မိဘ			
742	path:side.of	–	–	side of path	side.of.path	ꜱɪᴅᴇ.ᴏꜰ.ᴘᴀᴛʜ	5			The area or ground immediately next to a trail or road.		सड़क का किनारा		路旁	လမ်းတစ်ဘက်			
201	path..road	2252	PATH	path (road)	path	ᴘᴀᴛʜ	3			A track or narrow way made for walking or traveling, often through a forest or field, that is smaller than a major road.	道	सड़क		道路 / 路径	လမ်း သို့မဟုတ် လမ်း			road
910	pay:to	718	PAY	to pay	pay	ᴘᴀʏ	5			To give money to someone in exchange for goods, services, or a debt.		भुगतान करना		付钱	ပေးရန်			
691	peacock	3382	PEACOCK	peacock	peacock	ᴘᴇᴀᴄᴏᴄᴋ	5		fauna	A large, colorful bird with a long tail of feathers that can be spread out into a fan shape.	孔雀	मोर		孔雀	ဒေါင်း			
480	peel:to	275	PEEL	to peel	peel	ᴘᴇᴇʟ	4			To remove the outer skin or rind from a fruit, a vegetable, or a nut.	剥く	छिलना		剥皮	အခွံချွတ်ရန်		peel (v)	
692	penis	1222	PENIS	penis	penis	ᴘᴇɴɪꜱ	5		body parts	The male reproductive organ located on the human body.	男性器	लिंग		阴茎	လိင်တံ			penis
693	people	789	PEOPLE	people	people	ᴘᴇᴏᴘʟᴇ	5			The human beings that belong to a specific group, community, or population.		लोग		人们	လူတွေ			
310	perch:to	3682	PERCH (OF BIRD)	to perch	perch	ᴘᴇʀᴄʜ	3			To rest or settle on a thin branch, wire, or narrow object, especially a bird.		उड़ना		栖息	perch ရန်			
681	person:old	725	OLD PERSON	old person	old.person	ᴏʟᴅ.ᴘᴇʀꜱᴏɴ	5			A person who has lived for many years and is in the later stages of their life.		बूढ़ा		年老	လူဟောင်း၊		old person	
15	person..human.being	683	PERSON	person (human being)	person	ᴘᴇʀꜱᴏɴ	1			A human being.	人間	व्यक्ति		人	လူ		person	person/human being
694	pestle	225	PESTLE	pestle	pestle	ᴘᴇꜱᴛʟᴇ	5			A heavy, club-shaped tool used for crushing or grinding substances in a bowl or mortar.	杵	मुसल		杵	ကျည်ပွေ့		pestle (for peppers)	
695	pheasant	3060	PHEASANT	pheasant	pheasant	ᴘʜᴇᴀꜱᴀɴᴛ	5		fauna	A large, colorful bird belonging to the Phasianidae family, often found on the ground and known for its long tail.		मूर्ग़		雉鸡	ရစ်ငှက်			
911	pick..of.fruit:to	2148	PICK	to pick (of fruit)	pick	ᴘɪᴄᴋ	5			To remove a piece of fruit from a tree or a plant by hand or with a tool.		छुटकारा ढूंढ़ना		拣东西	တစ်ခုခုကို ရွေးဖို့		pick, pluck (fruit)	
311	pierce..puncture:to	398	PIERCE	to pierce (puncture)	pierce	ᴘɪᴇʀᴄᴇ	3			To make a small hole in something using a sharp, pointed object.	突き刺す	चुभाना		刺穿	ဖောက်ရန် သို့မဟုတ် ထိုးရန်		pierce (ears)	
62	pig..general	1337	PIG	pig (general)	pig	ᴘɪɢ	2		fauna	A large, heavy mammal with a snout used for rooting in the ground.	豚	सूअर		猪	ဝက်		pig	pig
696	pillar	–	–	pillar	pillar	ᴘɪʟʟᴀʀ	5			A strong, vertical post used as a support for a building or structure.		स्तंभ		柱子	မှတ်တိုင်			
697	pillow	1044	PILLOW	pillow	pillow	ᴘɪʟʟᴏᴡ	5			A soft object used to support the head while sleeping or resting.	枕	तकिया		枕头	ခေါင်းအုံး		pillow	
698	place..area	723	PLACE (POSITION)	place (area)	place	ᴘʟᴀᴄᴇ	5			A specific point, location, or area in space.	場所	जगह		地方	နေရာတစ်ခု			
312	place..put:to	998	PUT	to place (put)	place	ᴘʟᴀᴄᴇ	3			To move an object from one position to another and set it down in a specific location.	置く	रखना		放	တစ်စုံတစ်ခုကို ထားရန်၊		put, place, set	put, place
699	plain..unadorned	–	–	plain (unadorned)	plain	ᴘʟᴀɪɴ	5			A thing that is simple and lacks any decoration, pattern, or extra features.		सादा		朴素	ရိုးရိုး၊ မအလှဆင်			
202	plains..lowlands	652	PLAIN	plains (lowlands)	plains	ᴘʟᴀɪɴꜱ	3			A large area of flat land with very few hills or mountains.	野原，平原	निम्नभूमि		低地	မြေနိမ့်			
700	plank..wood	–	–	plank (wood)	plank	ᴘʟᴀɴᴋ	5			A long, flat, rectangular piece of wood used for building or flooring.		लकड़ी का तख्ता		木板	သစ်သားပျဉ် သို့မဟုတ် ဘုတ်ပြား			
701	plant	653	PLANT (VEGETATION)	plant	plant	ᴘʟᴀɴᴛ	5			A living organism that grows in the soil and is not an animal.		पौधा		植物	အပင်တစ်ပင်			
313	plant:to	1486	PLANT (SOMETHING)	to plant	plant	ᴘʟᴀɴᴛ	3			To put a seed, bulb, or young stem into the ground so that it can grow.		लगाना		种植	စိုက်ပျိုးရန်		to plant	
912	plant..with.stick:to	–	–	to plant (with stick)	plant	ᴘʟᴀɴᴛ	5			To push a stick or a tool into the ground to create a hole for a seed or a small plant.		लाठी मारकर लगाना		扦插	တုတ်ဖြင့်စိုက်ရန်			
702	plate	480	PLATE	plate	plate	ᴘʟᴀᴛᴇ	5			A flat, shallow dish used for holding or serving food.	皿	थाली		盘子	ပန်းကန်			
314	play..game:to	1413	PLAY	to play (game)	play	ᴘʟᴀʏ	3			To engage in a structured activity or competition involving rules, such as a board game or a sport, for entertainment or winning.	遊ぶ	खेलना		玩	ကစားရန်			
703	plough	1921	PLOUGH	plough	plough	ᴘʟᴏᴜɢʜ	5			A tool used for turning over soil or making furrows in a field before planting seeds.		हल		犁	ထယ်			
914	plough:to	1921	PLOUGH	to plough	plough	ᴘʟᴏᴜɢʜ	5			To turn over or break up soil in a field using a tool, typically pulled by an animal or a machine, in order to prepare it for planting.		हल चलाना		耕地	ထွန်ယက်ရန်			
915	poison:to	–	–	to poison	poison	ᴘᴏɪꜱᴏɴ	5			To put a harmful or deadly substance into food, drink, or a body so that it causes sickness or death.	毒	जहर देना		毒害	အဆိပ်			
704	poison..for.arrow	655	POISON	poison (for arrow)	poison	ᴘᴏɪꜱᴏɴ	5			A toxic substance applied to a weapon, such as a projectile or a blade, to cause harm or death to a target.		जहर		毒药	အဆိပ် (နာမ်)		poison (on arrow)	poison [antifood]
427	poison..general	655	POISON	poison (general)	poison	ᴘᴏɪꜱᴏɴ	4			A substance that causes illness, injury, or death when it is swallowed, inhaled, or absorbed into the body.								
705	pond	2035	POND	pond	pond	ᴘᴏɴᴅ	5			A small body of still water, smaller than a lake.	池	तालाब		池塘	ရေကန်			
428	porcupine	2510	PORCUPINE	porcupine	porcupine	ᴘᴏʀᴄᴜᴘɪɴᴇ	4		fauna	A large rodent that has many sharp, hard spines covering its body for protection.		शहरा		豪猪	ဖြူကောင်		porcupine	
706	porcupine.quill	–	–	porcupine quill	porcupine.quill	ᴘᴏʀᴄᴜᴘɪɴᴇ.ꞯᴜɪʟʟ	5		fauna	A sharp, needle-like hair found on the skin of a large rodent.								
707	post	281	POST	post	post	ᴘᴏꜱᴛ	5			A long, slender piece of wood or metal that is driven into the ground to support a structure or act as a boundary.		खंडुआ		柱子	ချည်ပို့စ်			
49	pot:cooking	1462	POT	cooking pot	cooking.pot	ᴄᴏᴏᴋɪɴɢ.ᴘᴏᴛ	2			A container used for heating food or water over a fire or stove.	つぼ	पतीला		烹饪锅	ဟင်းချက်အိုး			
573	pot:earthen	–	–	earthen pot	earthen.pot	ᴇᴀʀᴛʜᴇɴ.ᴘᴏᴛ	5			A container made of baked clay used for holding water or cooking food.		मिट्टी का बर्तन		砂锅	မြေအိုး			
481	pound..of.rice:to	354	POUND	to pound (of rice)	pound	ᴘᴏᴜɴᴅ	4			To crush or flatten grains, such as rice, into a different form by repeatedly hitting them with a heavy tool like a pestle.	搗く	पीसना		磨碎	ကြိတ်ဖို့၊			
482	pour:to	1487	POUR	to pour	pour	ᴘᴏᴜʀ	4			To cause a liquid to flow from a container in a continuous stream.	注ぐ	डालना		倒	လောင်းရန်		pour	
819	prepared:to.be	790	READY	to be prepared	prepared	ᴘʀᴇᴘᴀʀᴇᴅ	5			To be in a state where one is able to act or move immediately because all necessary things are in place.		तैयार होना		准备好	အဆင်သင့်ဖြစ်ရန်			
916	press:to	1913	PRESS	to press	press	ᴘʀᴇꜱꜱ	5			To apply steady force against a surface or an object, often with the hands or a tool, to flatten it or hold it in place.		दबाना		按	နှိပ်ရန်			
820	proud:to.be	174	PROUD	to be proud	proud	ᴘʀᴏᴜᴅ	5			To feel a sense of satisfaction, pleasure, or self-importance because of one's own achievements, qualities, or the accomplishments of someone close to them.		गर्व महसूस करना		骄傲	ဂုဏ်ယူဖို့		(be) proud	
483	pull:to	1455	PULL	to pull	pull	ᴘᴜʟʟ	4			To exert force on an object to move it toward oneself or in a specific direction.	ひっぱる	खींचना		拉	ဆွဲရန်		to pull	
709	punji	–	–	punji	punji	ᴘᴜɴᴊɪ	5			A sharpened wooden stake, often made of bamboo, used as a trap to injure the feet or legs of people walking through a jungle.								
711	pus	1808	PUS	pus	pus	ᴘᴜꜱ	5		body parts	A thick, yellowish or whitish liquid that forms in a part of the body during an infection or inflammation.	膿	दलदल		脓	အဖု		pus	
484	push:to	1452	PUSH	to push	push	ᴘᴜꜱʜ	4			To apply force against an object to move it away from oneself or to move it forward.	押す	धक्का देना		推	တွန်းရန်			
503	q.:when	1238	WHEN	when	when	ᴡʜᴇɴ	4			At what time or on what occasion an event occurs.	いつ						when (future)	
712	rabbit	1136	RABBIT	rabbit	rabbit	ʀᴀʙʙɪᴛ	5		fauna	A small mammal with long ears and a short tail that lives in burrows and eats plants.	兎	खरगोश		兔子	ယုန်		rabbit	
713	raft	1664	RAFT	raft	raft	ʀᴀꜰᴛ	5			A flat structure made of wood or other materials that floats on water and is used for transport.		राफ्ट		木筏	ဖေါင်			
63	rain	1253	RAIN (RAINING)	rain	rain	ʀᴀɪɴ	2			Water that falls from the clouds in drops through the air.	雨							
714	rainbow	1733	RAINBOW	rainbow	rainbow	ʀᴀɪɴʙᴏᴡ	5			A multicolored arc of light appearing in the sky when sunlight shines through raindrops after a storm.	虹	इंद्रधनुष		彩虹	သက်တံ		rainbow	
253	raw..uncooked:to.be	1959	RAW	to be raw (uncooked)	raw	ʀᴀᴡ	3			To be in a state where food has not been cooked by heat.	生の	कच्चा		生的	အစိမ်း၊ မပြုတ်			
717	reed	659	REED	reed	reed	ʀᴇᴇᴅ	5		flora	A tall, thin plant that grows in water or wet soil, often used for making mats or baskets.		नार		芦苇	ကျူ			
315	release..let.go:to	1095	LET GO OR SET FREE	to release (let go)	release	ʀᴇʟᴇᴀꜱᴇ	3			To stop holding something or to allow a person or animal to depart from one's grip or confinement.	放す	छोड़ना		放开	လွှတ်ရန် သို့မဟုတ် လွှတ်ရန်		to set free, let go (animal)	let go; set free; loosen
917	remain..stay:to	987	REMAIN	to remain (stay)	remain	ʀᴇᴍᴀɪɴ	5			To continue being in a particular place or state instead of leaving or changing.		रहना		剩下	ဆက်လက်ရှိနေရန်		remain, stay	
918	remember:to	707	REMEMBER	to remember	remember	ʀᴇᴍᴇᴍʙᴇʀ	5			To bring a past event, fact, or piece of information back into one's mind.	思い出す	याद करना		记住	မှတ်မိဖို့		remember	
919	request..something:to	1828	ASK (REQUEST)	to request (something)	request	ʀᴇꞯᴜᴇꜱᴛ	5			To express a desire for something or to ask for something from another person.	頼む	पंजा		动物的爪子	တိရစ္ဆာန်၏ခြေသည်း		ask, request	
429	rib..bone	801	RIB	rib (bone)	rib	ʀɪʙ	4		body parts	A bone that forms part of the chest cage and protects the heart and lungs.	肋骨	पसली		肋骨	နံရိုး		rib	
48	rice:cooked	1191	COOKED RICE	cooked rice	cooked.rice	ᴄᴏᴏᴋᴇᴅ.ʀɪᴄᴇ	2		rice	The substance made from grains of rice that has been boiled or steamed in water and is ready to eat.	ご飯	भात		熟饭	ထမင်း		cooked rice	rice (cooked)
708	rice:pounded	3285	RICE FLOUR	pounded rice	pounded.rice	ᴘᴏᴜɴᴅᴇᴅ.ʀɪᴄᴇ	5		rice	A substance made by crushing or grinding grains of rice into a fine powder or small pieces.							pounded rice	
760	rice:sticky	2750	GLUTINOUS RICE	sticky rice	sticky.rice	ꜱᴛɪᴄᴋʏ.ʀɪᴄᴇ	5		rice	A type of rice that is very glue-like and sticky when cooked.	もち米							
997	rice:wild	3390	WILD RICE	wild rice	wild.rice	ᴡɪʟᴅ.ʀɪᴄᴇ	5		rice	A type of grain that grows in water or wetlands, distinct from the common cultivated grain used for food.								
346	rice..paddy:unhusked	2749	UNHUSKED RICE	unhusked rice (paddy)	unhusked.rice	ᴜɴʜᴜꜱᴋᴇᴅ.ʀɪᴄᴇ	3		rice	The grain of a rice plant that still has its outer protective covering or shell.	稲	धान का खेत		稻田	စပါး			
158	rice..uncooked:husked	3289	UNCOOKED RICE	husked rice (uncooked)	husked.rice	ʜᴜꜱᴋᴇᴅ.ʀɪᴄᴇ	3		rice	A grain of rice that has had its outer shell or husk removed, but has not yet been cooked.								
719	rice.husk	2501	RICE HUSK	rice husk	rice.husk	ʀɪᴄᴇ.ʜᴜꜱᴋ	5		rice	The hard, outer covering of a grain of rice that is removed during processing.	籾殻						rice husk (powder)	
203	rice.plant	2026	RICE PLANT	rice plant	rice.plant	ʀɪᴄᴇ.ᴘʟᴀɴᴛ	3		rice	The plant that produces the grain used for food.		धान		稻米	စပါးခွံ၊			rice (in fields)
720	rice.straw	3391	RICE STRAW	rice straw	rice.straw	ʀɪᴄᴇ.ꜱᴛʀᴀᴡ	5		rice	The dried stalks and leaves of a rice plant after the grain has been removed.	藁							
921	ride:to	367	RIDE	to ride	ride	ʀɪᴅᴇ	5			To sit on and control a living animal, such as a horse or an elephant, or to sit on a vehicle like a bicycle or a motorcycle to move from one place to another.	乗る	सवारी करना		骑	စီးဖို့			
721	ring..on.finger	1374	RING	ring (on finger)	ring	ʀɪɴɢ	5			A circular band worn on a finger as an ornament or decoration.	指輪	अंगूठी		戒指	လက်စွပ်တစ်ကွင်း		ring	
81	ripe:to.be	178	RIPE	to be ripe	ripe	ʀɪᴘᴇ	2			To reach a state of being fully grown, soft, and ready to be eaten, especially in the case of fruit or grain.	熟する	पकना		成熟	မှည့်ရန်		to be ripe	ripe/well-cooked
722	ritual..rite	3334	RITE	ritual (rite)	ritual	ʀɪᴛᴜᴀʟ	5			A formal act or series of actions performed according to a prescribed order, often for religious or social purposes.								
64	river	666	RIVER	river	river	ʀɪᴠᴇʀ	2			A large, natural stream of water that flows continuously in a bed towards an ocean, sea, lake, or another river.	川	नदी		河流	မြစ်		driver	river/valley
723	river::bank	3463	RIVERBANK	riverbank	riverbank	ʀɪᴠᴇʀʙᴀɴᴋ	5			The land immediately alongside a body of flowing water.		नदी का किनारा		河岸	မြစ်တစ်ကမ်း		river bank	
716	river.:rapids	1670	RAPIDS	rapids	rapids	ʀᴀᴘɪᴅꜱ	5			A part of a river where the water flows very fast and moves over rocks or uneven ground.								
316	roast:to	1962	ROAST (SOMETHING)	to roast	roast	ʀᴏᴀꜱᴛ	3			To cook food using dry heat, such as over an open fire or in an oven, without using water or oil.	焼く	भूनना		烤	ကင်ရန်		roast	
922	roll.down:to	827	ROLL	to roll down	roll.down	ʀᴏʟʟ.ᴅᴏᴡɴ	5			To move by turning over and over along a sloping surface or a hill.		ढेर करना		滚动	သစ်လုံးချ၍ တောင်ကုန်းကဲ့သို့ လှိမ့်ခြင်း၊		roll	
923	roll.up..mat:to	–	–	to roll up (mat)	roll.up	ʀᴏʟʟ.ᴜᴘ	5			To fold or turn a flexible surface, such as a floor covering, into a cylindrical shape for storage or to tidy a space.	巻く	रोल करना		卷	ဖျာကဲ့သို့ တစ်ခုခုကို လှိမ့်ရန်			
430	roof..of.building	769	ROOF	roof (of building)	roof	ʀᴏᴏꜰ	4			The upper covering of a building or structure that protects the interior from rain and sun.	屋根	छत		屋顶	အိမ်ခေါင်မိုး		roof	
65	root..tree	670	ROOT	root (tree)	root	ʀᴏᴏᴛ	2		flora	The part of a plant that grows underground, branching out from the stem or trunk to absorb water and nutrients from the soil.	根	जड़		根	အမြစ်		root (tree)	root
204	rope	1218	ROPE	rope	rope	ʀᴏᴘᴇ	3			A strong, thick cord made of twisted fibers or strands used for tying, pulling, or fastening things together.	紐	रस्सी		绳子	ကြိုး		rope	
254	rotten:to.be	1728	ROTTEN	to be rotten	rotten	ʀᴏᴛᴛᴇɴ	3			To undergo a process of decay or decomposition, typically used for organic matter like food or wood, making it soft, smelly, or unfit for use.	腐った	गला हुआ		腐烂的	ပုပ်ဖို့		to be rotten	
255	rough:to.be	1923	ROUGH	to be rough	rough	ʀᴏᴜɢʜ	3			To have an uneven, coarse, or bumpy surface rather than being smooth.	ざらざらな	रूखा		粗糙的	ကြမ်းတမ်းသည်		to be rough (road)	
256	round:to.be	1395	ROUND	to be round	round	ʀᴏᴜɴᴅ	3			To have a shape that is circular or spherical, without any corners or straight edges.	丸い	गोल		圆形的	ပတ်ပတ်လည်		to be round	round
317	rub:to	1449	RUB	to rub	rub	ʀᴜʙ	3			To move one's hand or an object repeatedly against a surface using pressure.	こする	रगड़ना		擦	ပွတ်ရန်		to rub/scrub	rub
485	rule..lead:to	43	LEAD (GUIDE)	to rule (lead)	rule	ʀᴜʟᴇ	4			To exercise authority or control over a group of people, such as a country, a community, or a territory.		सीसा		铅	ခဲ ( Plumbum )		lead, guide (v)	
205	ruler..chief	–	–	ruler (chief)	ruler	ʀᴜʟᴇʀ	3	CONCEPTICON has the measuring tool as the definition.		A person who has political power and authority over a group of people or a territory.		मुखिया		首领	အကြီးအကဲ သို့မဟုတ် အုပ်ချုပ်သူ			
821	sacred:to.be	–	–	to be sacred	sacred	ꜱᴀᴄʀᴇᴅ	5			To be considered holy, divine, or worthy of religious veneration and respect.		पवित्र		神圣的	မြင့်မြတ်ဖို့၊			
822	sad:to.be	699	SAD	to be sad	sad	ꜱᴀᴅ	5			To feel or experience unhappiness, sorrow, or emotional pain.	悲しい	उदास		悲伤的	ဝမ်းနည်းစရာ		(be) sad	
724	sago.palm	2372	SAGO PALM	sago palm	sago.palm	ꜱᴀɢᴏ.ᴘᴀʟᴍ	5		flora	A type of palm tree whose trunk is used as a source of starch for food.								
206	saliva	1503	SALIVA	saliva	saliva	ꜱᴀʟɪᴠᴀ	3		body parts	The watery liquid produced in the mouth by the salivary glands.		लार		口水	တံတွေး		spit (noun)	
16	salt	1274	SALT	salt	salt	ꜱᴀʟᴛ	1			A white or translucent mineral used in small amounts to season or preserve food.	塩	नमक		盐	ဆားငန်		salt	salt
823	same:to.be	200	SAME	to be same	same	ꜱᴀᴍᴇ	5			To be identical or not different in quality, character, or amount.		एक जैसा होना		相同的	အတူတူဖြစ်ရမယ်။		to be the same	
726	sand	671	SAND	sand	sand	ꜱᴀɴᴅ	5			A very small, loose grain of rock or mineral, often found on beaches or in deserts.	砂	रेत		沙子	သဲ		sand	
976	sap:tree	345	SAP	tree sap	tree.sap	ᴛʀᴇᴇ.ꜱᴀᴘ	5			A liquid that flows inside the stem or trunk of a plant or tree.							sap	
727	scab	2664	SCAB	scab	scab	ꜱᴄᴀʙ	5			A piece of dried, hard skin that forms over a wound or sore as it heals.	かさぶた							
728	scent..fragrance	–	–	scent (fragrance)	scent	ꜱᴄᴇɴᴛ	5			A pleasant or sweet smell.	におい	सुगन्ध		香味	ရနံ့			
318	scrape..with.edge:to	1767	SCRAPE	to scrape (with edge)	scrape	ꜱᴄʀᴀᴘᴇ	3			To remove a thin layer or surface from an object by rubbing it with a sharp or hard edge.		खुरचना		抓 / 刮	ခြစ်ရန် သို့မဟုတ် ခြစ်ရန်		scrape (v)	scratch (scrape)
319	scratch..with.nails:to	1436	SCRATCH	to scratch (with nails)	scratch	ꜱᴄʀᴀᴛᴄʜ	3			To use one's fingernails to rub or scrape against the skin or a surface.	掻く	अनाज		稻	မကြေသေးသော ဆန်၊		scratch (v)	scratch (scrape)
729	scythe	20	SCYTHE	scythe	scythe	ꜱᴄʏᴛʜᴇ	5			A tool used for cutting grass or grain, consisting of a long, curved blade attached to a long handle.		कुर्पा		镰刀	တံမြက်/တံစဉ်			
730	sea	1474	SEA	sea	sea	ꜱᴇᴀ	5			The large body of salt water that covers most of the earth's surface and surrounds the continents.	海	समुद्र		海洋	သမုဒ္ဒရာ၊ ပင်လယ်		sea	
570	season:dry	452	DRY SEASON	dry season	dry.season	ᴅʀʏ.ꜱᴇᴀꜱᴏɴ	5			The period of the year characterized by a lack of rain and low moisture.		चावल का छिलका		稻壳	စပါးခွံ			
715	season..monsoon:rainy	453	RAINY SEASON	rainy season (monsoon)	rainy.season	ʀᴀɪɴʏ.ꜱᴇᴀꜱᴏɴ	5			The period of time during the year when there is heavy or frequent precipitation.	雨季	वर्षा ऋतु		雨季	မိုးရာသီ		rainy season	
731	secluded.place	–	–	secluded place	secluded.place	ꜱᴇᴄʟᴜᴅᴇᴅ.ᴘʟᴀᴄᴇ	5			A place that is far away from people or other settlements. It is a location that is private, quiet, and hidden from view.		रहस्यमय स्थान		隐蔽处	သီးသန့်နေရာ			
732	section..segment	–	–	section (segment)	section	ꜱᴇᴄᴛɪᴏɴ	5			A part of a whole that has been separated or divided from the rest.		खंड		竿节	အပိုင်း (ဥပမာ ဝါး)၊			
320	see:to	1409	SEE	to see	see	ꜱᴇᴇ	3			To perceive something through the eyes.	見る	देखना		看	ကြည့်ရန်		to see	see
66	seed	714	SEED	seed	seed	ꜱᴇᴇᴅ	2		flora	The small, hard part of a plant that can be planted in the ground to grow a new plant.	種	बीज		种子	မျိုးစေ့		seed (tree)	
321	sell:to	1571	SELL	to sell	sell	ꜱᴇʟʟ	3			To give an object or service to another person in exchange for money or other goods.	売る	बेचना		卖	ရောင်းရန်			sell
924	separate:to	1359	SEPARATE	to separate	separate	ꜱᴇᴘᴀʀᴀᴛᴇ	5			To divide or part something into two or more distinct pieces or groups.		अलग करना		分离	ခွဲခြားရန်			
733	servant	255	SERVANT	servant	servant	ꜱᴇʀᴠᴀɴᴛ	5			A person who is paid to perform domestic work or manual labor for another person in their home or workplace.							(domestic) servant	
925	settle..somwhere:to	–	–	to settle (somwhere)	settle	ꜱᴇᴛᴛʟᴇ	5			To move to a new place and make it one's permanent home.		निवास करना		定居	တစ်နေရာရာမှာ အခြေချဖို့			
322	sew:to	1457	SEW	to sew	sew	ꜱᴇᴡ	3			To join or attach pieces of fabric, leather, or other materials together using a needle and thread.	縫う	सीवना		缝 / 裁缝	ချုပ်ရန်			sew
207	shade..area	1388	SHADE	shade (area)	shade	ꜱʜᴀᴅᴇ	3			An area of ground or space that is kept dark and cool because an object is blocking the light from the sun.		छाया		阴凉处	အရိပ်			shade/shadow
208	shadow..of.something	2275	SHADOW	shadow (of something)	shadow	ꜱʜᴀᴅᴏᴡ	3			A dark area or shape produced on a surface by an object that blocks light.	影	अचार		生米	မကျက်သောဆန်		shadow/shade	shade/shadow
454	shallow:to.be	193	SHALLOW	to be shallow	shallow	ꜱʜᴀʟʟᴏᴡ	4			To have little depth or a low distance between the surface and the bottom.	浅い	कम गहराई वाला		浅的	တိမ်		to be shallow	
258	sharp..of.edge:to.be	1396	SHARP	to be sharp (of edge)	sharp	ꜱʜᴀʀᴘ	3			To have a thin, fine edge capable of cutting easily.	鋭い	तेज़		尖锐的边缘	အစွန်းတစ်ခု၏ချွန်ထက်		to be sharp	sharp
259	sharp..of.point:to.be	–	–	to be sharp (of point)	sharp	ꜱʜᴀʀᴘ	3			To have a fine, thin, or tapered edge or end that can easily cut or pierce something.		तीखा		尖锐的	ထက်မြက်သောအချက်၊			sharp
486	sharpen..edge:to			to sharpen (edge)	sharpen	ꜱʜᴀʀᴘᴇɴ	4			To make a tool or a blade more effective by rubbing its edge against a hard surface.								
926	shave..head:to	231	SHAVE	to shave (head)	shave	ꜱʜᴀᴠᴇ	5			To remove all the hair from a person's skull using a razor or a similar tool.		बाल बन्द करना		刮胡子	ရိတ်ရန်		to shave (beard)	
735	shawl	2771	SHAWL	shawl	shawl	ꜱʜᴀᴡʟ	5			A large piece of fabric worn around the shoulders or head for warmth or decoration.		शॉल		披肩	တစ်ဦးထည်း			
736	sheep	1331	SHEEP	sheep	sheep	ꜱʜᴇᴇᴘ	5		fauna	A domesticated mammal with a thick fleece of wool that is often kept for its hair or meat.	羊	भेड़		羊	သိုး		sheep	
212	shield	1064	SHIELD	shield	shield	ꜱʜɪᴇʟᴅ	3			A piece of strong material, such as wood or metal, held or carried to protect a person from attacks or blows.		ढाल		盾牌	ဒိုင်း		shield (n)	
927	shine..of.sun:to	708	SHINE	to shine (of sun)	shine	ꜱʜɪɴᴇ	5			To emit or reflect bright light, specifically as the sun does in the sky.		चमकना		发光	တောက်ပဖို့		shine	
928	shiver:to	52	SHIVER	to shiver	shiver	ꜱʜɪᴠᴇʀ	5			To make involuntary, rapid movements of the body, often caused by cold, fear, or illness.		काँपना		发抖	တုန်လှုပ်ခြင်း။		to shiver	
89	shoot..arrow:to	1172	SHOOT	to shoot (arrow)	shoot	ꜱʜᴏᴏᴛ	2			To propel an arrow from a bow using a string.	撃つ	गोली चलाना		射击	ပစ်ရန်		to shoot (gun)	shoot
824	short..duration:to.be	3312	SHORT (TIME)	to be short (duration)	short	ꜱʜᴏʀᴛ	5			To last for a brief period of time rather than a long time.								
260	short..height:to.be	1645	SHORT	to be short (height)	short	ꜱʜᴏʀᴛ	3			To have a small distance between the top of the head and the soles of the feet, especially when compared to others.		छोटा होना		矮	လူတို			
82	short..length:to.be	1645	SHORT	to be short (length)	short	ꜱʜᴏʀᴛ	2			To have a small distance from one end to the other, rather than being long.	短い	छोटा होना		短	အတိုအရှည်ဖြစ်ရမည်။		to be short (length)	
929	show..display:to	1039	SHOW	to show (display)	show	ꜱʜᴏᴡ	5			To cause something to be seen or to make a visible object visible to others.	見せる	दिखाना		展示	ပြသရန်		to bare, show (teeth)	
739	shrimp:.prawn	2349	SHRIMP	shrimp	shrimp	ꜱʜʀɪᴍᴘ	5		fauna	A small, edible crustacean with a long body and many legs, often found in saltwater or freshwater.	蝦	झींगा		虾	ပုစွန်			
261	shy:to.be	487	SHY	to be shy	shy	ꜱʜʏ	3			To feel nervous, timid, or uncomfortable, especially when being around other people or in a social situation.		शर्मीला होना		害羞	ရှက်ဖို့ကောင်းတယ်။		(be) shy	
355	sibling:younger			younger sibling	younger.sibling	ʏᴏᴜɴɢᴇʀ.ꜱɪʙʟɪɴɢ	3			A person who has the same parents as you but was born after you.								
740	side..of.body	–	–	side (of body)	side	ꜱɪᴅᴇ	5		body parts	The part of the human body located between the ribs and the hip.		पार्श्व		侧面	ခန္ဓာကိုယ်၏အခြမ်း			
741	side..of.something	682	SIDE	side (of something)	side	ꜱɪᴅᴇ	5			A surface or boundary that is not the top, bottom, front, or back of an object.		किनारा		侧面	တစ်စုံတစ်ခု၏ဘက်		side (of something)	
213	silver	759	SILVER	silver	silver	ꜱɪʟᴠᴇʀ	3			A precious, shiny, grayish-white metal used for making jewelry or coins.	銀	चाँदी		银	ငွေ		silver	silver
825	similar:to.be	1558	SIMILAR	to be similar	similar	ꜱɪᴍɪʟᴀʀ	5			To have qualities or features that are nearly the same as another person or thing.		समान होना		相似	အလားတူဖြစ်ရန်			
323	sing:to	1261	SING	to sing	sing	ꜱɪɴɢ	3			To produce musical sounds with the voice, often following a melody or rhythm.	歌う	गाना गाना		唱歌	သီချင်းသီဆိုရန်			
324	sink:to	1088	SINK (DESCEND)	to sink	sink	ꜱɪɴᴋ	3			To move or fall downward below the surface of a liquid.	沈む	डूबना		下沉	နစ်မြုပ်ရန်			
127	sister:elder	1758	OLDER SISTER	elder sister	elder.sister	ᴇʟᴅᴇʀ.ꜱɪꜱᴛᴇʀ	3		kinship	A female sibling who was born before the speaker.	姉	दीदी		姐姐	အစ်မ			
1004	sister:younger	1761	YOUNGER SISTER	younger sister	younger.sister	ʏᴏᴜɴɢᴇʀ.ꜱɪꜱᴛᴇʀ	5		kinship	A female sibling who was born after the speaker or after another person.	妹	छोटी बहन		妹妹	ညီမအငယ်			
90	sit:to	1416	SIT	to sit	sit	ꜱɪᴛ	2			To rest the body on the buttocks or a seat rather than standing or lying down.	座る	बैठना		坐	ထိုင်ရန်		(be) seated	sit
826	skilled:to.be	807	SKILLED	to be skilled	skilled	ꜱᴋɪʟʟᴇᴅ	5			To have the ability or expertise to perform a task or activity well.		कुशल होना		擅长	တစ်ခုခုကို ကျွမ်းကျင်ဖို့၊			
69	skin	763	SKIN	skin	skin	ꜱᴋɪɴ	2		body parts	The outer covering of a human or animal body.	皮膚	त्वचा		皮肤	အရေပြား		skin	skin/bark
744	skirt..mekhela	1600	SKIRT	skirt (mekhela)	skirt	ꜱᴋɪʀᴛ	5			A piece of clothing that covers the lower body from the waist down to the legs or ankles, but does not include separate legs like trousers.								
745	skull	1605	SKULL	skull	skull	ꜱᴋᴜʟʟ	5		body parts	The bony structure that protects the brain and forms the upper part of the head.		खोपड़ी		颅骨	ဦးခေါင်းခွံ		skull	
214	sky	1732	SKY	sky	sky	ꜱᴋʏ	3			The expanse of space above the earth or the ground.	空	आकाश		天空	ကောင်းကင်		sky	sky
25	sleep:to	1585	SLEEP	to sleep	sleep	ꜱʟᴇᴇᴘ	1			To be in a state of rest where the eyes are closed and the person is unconscious for a period of time.	眠る	सोना		睡觉	အိပ်ရန်		to sleep	sleep/lie down
827	slippery:to.be	3702	SLIPPERY	to be slippery	slippery	ꜱʟɪᴘᴘᴇʀʏ	5			To have a surface that is difficult to hold or stand on because it is smooth, wet, or oily.		चिकना		滑	ချောရမည်။		(be) slippery	
262	slow:to.be	701	SLOW	to be slow	slow	ꜱʟᴏᴡ	3			To move or act at a low speed, rather than quickly.	ゆっくりと, おそい	धीमा		慢	နှေးနှေး		to be slow	
263	small:to.be	1246	SMALL	to be small	small	ꜱᴍᴀʟʟ	3			To have a little size or a short length, rather than being large or long.	小さい	छोटा होना		小	သေးငယ်ဖို့		to be small	
930	smell..intransitive:to	1587	SMELL (STINK)	to smell (intransitive)	smell	ꜱᴍᴇʟʟ	5			To perceive an odor or scent through the nose.		खुशबू होना		有味道	အနံ့ရှိရန်		stink, smell (bad)	
325	smell..something:to	1586	SMELL (PERCEIVE)	to smell (something)	smell	ꜱᴍᴇʟʟ	3			To perceive an odor or scent through the nose.	嗅ぐ, におう	सूंघना		闻	အနံ့ခံရန်			smell
487	smell.bad:to	–	–	to smell bad	smell.bad	ꜱᴍᴇʟʟ.ʙᴀᴅ	4			To emit an unpleasant or offensive odor.				臭	အနံ့ဆိုးဖို့			
488	smell.good..fragrant:to	–	–	to smell good (fragrant)	smell.good	ꜱᴍᴇʟʟ.ɢᴏᴏᴅ	4			To have a pleasant or sweet scent.		सुगंधित होना		香	အနံ့ကောင်းဖို့			
931	smile:to	1451	SMILE	to smile	smile	ꜱᴍɪʟᴇ	5			To turn up the corners of the mouth to show pleasure or happiness without opening the lips or showing teeth.		मुस्कुराना		微笑	ပြုံးဖို့			
70	smoke	778	SMOKE (EXHAUST)	smoke	smoke	ꜱᴍᴏᴋᴇ	2			The visible gas or vapor produced when a substance burns, often seen coming from a fire or an engine.	煙	धुआं		烟	မီးခိုး			smoke
326	smoke:to	1689	SMOKE (INHALE)	to smoke	smoke	ꜱᴍᴏᴋᴇ	3			To inhale and exhale the smoke from a burning substance, such as tobacco, through a pipe, cigarette, or similar device.		धूम्रपान करना		抽烟	ဆေးလိပ်သောက်ရန်			
264	smooth:to.be	1234	SMOOTH	to be smooth	smooth	ꜱᴍᴏᴏᴛʜ	3			To have an even and level surface without any bumps, ridges, or roughness.	すべすべした	मुलायम होना		平滑	ချောမွေ့စေရန်		to be smooth (road)	
215	snail	1543	SNAIL	snail	snail	ꜱɴᴀɪʟ	3		fauna	A small, soft-bodied creature that carries a single, hard, spiraled shell on its back and moves slowly by sliding on a layer of slime.	カタツムリ	घोंघा		蜗牛	ခရု		snail	
17	snake	730	SNAKE	snake	snake	ꜱɴᴀᴋᴇ	1		fauna	A long, thin reptile that has no legs and moves by sliding its body along the ground.	蛇	साँप		蛇	မြွေ		snake	snake
932	sneeze:to	1621	SNEEZE	to sneeze	sneeze	ꜱɴᴇᴇᴢᴇ	5			To expel air suddenly and forcefully through the nose and mouth, often due to dust, an irritant, or a cold.		छींकना		打喷嚏	နှာချေရန်		to sneeze	
933	snore:to	1983	SNORE	to snore	snore	ꜱɴᴏʀᴇ	5			To make loud, rhythmic breathing sounds while sleeping.		खर्राटे लेना		打鼾	ဟောက်ရန်			
216	snot..liquid.mucus	208	NASAL MUCUS (SNOT)	snot (liquid mucus)	snot	ꜱɴᴏᴛ	3		body parts	The liquid or viscous substance that comes out of the nose.	鼻水	नाक का मूसा		鼻涕	နှပ်		nasal mucus, snot	snot
265	soft:to.be	1856	SOFT	to be soft	soft	ꜱᴏꜰᴛ	3			To have a texture that is easily compressed or yielding to the touch, rather than being hard or firm.	やわらかい	मुलायम होना		软	ပျော့ပျောင်းစေရန်		to be soft (cotton)	soft (to touch)
749	some..portion	1241	SOME	some (portion)	some	ꜱᴏᴍᴇ	5			An unspecified amount or number of a thing, which is not all of it.	いくつか	कुछ  नहीं सब		一些	အချို့၊ အားလုံးမဟုတ်ပါ။		some (people)	
432	son	1620	SON	son	son	ꜱᴏɴ	4		kinship	A male child or offspring in relation to his parents.	息子	बेटा		儿子	သား		son	child/son
750	son.in.law	1056	SON-IN-LAW	son in law	son.in.law	ꜱᴏɴ.ɪɴ.ʟᴀᴡ	5		kinship	The male person who is married to one's daughter or a sibling's daughter.	婿	जमाई		女婿	သမက်		son-in-law	son-in-law
751	song	1096	SONG	song	song	ꜱᴏɴɢ	5			A musical composition consisting of words that are sung rather than spoken.	歌	गीत		歌曲	သီချင်း		song	
752	soul!spirit..of.living	811	SOUL	soul, spirit (of living)	soul	ꜱᴏᴜʟ	5			The non-physical part of a living person that is believed to exist separately from the body and remains after death.		आत्मा		灵魂	ဝိညာဉ်		soul, spirit (of living person)	
266	sour:to.be	1906	SOUR	to be sour	sour	ꜱᴏᴜʀ	3			To have a sharp, acidic, or tart taste, such as the flavor of a lemon or vinegar.	すっぱい	खट्टा होना		酸	အချဉ်ဖြစ်ရန်		to be sour	sour
753	south	1595	SOUTH	south	south	ꜱᴏᴜᴛʜ	5			The cardinal direction that lies opposite to north.	南	दक्षिण		南	တောင်			
327	sow..crops:to	748	SOW SEEDS	to sow (crops)	sow	ꜱᴏᴡ	3			To place seeds or grains into the soil so that they may grow into plants.	蒔く	बोना या बोवाई करना		播种	ကြဲရန်			
754	soy.bean	2028	SOYA BEAN	soy bean	soy.bean	ꜱᴏʏ.ʙᴇᴀɴ	5		flora	A small, oval seed from a leguminous plant, often used to make oil or fermented food products.		सोयाबीन		黄豆	ပဲပိစပ်		soy bean	
755	sparrow	1854	SPARROW	sparrow	sparrow	ꜱᴘᴀʀʀᴏᴡ	5		fauna	A small, common bird with a short, stout beak and brown plumage, often seen living near human dwellings.	雀	गौरैया		麻雀	စာငှက်			
328	speak:to	1623	SPEAK	to speak	speak	ꜱᴘᴇᴀᴋ	3			To use a language or a set of sounds to communicate thoughts and ideas.	話す	बोलना		说	ပြောရန် သို့မဟုတ် ပြောရန်			
71	spear	945	SPEAR	spear	spear	ꜱᴘᴇᴀʀ	2			A long-handled weapon with a sharp, pointed head used for thrusting or throwing.	槍	भाला		矛	လှံ		spear	
828	special:to.be	–	–	to be special	special	ꜱᴘᴇᴄɪᴀʟ	5			To be different from the usual or the ordinary; to be unique or extraordinary.		विशेष होना		特别	အထူးဖြစ်ရန်			
433	spicy..of.chilis:to.be	544	SPICY	to be spicy (of chilis)	spicy	ꜱᴘɪᴄʏ	4			To have a strong, hot, or burning sensation in the mouth caused by eating a chili pepper.	苦い	मसालेदार		辣	ငရုတ်သီးမှအစပ်		to be spicy	
217	spider	843	SPIDER	spider	spider	ꜱᴘɪᴅᴇʀ	3		fauna	An eight-legged arachnid that often spins a web to catch insects.	蜘蛛	मकड़ी		蜘蛛	ပင့်ကူ		spider	
218	spider::web	1065	SPIDER WEB	spiderweb	spiderweb	ꜱᴘɪᴅᴇʀᴡᴇʙ	3		fauna	The silk structure spun by an arachnid to catch prey or move around.		मकड़ी का जाल		蜘蛛网	ပင့်ကူအိမ်ကွန်ယက်		spider web	
934	spin..cotton:to	–	–	to spin (cotton)	spin	ꜱᴘɪɴ	5			To turn raw fibers into thread or yarn by twisting them together using a tool.	紡ぐ	धुनाई करना		纺	ချည်လှည့်ဖို့			
756	spirit..deity	53	SPIRIT	spirit (deity)	spirit	ꜱᴘɪʀɪᴛ	5			A supernatural being or entity that is worshipped as a god or goddess.	神	आत्मा		精神	စိတ်ဝိညာဉ်		spirit (of dead person) (invisible)	
329	spit:to	1440	SPIT	to spit	spit	ꜱᴘɪᴛ	3			To eject saliva or a small amount of liquid from the mouth by force.	つばを吐く	थूकना		吐	တံတွေးထွေးရန်			spit
757	splinter..injury	–	–	splinter (injury)	splinter	ꜱᴘʟɪɴᴛᴇʀ	5			A small, thin, sharp piece of wood or metal that has become embedded under the skin.								
935	split:to	1437	SPLIT	to split	split	ꜱᴘʟɪᴛ	5			To divide a single object into two or more separate parts, typically by using a sharp tool or force along a line or crack.		फटना		劈	ခွဲရန်			
936	spoil..of.food:to	569	SPOIL (BECOME SPOILED)	to spoil (of food)	spoil	ꜱᴘᴏɪʟ	5			To undergo a process of decay or rot, making it unsafe or unpleasant to eat.		ख़राब होना		腐败	လုယူရန်		spoil (food) (intr)	
758	spoon..utensil	1378	SPOON	spoon (utensil)	spoon	ꜱᴘᴏᴏɴ	5			A tool used for eating or serving food, consisting of a small, shallow bowl at one end of a handle.	匙	चम्मच		勺子	ဇွန်း		spoon	
937	spread..of.roots:to			to spread (of roots)	spread	ꜱᴘʀᴇᴀᴅ	5			To grow outward from a central point or stem into the surrounding soil.		फैलना		扩散	အမြစ်၏ပြန့်ပွားရန်			
330	squeeze:to	1414	SQUEEZE	to squeeze	squeeze	ꜱꞯᴜᴇᴇᴢᴇ	3			To apply pressure to an object between two surfaces, such as fingers or hands, often to extract liquid or to change its shape.	しぼる	दबाना		挤	ညှစ်ရန်			squeeze
598	squirrel:flying	3271	FLYING SQUIRREL	flying squirrel	flying.squirrel	ꜰʟʏɪɴɢ.ꜱꞯᴜɪʀʀᴇʟ	5		fauna	A small rodent with a membrane of skin between its limbs that allows it to glide from tree to tree.		उड़ती गिलहरी		飞鼠	ရှဉ့်ပျံ			
759	squirrel..general	1628	SQUIRREL	squirrel (general)	squirrel	ꜱꞯᴜɪʀʀᴇʟ	5		fauna	A small rodent with a long, bushy tail that lives in trees and eats nuts.	リス	गिलहरी		松鼠	ရှဉ့်		squirrel	
91	stand..in.place:to	1442	STAND	to stand (in place)	stand	ꜱᴛᴀɴᴅ	2			To be in an upright position on one's feet in a single location.	立つ	खड़े रहना		站	ရပ်တည်ရန်		to stand (remain)	stand
72	star	1430	STAR	star	star	ꜱᴛᴀʀ	2			A large, luminous ball of gas in space that shines in the night sky.	星	तारा		星星	ကြယ်ပွင့်		star	star
738	star:shooting	2835	SHOOTING STAR	shooting star	shooting.star	ꜱʜᴏᴏᴛɪɴɢ.ꜱᴛᴀʀ	5			A bright light that appears to move quickly across the night sky and then disappears.								
938	stay:to	–	–	to stay	stay	ꜱᴛᴀʏ	5			To remain in a particular place or position instead of leaving or moving.		रहना		住	နေဖို့၊ နေဖို့			
331	steal:to	713	STEAL	to steal	steal	ꜱᴛᴇᴀʟ	3			To take property or an object that belongs to someone else without their permission and without paying for it.	盗む	चुराना		偷	ခိုးယူရန်			steal
489	step:to	2065	STEP (VERB)	to step	step	ꜱᴛᴇᴘ	4			To lift a foot and place it down in a new position to move the body forward.		कदम रखना		迈步	ခြေတစ်လှမ်းယူရန်		step (v)	
939	step.on:to	–	–	to step on	step.on	ꜱᴛᴇᴘ.ᴏɴ	5			To place one's foot on top of something.		कुछ पर कदम रखना		踩	တစ်ခုခုကို လှမ်းဖို့			
490	stick..glue:to			to stick (glue)	stick	ꜱᴛɪᴄᴋ	4			To join or attach two surfaces together using a sticky substance like resin, sap, or adhesive.								
219	stick..tree	1295	STICK	stick (tree)	stick	ꜱᴛɪᴄᴋ	3			A thin, woody piece of a plant or a tree that has fallen or been broken off.	杖, 棒	छड़ी		棍子	တုတ်			stick
332	sting..of.bee:to	571	STING	to sting (of bee)	sting	ꜱᴛɪɴɢ	3			To pierce the skin with a sharp organ to inject venom, specifically as an action performed by an insect like a bee or wasp.		दर्द होना		叮	ကိုက်တယ်။		sting (v)	
761	stomach..organ	819	STOMACH	stomach (organ)	stomach	ꜱᴛᴏᴍᴀᴄʜ	5		body parts	The hollow organ in the upper abdomen where food is held and digested.	胃	पेट		肚子	အစာအိမ်			
73	stone	857	STONE	stone	stone	ꜱᴛᴏɴᴇ	2			A hard, solid, non-living mineral matter found in the ground or on the surface of the earth.	石	पत्थर		石头	ကျောက်		stone	stone
940	stop..moving:to	2880	HALT (STOP)	to stop (moving)	stop	ꜱᴛᴏᴘ	5			To cease all movement or motion.	止まる	कुछ नहीं करना		停	လှုပ်ရှားခြင်း သို့မဟုတ် တစ်ခုခုလုပ်ခြင်းကို ရပ်ရန်			
762	storm	858	STORM	storm	storm	ꜱᴛᴏʀᴍ	5			A strong, violent movement of air often accompanied by heavy rain, wind, or thunder and lightning.		तूफान		暴风雨	မုန်တိုင်း			
455	straight:to.be	1404	STRAIGHT	to be straight	straight	ꜱᴛʀᴀɪɢʜᴛ	4			To be in a line that does not bend, curve, or turn.	まっすぐな	सीधा होना		直	ဖြောင့်ဖို့		to be straight (road)	
763	stream	947	STREAM	stream	stream	ꜱᴛʀᴇᴀᴍ	5			A small, narrow body of flowing water that moves continuously in a single direction.	小川	नदी		小溪	ရေနွေးငွေ့		stream	
267	strong:to.be	785	STRONG	to be strong	strong	ꜱᴛʀᴏɴɢ	3			To possess great physical power or force.	強い	मजबूत होना		强	ခိုင်မာဖို့		to be strong	
491	suck:to	1421	SUCK	to suck	suck	ꜱᴜᴄᴋ	4			To draw a liquid or substance into the mouth by creating a vacuum with the lips or tongue.	吸う	चूसना		吸	စုတ်ဖို့		to suck (milk)	
764	sugar::cane	146	SUGAR CANE	sugarcane	sugarcane	ꜱᴜɢᴀʀᴄᴀɴᴇ	5		flora	A tall, thick grass with a sweet, juicy stem used for making sugar or juice.	さとうきび	गन्ना		甘蔗	ကြံ		sugarcane	
18	sun	1343	SUN	sun	sun	ꜱᴜɴ	1			The star at the center of the solar system that provides light and heat to the earth during the day.	太陽	सूरज		太阳	နေ		sun	sun/day
765	sun::shine	3276	SUNSHINE	sunshine	sunshine	ꜱᴜɴꜱʜɪɴᴇ	5			The direct light and warmth received from the sun.		धूप		阳光	နေရောင်ခြည်		sunshine	
941	support:to	2994	SUPPORT (OF OBJECT)	to support	support	ꜱᴜᴘᴘᴏʀᴛ	5			To bear the weight of an object to prevent it from falling or sinking.		शारीरिक रूप से सहायता देना		扶	ရုပ်ပိုင်းဆိုင်ရာထောက်ပံ့ရန်			
766	surface..of.liquid	547	SURFACE	surface (of liquid)	surface	ꜱᴜʀꜰᴀᴄᴇ	5			The top layer of a liquid, such as water or oil, that is exposed to the air.		पानी की सतह		水面	ရေမျက်နှာပြင်			
767	surplus	–	–	surplus	surplus	ꜱᴜʀᴘʟᴜꜱ	5			An amount of something that is more than what is needed or used.		प्रचुर	প্ৰচুৰ থাকিব	充足	ပေါများမည်။			
768	swallow:.bird	3077	SWALLOW (BIRD)	swallow	swallow	ꜱᴡᴀʟʟᴏᴡ	5		fauna	A small, flying bird with pointed wings that often builds nests near human dwellings.		अववटा		燕子	swallow ဟုခေါ်သည်။			
492	swallow:to	897	SWALLOW	to swallow	swallow	ꜱᴡᴀʟʟᴏᴡ	4			To move food, liquid, or an object from the mouth down the throat and into the stomach.		निगलना		吞	မျိုချရန်			
942	sway..in.wind:to	573	SWAY	to sway (in wind)	sway	ꜱᴡᴀʏ	5			To move slowly and rhythmically from side to side, as a tree or a plant does when air moves against it.		हिलना		摇摆	သစ်ပင်ကဲ့သို့ ယိမ်းနွဲ့ရန်၊			
943	swear..oath:to	1939	SWEAR	to swear (oath)	swear	ꜱᴡᴇᴀʀ	5			To make a solemn, formal promise or a declaration of truth, often invoking a deity or a sacred object to prove that one is telling the truth.		शपथ लेना या शाप देना		骂人  亵渎	ကျိန်ဆိုခြင်း၊		swear	
333	sweat:to	126	SWEAT (PERSPIRE)	to sweat	sweat	ꜱᴡᴇᴀᴛ	3			To exude moisture from the pores of the skin, typically due to heat, physical exertion, or illness.		पसीना आना		出汗	ချွေးထွက်ဖို့		perspire, sweat (v)	sweat
944	sweep:to	230	SWEEP	to sweep	sweep	ꜱᴡᴇᴇᴘ	5			To move or clean a floor or other surface using a tool such as a broom.	掃く	पॉछा करना		扫	လှည်းရန်		sweep	
268	sweet:to.be	717	SWEET	to be sweet	sweet	ꜱᴡᴇᴇᴛ	3			To have a taste like sugar or honey rather than being salty, sour, or bitter.	甘い	मीठा होना		甜	မွှေးဖို့		to be sweet	sweet
493	swell:to	1573	SWELL	to swell	swell	ꜱᴡᴇʟʟ	4			To increase in size or volume, often due to an injury, fluid buildup, or internal pressure.	ふくらむ	सूजना		肿	ဖောရောင်ရန်		swell (intr)	
945	swim:to	1439	SWIM	to swim	swim	ꜱᴡɪᴍ	5			To move through water by moving the limbs.	泳ぐ	तैरना		游泳	ရေကူးရန်			
769	table	1775	TABLE	table	table	ᴛᴀʙʟᴇ	5			A piece of furniture with a flat top and legs used for eating, working, or placing objects on.		मेज		桌子	စားပွဲ			
74	tail	1220	TAIL	tail	tail	ᴛᴀɪʟ	2		body parts	The posterior part of an animal's body that extends from the spine.	尻尾	पूंछ		尾巴	အမြီး		tail	tail
946	take:to	1749	TAKE	to take	take	ᴛᴀᴋᴇ	5			To grasp or reach for something with the hands and move it toward oneself or into one's possession.	持って行く	लेना		拿	ယူရန်			
269	tall:to.be	711	TALL	to be tall	tall	ᴛᴀʟʟ	3			To have a great vertical distance from the bottom to the top, such as a person or a tree.		ऊँचा		高	အရပ်မြင့်သည်ဖြစ်စေ၊		to be tall	long/tall
770	tamarind..pod	35	TAMARIND	tamarind (pod)	tamarind	ᴛᴀᴍᴀʀɪɴᴅ	5		flora	The fruit of a tropical tree that grows in a long, brown pod and has a sour, fleshy pulp used in cooking.	タマリンド	इमली		罗望子	မန်ကျည်း		tamarind tree	
434	taro..kochu	351	TARO	taro (kochu)	taro	ᴛᴀʀᴏ	4			A tropical plant with large, broad leaves and an edible starchy underground part.	さといも	अरबी		芋头	ပိန်းဥ		cocoyam, taro	
947	taste:to	21	TASTE (SOMETHING)	to taste	taste	ᴛᴀꜱᴛᴇ	5			To experience the flavor of a substance in the mouth using the tongue.		स्वाद चखना		品尝	မြည်းကြည့်ရန်		taste	
435	tattoo	68	TATTOO	tattoo	tattoo	ᴛᴀᴛᴛᴏᴏ	4		body parts	A design or pattern made on the skin by permanent ink.		गोदना		纹身	တက်တူး		tattoo(s)	
436	tea..beverage	1373	TEA	tea (beverage)	tea	ᴛᴇᴀ	4		flora	A beverage made by soaking the leaves of a plant in hot water.	茶（飲料）	चाय		茶	လက်ဖက်ရည်		tea	
948	teach:to	709	TEACH	to teach	teach	ᴛᴇᴀᴄʜ	5			To impart knowledge, skills, or information to another person.	教える	सिखाना		教	သင်ကြားရန်		teach	
771	teacher	1038	TEACHER	teacher	teacher	ᴛᴇᴀᴄʜᴇʀ	5			A person who instructs others or provides knowledge in a school, institution, or through a specific skill.		शिक्षक		老师	ဆရာမ		teacher	
949	tell:to	1711	TELL	to tell	tell	ᴛᴇʟʟ	5			To convey information, a story, or a fact through speech to another person.		बताना		告诉	ပြောဖို့		to tell about	
772	testicle	797	TESTICLES	testicle	testicle	ᴛᴇꜱᴛɪᴄʟᴇ	5		body parts	One of the two oval-shaped organs in the male reproductive system that produce sperm and are located inside the scrotum.	睾丸	अंडकोष		睾丸	ဝှေးစေ့			
334	tether..goats:to			to tether (goats)	tether	ᴛᴇᴛʜᴇʀ	3			To tie an animal, such as a goat, to a fixed object or a stake in the ground so that it can move around within a limited area but cannot wander away.								
950	thank:to	2412	THANK (SOMEBODY)	to thank	thank	ᴛʜᴀɴᴋ	5			To express gratitude or appreciation toward someone for a favor, a gift, or a kind act.		धन्यवाद देना		感谢	ကျေးဇူးတင်ရန်			
773	that...dist.dem	4	THAT	that	dist.dem	ᴅɪꜱᴛ.ᴅᴇᴍ	5			A demonstrative used for an object or person that is located at a distance from both the speaker and the listener.	それ・その	वह		那个	အဲဒါ		that	
774	that...hyperdist.dem	–	–	that	hyperdist.dem	ʜʏᴘᴇʀᴅɪꜱᴛ.ᴅᴇᴍ	5			A specific object or person that is far away from both the speaker and the listener.								
829	thick..of.liquid:to.be	1244	THICK	to be thick (of liquid)	thick	ᴛʜɪᴄᴋ	5			To have a dense, viscous consistency that is difficult to pour or stir, such as mud or heavy cream.		गाढ़ा		稠	အရည် (အထူ)		to be thick (thing)	
270	thick..of.material:to.be	1244	THICK	to be thick (of material)	thick	ᴛʜɪᴄᴋ	3			To have a large distance between opposite surfaces or a large width.	厚い	मोटा		厚	အထူ			thick
437	thief	1160	THIEF	thief	thief	ᴛʜɪᴇꜰ	4			A person who takes property or money that belongs to someone else without permission.		चोर		小偷	သူခိုး		thief	
271	thin..of.material:to.be	2306	THIN (OF LEAF AND CLOTH)	to be thin (of material)	thin	ᴛʜɪɴ	3			To have a very small distance between the two sides or surfaces of an object, such as a piece of cloth or a leaf.	薄い	पतला		瘦	ပိန်တယ်။			thin
456	thin..people:to.be	1400	THIN (SLIM)	to be thin (people)	thin	ᴛʜɪɴ	4			To have a body with very little fat or muscle.	やせた, 痩せた	पतला होना		瘦	ပိန်ဖို့၊ ပိန်တယ်။		to be skinny (person)	
951	think:to	2271	THINK	to think	think	ᴛʜɪɴᴋ	5			To use the mind to form ideas, opinions, or judgments.	考える	सोचना		思考	စဉ်းစားရန်			
457	thirsty:to.be	3474	BE THIRSTY	to be thirsty	thirsty	ᴛʜɪʀꜱᴛʏ	4			To feel a need or a strong desire to drink water or another liquid.	喉がかわいた	प्यासा होना		渴	ရေငတ်ဖို့၊			
778	this...prox.dem	1214	THIS	this	prox.dem	ᴘʀᴏx.ᴅᴇᴍ	5			The specific object or person that is close to the speaker.	これ・この	यह		这个	ဒီ		this	
20	thorn	124	THORN	thorn	thorn	ᴛʜᴏʀɴ	1		flora	A sharp, pointed part on a plant or stem that can prick or scratch the skin.	棘	कांटा		刺	ဆူး		thorn	thorn (prick)
222	thread..string	1161	THREAD	thread (string)	thread	ᴛʜʀᴇᴀᴅ	3			A very thin, long, flexible strand made of fiber or material used for sewing or binding.	糸	धागा (dhaaga)		线	ချည်		thread (n)	
952	threaten:to	1192	THREATEN	to threaten	threaten	ᴛʜʀᴇᴀᴛᴇɴ	5			To express an intention to cause harm, injury, or misfortune to someone if they do not act in a certain way.		धमकाना (dhamkaana)		威胁	ခြိမ်းခြောက်ရန်		threaten	
781	throat	1346	THROAT	throat	throat	ᴛʜʀᴏᴀᴛ	5		body parts	The front part of the neck that connects the mouth to the rest of the body.	喉	गला	গলা	喉咙	လည်ချောင်း		throat	
494	throw:to	1456	THROW	to throw	throw	ᴛʜʀᴏᴡ	4			To propel an object through the air using a force from the arm or hand.	投げる	फेंकना (phenkna)		扔	ပစ်ရန်			
77	thunder	1150	THUNDER	thunder	thunder	ᴛʜᴜɴᴅᴇʀ	2			The loud, crashing sound caused by lightning in the sky during a storm.	雷	गरज (garaj)		雷	မိုးကြိုး		thunder	
335	tie..general:to	1917	TIE	to tie (general)	tie	ᴛɪᴇ	3			To fasten or secure two or more things together using a cord, string, or rope.	結ぶ	बांधना		打结	ချည်ရန်			tie
78	tiger	846	TIGER	tiger	tiger	ᴛɪɢᴇʀ	2		fauna	A large, powerful wild cat with orange fur and dark stripes, often found in forests.	虎	बाघ		老虎	ကျား		tiger	
830	tight..of.space:to.be	3053	TIGHT	to be tight (of space)	tight	ᴛɪɢʜᴛ	5			To be in a state where there is very little space or room for movement.		टाइट होना (taait hona)		紧	တင်းတင်းကျပ်ကျပ်ဖြစ်ရန်		(be) tight	
782	time	892	TIME	time	time	ᴛɪᴍᴇ	5			The continuous progression of existence and events from the past through the present into the future.	回	समय (samay)		时间	အချိန်		time	
969	tobacco.pipe	1124	PIPE	tobacco pipe	tobacco.pipe	ᴛᴏʙᴀᴄᴄᴏ.ᴘɪᴘᴇ	5			A tool used for smoking, consisting of a small bowl for holding dried leaves and a stem or tube through which smoke is inhaled.		हुक्का (hukka)		烟斗	ဆေးတံ			
340	today	1283	TODAY	today	today	ᴛᴏᴅᴀʏ	3			The current day; the day that is happening now, as opposed to yesterday or tomorrow.	今日	आज (aaj)		今天	ဒီနေ့		today	
341	toe	1389	TOE	toe	toe	ᴛᴏᴇ	3			The digit on a human or animal foot, located at the end of the foot below the toes.		पैर का अंगूठा (pair ka angutha)		脚趾	ခြေချောင်း		toe	finger/toe
95	tomorrow	1329	TOMORROW	tomorrow	tomorrow	ᴛᴏᴍᴏʀʀᴏᴡ	2			The day after the current day.	明日	कल (kal)		明天	မနက်ဖြန်		tomorrow	
407	tongs:fireplace	272	TONGS	fireplace tongs	fireplace.tongs	ꜰɪʀᴇᴘʟᴀᴄᴇ.ᴛᴏɴɢꜱ	4			A tool used for grasping and moving hot objects, such as burning wood or coals, within a hearth or fire.		चिमटा (chimtaa)		钳子	မီးညှပ်များ			
500	tongs..general	272	TONGS	tongs (general)	tongs	ᴛᴏɴɢꜱ	4			A tool consisting of two long arms that are joined at one end, used for grasping and lifting objects by squeezing them together.		थका देना (thaka dena)		累	တာယာ			
96	tongue	1205	TONGUE	tongue	tongue	ᴛᴏɴɢᴜᴇ	2		body parts	The fleshy, movable organ inside the mouth used for tasting, swallowing, and speaking.	舌	जीभ (jibh)		舌头	လျှာ		tongue	tongue
970	tonight	–	–	tonight	tonight	ᴛᴏɴɪɢʜᴛ	5			The period of time from sunset or evening until the next morning or sunrise.		आज रात (aaj raat)		今晚	ဒီည			
342	tooth..general	1380	TOOTH	tooth (general)	tooth	ᴛᴏᴏᴛʜ	3		body parts	A hard, white structure in the mouth used for biting or chewing food.	歯	दाँत (daant)		牙齿	သွား		tooth	tooth
971	torch	1919	TORCH	torch	torch	ᴛᴏʀᴄʜ	5			A handheld device that produces light by burning a fuel or using electricity.	たいまつ	टॉर्च (torch)		火炬	မီးရှူးတိုင်			
972	town	1391	TOWN	town	town	ᴛᴏᴡɴ	5			A human settlement that is larger than a village but smaller than a city.		शहर (shahar)		小镇	မြို့		town, city	
973	tradition	–	–	tradition	tradition	ᴛʀᴀᴅɪᴛɪᴏɴ	5			The set of beliefs, customs, or ways of behaving that have been passed down through generations within a group or family.		परंपरा (parampara)		传统	အစဉ်အလာ			
953	trample:to	–	–	to trample	trample	ᴛʀᴀᴍᴘʟᴇ	5			To step or crush something repeatedly with the feet.		पीठ से मारना (piith se maarna)		践踏	နင်းရန်			
954	trap:to	1170	TRAP (CATCH)	to trap	trap	ᴛʀᴀᴘ	5			To catch or capture an animal or a person using a device such as a net, a snare, or a cage.		फंसाना (phansaana)		设陷阱	ထောင်ချောက်		trap (animal) (v)	
974	trap..snare	3320	SNARE (TRAP)	trap (snare)	trap	ᴛʀᴀᴘ	5			A device consisting of a loop of cord or wire used to catch an animal by tightening around its neck or limb when it moves through it.	罠	फंदा (phanda)		陷阱	ထောင်ချောက်တစ်ခု			
975	treasure..wealth	2996	WEALTH	treasure (wealth)	treasure	ᴛʀᴇᴀꜱᴜʀᴇ	5			A large amount of valuable possessions, such as gold, jewels, or money.		खजाना (khazaana)		宝藏	ရတနာ			
27	tree	906	TREE	tree	tree	ᴛʀᴇᴇ	1		flora	A large, perennial plant with a single woody stem or trunk that branches out into limbs and leaves.	木	पेड़ (ped)		树	သစ်ပင်		tree	tree/wood
116	tree.:branch	1531	BRANCH	branch	branch	ʙʀᴀɴᴄʜ	3			A woody part of a tree that grows out from the main trunk or a larger limb.	枝	डाली		树枝	သစ်ကိုင်း		branch (tree)	branch
343	tree.bark	1204	BARK	tree bark	tree.bark	ᴛʀᴇᴇ.ʙᴀʀᴋ	3		flora	The hard, outer covering of the trunk and branches of a woody plant.	樹皮	छाल (chaal)		树皮	သစ်ပင်အခေါက်		tree bark	skin/bark
977	tribe..ethnic.group	1549	TRIBE	tribe (ethnic group)	tribe	ᴛʀɪʙᴇ	5			A social group of people who share a common culture, language, or ancestry.		जनजाति		部落	နွယ်		tribe, ethnic group	
978	trousers..pants	809	TROUSERS	trousers (pants)	trousers	ᴛʀᴏᴜꜱᴇʀꜱ	5			A garment worn on the lower body that covers each leg separately from the waist to the ankles.	ズボン	पतलून		裤子	ဘောင်းဘီရှည်		trousers	
831	true:to.be	1657	TRUE	to be true	true	ᴛʀᴜᴇ	5			To correspond with reality or facts; to be correct and not false.	本当の	सही होना		正确	မှန်ရန်			
979	turmeric	2842	TURMERIC	turmeric	turmeric	ᴛᴜʀᴍᴇʀɪᴄ	5		flora	A yellow or orange root used as a spice or for coloring food.	ウコン	हल्दी		姜黄	နနွင်း			
955	turn.around:to	1444	TURN AROUND	to turn around	turn.around	ᴛᴜʀɴ.ᴀʀᴏᴜɴᴅ	5			To rotate one's body or an object so that the back is now facing the original direction.		घूमना		转身	လှည့်ပတ်ရန်			
956	turn.back:to	–	–	to turn back	turn.back	ᴛᴜʀɴ.ʙᴀᴄᴋ	5			To reverse direction and move toward the place from which one came.		मुड़ना		转身	ပြန်လှည့်ရန်			
957	turn.over..overturn:to	–	–	to turn over (overturn)	turn.over	ᴛᴜʀɴ.ᴏᴠᴇʀ	5			To cause a container, vehicle, or object to flip so that its bottom is now on top or its contents are spilled.		उलटना		翻倒	မှောက်			
344	turtle..tortoise	112	TURTLE	turtle (tortoise)	turtle	ᴛᴜʀᴛʟᴇ	3		fauna	A reptile with a hard shell on its back, often living in water or on land.	陸亀	कछुआ		龟	လိပ် သို့မဟုတ် လိပ်		turtle	
981	twig	3222	TWIG	twig	twig	ᴛᴡɪɢ	5			A very small, thin branch that grows from a tree or a shrub.		टहनी		树枝	သစ်ကိုင်း			
495	twist:to	3236	TWIST (TOGETHER)	to twist	twist	ᴛᴡɪꜱᴛ	4			To turn or rotate something around its own axis, often to tighten it or to combine two or more separate strands into a single cord.		घुमाना		扭转	လိမ်ဖို့			
983	umbrella	3105	UMBRELLA	umbrella	umbrella	ᴜᴍʙʀᴇʟʟᴀ	5			A portable object used as a covering to protect a person from rain or sunlight.	傘	छतरी		雨伞	ထီး			
83	unripe:to.be	1958	UNRIPE	to be unripe	unripe	ᴜɴʀɪᴘᴇ	2			To be in a state where a fruit or grain is not yet fully grown, soft, or ready to be eaten.		अपका		未熟的	မမှည့်သော		(be) unripe	
958	untie:to	352	UNTIE	to untie	untie	ᴜɴᴛɪᴇ	5			To undo a knot or a fastening so that a cord, string, or lace is no longer joined together.	ほどく	खोलना		解开	ဇောင်း		untie	
959	urinate:to	–	–	to urinate	urinate	ᴜʀɪɴᴀᴛᴇ	5			To discharge liquid waste from the bladder through the penis or urethra.	小便する	पेशाब करना		小便	ဆီးသွားပါ။			piss
347	urine	1142	URINE	urine	urine	ᴜʀɪɴᴇ	3			A liquid that is produced in the body and excreted through the bladder.	小便	मूत्र		尿	ဆီး		urine	
348	valley	921	VALLEY	valley	valley	ᴠᴀʟʟᴇʏ	3			A low area of land situated between hills or mountains, often with a river or stream running through it.		घाटी (ghaati)		山谷	ချိုင့်ဝှမ်း		valley	river/valley
985	vegetable	924	VEGETABLES	vegetable	vegetable	ᴠᴇɢᴇᴛᴀʙʟᴇ	5		flora	A plant or part of a plant that is used as food.		सब्जी		蔬菜	ဟင်းသီးဟင်းရွက်			
501	vein..artery			vein (artery)	vein	ᴠᴇɪɴ	4			A tube in the body that carries blood from the organs back to the heart.								
986	venom	–	–	venom	venom	ᴠᴇɴᴏᴍ	5			A poisonous liquid produced by an animal, such as a snake or a scorpion, that is injected into another living creature through a bite or sting.		विष		毒液	အဆိပ်			
987	very	1311	VERY	very	very	ᴠᴇʀʏ	5			A word used to emphasize an adjective or an adverb, indicating a high degree or intensity of a quality.	非常に	खोल		贝壳	အခွံ			
28	village	930	VILLAGE	village	village	ᴠɪʟʟᴀɢᴇ	1			A small human settlement, typically located in a rural area, consisting of a group of houses and their inhabitants.	村	गांव		村庄	ရွာ		villager	village
349	vine..creeper	343	VINE	vine (creeper)	vine	ᴠɪɴᴇ	3		flora	A plant with a long, flexible stem that grows along the ground or climbs up other plants or trees.	つる	बेल		藤蔓	စပျစ်၊ တွား		vine	
92	vomit:to	1278	VOMIT	to vomit	vomit	ᴠᴏᴍɪᴛ	2			To eject the contents of the stomach through the mouth.	吐く	उल्टी करना		呕吐	အော့အန်ခြင်း။			vomit
988	vulture	1185	VULTURE	vulture	vulture	ᴠᴜʟᴛᴜʀᴇ	5		fauna	A large bird of prey that eats the flesh of dead animals.		गिद्ध		秃鹫	လင်းတ			
350	waist	1681	WAIST	waist	waist	ᴡᴀɪꜱᴛ	3		body parts	The part of the human body located between the chest and the hips.	腰	कमर		腰	ခါး		waist	
960	wait:to	1590	WAIT (FOR)	to wait	wait	ᴡᴀɪᴛ	5			To stay in one place or delay an action until a specific person arrives or a certain time or event occurs.	待つ	इंतज़ार करना		等待	စောင့်ဆိုင်းရန်			
93	walk:to	1443	WALK	to walk	walk	ᴡᴀʟᴋ	2			To move forward on foot by taking steps.	歩く	चलना		走路	လမ်းလျှောက်ရန်		to walk	
502	wall	3830	WALL	wall	wall	ᴡᴀʟʟ	4			A vertical structure that divides an enclosed space or separates two areas.	壁	दीवार		墙	နံရံ			
989	war	935	WAR	war	war	ᴡᴀʀ	5			A state of large-scale, organized armed conflict between different nations, countries, or political groups.		युद्ध		战争	စစ်ပွဲ		war	
272	warm:to.be	1232	WARM	to be warm	warm	ᴡᴀʀᴍ	3			To have a temperature that is higher than cold but lower than hot.	暖かい	गर्म होना		温暖	နွေးဖို့			warm
228	wash.:bathe:to	138	BATHE	to bathe	bathe	ʙᴀᴛʜᴇ	3			To wash or clean the whole body with water.		स्नान करना		洗澡	ရေချိုးရန်		to bathe	
336	wash..general:to	1453	WASH	to wash (general)	wash	ᴡᴀꜱʜ	3			To remove dirt, soap, or impurities from an object or a person using water.	洗う	धोना		洗	ဆေးကြောရန်		to wash (hands)	wash
337	wash.clothes:to	3434	WASH (CLOTHES)	to wash clothes	wash.clothes	ᴡᴀꜱʜ.ᴄʟᴏᴛʜᴇꜱ	3			To clean garments or pieces of fabric using water and a cleaning agent.								
497	wash.face:to	–	–	to wash face	wash.face	ᴡᴀꜱʜ.ꜰᴀᴄᴇ	4			To apply water to the face to clean it.								
498	wash.hair:to			to wash hair	wash.hair	ᴡᴀꜱʜ.ʜᴀɪʀ	4			To clean the hair on a person's head with water and soap or other cleansing agents.								
990	wasp	1517	WASP	wasp	wasp	ᴡᴀꜱᴘ	5		fauna	A stinging insect with a narrow waist, often living in a colony or nest.								
961	watch:to	1650	WATCH	to watch	watch	ᴡᴀᴛᴄʜ	5			To look at something or someone for a period of time with your eyes.	見る	देखना		观看	စောင့်ကြည့်ရန်			
29	water	948	WATER	water	water	ᴡᴀᴛᴇʀ	1			The clear, colorless liquid that falls from the sky as rain and is necessary for all living things to drink.	水							water
569	water:drinking	948	WATER	drinking water	drinking.water	ᴅʀɪɴᴋɪɴɢ.ᴡᴀᴛᴇʀ	5			The liquid that is necessary for life and is used for drinking, washing, and cooking.		पानी		水	ရေ		water	water
962	wave:to	3544	WAVE (VERB)	to wave	wave	ᴡᴀᴠᴇ	5			To move a hand or an arm repeatedly in the air, often as a greeting or to get someone's attention.		हिलाना		挥手	ဝှေ့ဖို့		wave (hand as a greeting) (v)	
528	wax..from.bee	1931	BEESWAX	wax (from bee)	wax	ᴡᴀx	5		fauna	A substance produced by bees in a honeycomb to build their nests.							beeswax	
273	weak:to.be	1601	WEAK	to be weak	weak	ᴡᴇᴀᴋ	3			To lack physical strength or power.	弱い	कमजोर होना		虚弱	အားနည်းဖို့၊		to be weak	
963	wear..of.clothes:to	976	WEAR	to wear (of clothes)	wear	ᴡᴇᴀʀ	5			To have a piece of clothing or an accessory on one's body.	着る	पहनना		穿	ဝတ်ဆင်ရန်		wear clothes	
964	wear..of.hat:to			to wear (of hat)	wear	ᴡᴇᴀʀ	5			To have a piece of headgear on one's head.	かぶる							
338	weave..baskets:to			to weave (baskets)	weave	ᴡᴇᴀᴠᴇ	3			To make a container or basket by interlacing strips of wood, bamboo, or other flexible materials.								
94	weave..fabric:to	133	WEAVE	to weave (fabric)	weave	ᴡᴇᴀᴠᴇ	2			To make cloth or fabric by interlacing threads or fibers on a loom.	織る	बुनना		编织	ရက်ကန်း		to weave (cloth)	weave
991	weed	3288	WEED	weed	weed	ᴡᴇᴇᴅ	5		flora	A plant that grows where it is not wanted, especially among crops or in a garden.		खुरप्पा मारना		除草	ပေါင်းပင်		weed (v)	
992	week	1469	WEEK	week	week	ᴡᴇᴇᴋ	5			A period of seven consecutive days.	週							
26	weep..cry:to	1839	CRY	to weep (cry)	weep	ᴡᴇᴇᴘ	1			To shed tears from the eyes, often as an expression of sadness, pain, or grief.	泣く	रोना		哭泣	ငို၊ ငို			weep
834	well.lit:to.be	–	–	to be well lit	well.lit	ᴡᴇʟʟ.ʟɪᴛ	5			To have a lot of light or to be brightly illuminated.		चमकदार		明亮	တောက်ပစွာလင်း			
351	west	1817	WEST	west	west	ᴡᴇꜱᴛ	3			The direction where the sun sets in the evening.	西	पश्चिम		西	အနောက်		west	
458	wet:to.be	1726	WET	to be wet	wet	ᴡᴇᴛ	4			To be covered or soaked with a liquid, such as water.	濡れた	गीला होना		湿的	စိုစွတ်ဖို့		to be wet (with water)	
965	whistle:to	1025	WHISTLE	to whistle	whistle	ᴡʜɪꜱᴛʟᴇ	5			To make a high-pitched sound by forcing air through the lips or teeth.		सीटी बजाना		吹口哨	လမင်း			
993	whole..complete	2277	WHOLE	whole (complete)	whole	ᴡʜᴏʟᴇ	5			The entire amount or all of a single thing, without any parts missing or left over.		पूरा		完整的	အပြည့်အစုံ			
835	wicked..cruel:to.be	3764	BAD OR EVIL	to be wicked (cruel)	wicked	ᴡɪᴄᴋᴇᴅ	5			To act in a way that is harmful, hurtful, or morally wrong toward others.		बुरा होना		邪恶的	လူဆိုး		(be) wicked	
496	wide..broad:to.ve	1243	WIDE	to ve wide (broad)	ve.wide	ᴠᴇ.ᴡɪᴅᴇ	4			To have a large distance from one side to the other.	広い	चौड़ा		宽的	ကျယ်သည်ဖြစ်စေ ကျယ်သည်		to be wide/broad	
994	widow	1756	WIDOW	widow	widow	ᴡɪᴅᴏᴡ	5			A woman whose spouse has died and who has not remarried.	やもめ	विधवा		寡妇	မုဆိုးမ		widow	
995	widower	1981	WIDOWER	widower	widower	ᴡɪᴅᴏᴡᴇʀ	5			A man whose spouse has died.		विधुर		寡夫	မုဆိုးဖို		widower	
996	wife	1199	WIFE	wife	wife	ᴡɪꜰᴇ	5		kinship	A female partner in a marriage or a long-term committed relationship.	妻	पत्नी		妻子	မယား		wife	
98	wind	960	WIND	wind	wind	ᴡɪɴᴅ	2			The natural movement of air caused by differences in atmospheric pressure.	風	हवा		风	လေ		wind	wind
99	wing	1257	WING	wing	wing	ᴡɪɴɢ	3		body parts	The part of a bird, insect, or bat used for flying, consisting of a limb or membrane attached to the body.	翼	पंख		翅膀	တောင်ပံ		wing	wing
339	winnow:to	2462	WINNOWING	to winnow	winnow	ᴡɪɴɴᴏᴡ	3			To blow air through a mixture of grain and husks to separate the edible part from the waste.		झाड़ना		簸箕	လှေ့ရန်		winnow (v)	
504	winter..cold.season	1471	WINTER	winter (cold season)	winter	ᴡɪɴᴛᴇʀ	4			The coldest season of the year, occurring between autumn and spring.	冬	सर्दी		冬天	ဆောင်းရာသီ			
499	wipe:to	1454	WIPE	to wipe	wipe	ᴡɪᴘᴇ	4			To move a cloth, hand, or other tool across a surface to remove dirt, liquid, or dust.	拭く	पोंछना		擦	သုတ်ရန်			
836	wise:to.be	698	WISE	to be wise	wise	ᴡɪꜱᴇ	5			To possess or show great intelligence, good judgment, and deep understanding.		बुद्धिमान		明智的	ပညာရှိဖြစ်ရန်		(be) wise	
682	woman:old	907	OLD WOMAN	old woman	old.woman	ᴏʟᴅ.ᴡᴏᴍᴀɴ	5			An elderly female person.		बुढ़िया		老太太	မိန်းမကြီး			
352	woman..female.human	962	WOMAN	woman (female human)	woman	ᴡᴏᴍᴀɴ	3			An adult female human being.	女	महिला		女人	မိန်းမ		woman	
353	wood	1803	WOOD	wood	wood	ᴡᴏᴏᴅ	3			The hard, fibrous material that forms the stem or trunk of a tree or shrub.		लकड़ी		木头	သစ်သား			tree/wood
998	woodpecker..general	2447	WOODPECKER	woodpecker (general)	woodpecker	ᴡᴏᴏᴅᴘᴇᴄᴋᴇʀ	5		fauna	A bird with a strong, pointed beak that repeatedly strikes the trunks of trees to find insects.		कठफोड़वा		啄木鸟	ကိုက်ငှက်			
999	word	1599	WORD	word	word	ᴡᴏʀᴅ	5			A single unit of speech or writing that has a specific meaning.		शब्द		单词	စကားလုံး		word	
966	work:to	1086	WORK (ACTIVITY)	to work	work	ᴡᴏʀᴋ	5			To engage in physical or mental effort to achieve a goal or earn a living.	働く	काम करना		工作	အလုပ်လုပ်ရန်		to work	
1000	world..metaphysical	965	WORLD	world (metaphysical)	world	ᴡᴏʀʟᴅ	5			The totality of all existence, including all things that are real, both physical and non-physical.		दुनिया		世界	ကမ္ဘာ		world	
354	worm..general	1219	WORM	worm (general)	worm	ᴡᴏʀᴍ	3		fauna	An elongated, soft-bodied animal that crawls on or through the ground.		कीड़ा		虫子	သန်ကောင်			
967	wrap..cloth:to	1113	WRAP	to wrap (cloth)	wrap	ᴡʀᴀᴘ	5			To encircle or cover an object by folding or winding a piece of fabric around it.	包む	लपेटना		包裹	ထုပ်ပိုးရန်		wrap up (v)	
1001	wrist::band	3943	WRISTBAND	wristband	wristband	ᴡʀɪꜱᴛʙᴀɴᴅ	5			A strip of cloth, plastic, or leather worn around the wrist as an ornament or to identify a person.								
968	yawn:to	1028	YAWN	to yawn	yawn	ʏᴀᴡɴ	5			To open the mouth wide and inhale deeply, often due to tiredness or boredom.	あくびする	ज़्यादा से ज़्यादा साँस लेना		打哈欠	သမ်းရန်			
30	year	1226	YEAR	year	year	ʏᴇᴀʀ	1			A single period of time that it takes for the earth to orbit around the sun.	年	साल		年	တစ်နှစ်		year	year
644	year:last	514	LAST YEAR	last year	last.year	ʟᴀꜱᴛ.ʏᴇᴀʀ	5			The year that has just finished or the one immediately preceding the current one.	去年							
676	year:next	515	NEXT YEAR	next year	next.year	ɴᴇxᴛ.ʏᴇᴀʀ	5			The year that follows the current one.	来年	अगले साल		明年	နောက်နှစ်			
779	year:this	513	THIS YEAR	this year	this.year	ᴛʜɪꜱ.ʏᴇᴀʀ	5			The current twelve-month period that is happening now.	今年							
1002	yeast	967	YEAST	yeast	yeast	ʏᴇᴀꜱᴛ	5			A microscopic fungus used to make bread rise or to produce fermented drinks like beer or wine.		खमीर		酵母	တဆေး			
100	yesterday	1174	YESTERDAY	yesterday	yesterday	ʏᴇꜱᴛᴇʀᴅᴀʏ	2			The day before today.	昨日	कल		昨天	မနေ့က		yesterday	
