slno	concept_id	concepticon_id	concepticon_name	name	gloss	concept	stage	comment	category	definition	japanese	hindi	assamese	mandarin	burmese	nagamese	SILCAWL	CALMSEA
1005	0000.:zero	1294	ZERO	zero	zero	ᴢᴇʀᴏ	5		numbers	The number representing nothing or the absence of any quantity.	零	शून्य	শূন্য	零	သုည			
61	0001.:one	1493	ONE	one	one	ᴏɴᴇ	2		numbers	The number that comes after zero and before two.	一	एक	এক	一	တစ်		one (person)	one
97	0002.:two	1498	TWO	two	two	ᴛᴡᴏ	2		numbers	The number that comes after one and before three.	二	दो	দুই	二	နှစ်		two (persons)	two
76	0003.:three	492	THREE	three	three	ᴛʜʀᴇᴇ	2		numbers	The number that comes after two and before four.	三	तीन	তিনি	三	သုံး		three (persons)	three
54	0004.:four	1500	FOUR	four	four	ꜰᴏᴜʀ	2		numbers	The number that comes after three and before five.	四	चार	চাৰি	四	လေး		four (persons)	four
53	0005.:five	493	FIVE	five	five	ꜰɪᴠᴇ	2		numbers	The number that comes after four and before six.	五	पांच	পাঁচ	五	ငါး		five (persons)	five
68	0006.:six	1703	SIX	six	six	ꜱɪx	2		numbers	The number that comes after five and before seven.	六	छह	ছয়	六	ခြောက်ခဲ့သည်		six (persons)	six
67	0007.:seven	1704	SEVEN	seven	seven	ꜱᴇᴠᴇɴ	2		numbers	The number that comes after six and before eight.	七	सात	সাত	七	ခုနှစ်		seven (persons)	seven
50	0008.:eight	1705	EIGHT	eight	eight	ᴇɪɢʜᴛ	2		numbers	The number that comes after seven and before nine.	八	आठ	আঠ	八	ရှစ်		weight	eight
59	0009.:nine	1483	NINE	nine	nine	ɴɪɴᴇ	2		numbers	The number that comes after eight and before ten.	九	नौ	নৱ	九	ကိုး		nine (persons)	nine
19	0010.:ten	1515	TEN	ten	ten	ᴛᴇɴ	1		numbers	The number that comes after nine and before eleven.	十	दस	দহ	十	ဆယ်		ten (persons)	ten
581	0011.:eleven	1706	ELEVEN	eleven	eleven	ᴇʟᴇᴠᴇɴ	5		numbers	The number that comes after ten and before twelve.							eleven (11)	
980	0012.:twelve	1707	TWELVE	twelve	twelve	ᴛᴡᴇʟᴠᴇ	5		numbers	The number that comes after eleven and before thirteen.							twelve (12)	
776	0013.:thirteen	1708	THIRTEEN	thirteen	thirteen	ᴛʜɪʀᴛᴇᴇɴ	5		numbers	The number that comes after twelve and before fourteen.							thirteen (13)	
605	0014.:fourteen	2451	FOURTEEN	fourteen	fourteen	ꜰᴏᴜʀᴛᴇᴇɴ	5		numbers	The number that comes after thirteen and before fifteen.							fourteen (14)	
589	0015.:fifteen	1709	FIFTEEN	fifteen	fifteen	ꜰɪꜰᴛᴇᴇɴ	5		numbers	The number that comes after fourteen and before sixteen.							fifteen (15)	
743	0016.:sixteen	2454	SIXTEEN	sixteen	sixteen	ꜱɪxᴛᴇᴇɴ	5		numbers	The number that comes after fifteen and before seventeen.							sixteen (16)	
734	0017.:seventeen	2453	SEVENTEEN	seventeen	seventeen	ꜱᴇᴠᴇɴᴛᴇᴇɴ	5		numbers	The number that comes after sixteen and before eighteen.							seventeen (17)	
579	0018.:eighteen	1713	EIGHTEEN	eighteen	eighteen	ᴇɪɢʜᴛᴇᴇɴ	5		numbers	The number that comes after seventeen and before nineteen.							eighteen (18)	
677	0019.:nineteen	1714	NINETEEN	nineteen	nineteen	ɴɪɴᴇᴛᴇᴇɴ	5		numbers	The number that comes after eighteen and before twenty.							nineteen (19)	
345	0020.:twenty	1710	TWENTY	twenty	twenty	ᴛᴡᴇɴᴛʏ	3		numbers	The number that comes after nineteen and before twenty-one.		बीस	বিশ	二十	ပိသျှတ်		twenty (persons)	twenty/score
1123	0021.:twenty.one			twenty one	twenty.one	ᴛᴡᴇɴᴛʏ.ᴏɴᴇ	6			The number that is one more than twenty.								
1127	0022.:twenty.two			twenty two	twenty.two	ᴛᴡᴇɴᴛʏ.ᴛᴡᴏ	6			The number that is one more than twenty-one and one less than twenty-three.								
1126	0023.:twenty.three			twenty three	twenty.three	ᴛᴡᴇɴᴛʏ.ᴛʜʀᴇᴇ	6			The number that is one more than twenty-two and one less than twenty-four.								
1121	0024.:twenty.four			twenty four	twenty.four	ᴛᴡᴇɴᴛʏ.ꜰᴏᴜʀ	6			The number that comes after twenty-three and before twenty-five.								
1120	0025.:twenty.five			twenty five	twenty.five	ᴛᴡᴇɴᴛʏ.ꜰɪᴠᴇ	6			The number that is five more than twenty.								
1125	0026.:twenty.six			twenty six	twenty.six	ᴛᴡᴇɴᴛʏ.ꜱɪx	6			The number that is one more than twenty-five and one less than twenty-seven.								
1124	0027.:twenty.seven			twenty seven	twenty.seven	ᴛᴡᴇɴᴛʏ.ꜱᴇᴠᴇɴ	6			The number that is one more than twenty-six and one less than twenty-eight.								
1119	0028.:twenty.eight			twenty eight	twenty.eight	ᴛᴡᴇɴᴛʏ.ᴇɪɢʜᴛ	6			The number that is one more than twenty-seven and one less than twenty-nine.								
1122	0029.:twenty.nine			twenty nine	twenty.nine	ᴛᴡᴇɴᴛʏ.ɴɪɴᴇ	6			The number that is one more than twenty-eight and one less than thirty.								
777	0030.:thirty	1715	THIRTY	thirty	thirty	ᴛʜɪʀᴛʏ	5		numbers	The number that comes after twenty-nine and before thirty-one.							thirty (30)	
1059	0031.:thirty.one			thirty one	thirty.one	ᴛʜɪʀᴛʏ.ᴏɴᴇ	6			The number that is one more than thirty.								
1063	0032.:thirty.two			thirty two	thirty.two	ᴛʜɪʀᴛʏ.ᴛᴡᴏ	6			The number that is one more than thirty-one.								
1062	0033.:thirty.three			thirty three	thirty.three	ᴛʜɪʀᴛʏ.ᴛʜʀᴇᴇ	6			The number that is one more than thirty-two and one less than thirty-four.								
1057	0034.:thirty.four			thirty four	thirty.four	ᴛʜɪʀᴛʏ.ꜰᴏᴜʀ	6			The number that is one more than thirty-three and one less than thirty-five.								
1056	0035.:thirty.five			thirty five	thirty.five	ᴛʜɪʀᴛʏ.ꜰɪᴠᴇ	6			The number that is one more than thirty-four and one less than thirty-six.								
1061	0036.:thirty.six			thirty six	thirty.six	ᴛʜɪʀᴛʏ.ꜱɪx	6			The number that is one more than thirty-five and one less than thirty-seven.								
1060	0037.:thirty.seven			thirty seven	thirty.seven	ᴛʜɪʀᴛʏ.ꜱᴇᴠᴇɴ	6			The number that is one more than thirty-six and one less than thirty-eight.								
1055	0038.:thirty.eight			thirty eight	thirty.eight	ᴛʜɪʀᴛʏ.ᴇɪɢʜᴛ	6			The number that is three times ten plus eight.								
1058	0039.:thirty.nine			thirty nine	thirty.nine	ᴛʜɪʀᴛʏ.ɴɪɴᴇ	6			The number that is one less than forty.								
603	0040.:forty	1716	FORTY	forty	forty	ꜰᴏʀᴛʏ	5		numbers	The number that comes after thirty and before fifty.							forty (40)	
1452	0041.:forty.one			forty one	forty.one	ꜰᴏʀᴛʏ.ᴏɴᴇ	7			The number that is one more than forty.								
1456	0042.:forty.two			forty two	forty.two	ꜰᴏʀᴛʏ.ᴛᴡᴏ	7			The number that is the sum of forty and two.								
1455	0043.:forty.three			forty three	forty.three	ꜰᴏʀᴛʏ.ᴛʜʀᴇᴇ	7			The number that is one more than forty-two and one less than forty-four.								
1450	0044.:forty.four			forty four	forty.four	ꜰᴏʀᴛʏ.ꜰᴏᴜʀ	7			The number that is one more than forty-three and one less than forty-five.								
1449	0045.:forty.five			forty five	forty.five	ꜰᴏʀᴛʏ.ꜰɪᴠᴇ	7			The number that is one more than forty and one less than forty-six.								
1454	0046.:forty.six			forty six	forty.six	ꜰᴏʀᴛʏ.ꜱɪx	7			The number that is one more than forty-five and one less than forty-seven.								
1453	0047.:forty.seven			forty seven	forty.seven	ꜰᴏʀᴛʏ.ꜱᴇᴠᴇɴ	7			The number that is one more than forty-six and one less than forty-eight.								
1448	0048.:forty.eight			forty eight	forty.eight	ꜰᴏʀᴛʏ.ᴇɪɢʜᴛ	7			The number that is the result of adding eight to forty.								
1451	0049.:forty.nine			forty nine	forty.nine	ꜰᴏʀᴛʏ.ɴɪɴᴇ	7			The number that is one less than fifty.								
590	0050.:fifty	1717	FIFTY	fifty	fifty	ꜰɪꜰᴛʏ	5		numbers	The number that comes after forty-nine and before fifty-one.							fifty (50)	
1053	0060.:sixty			sixty	sixty	ꜱɪxᴛʏ	6			The number that comes after fifty-nine and before sixty-one.								
1052	0070.:seventy			seventy	seventy	ꜱᴇᴠᴇɴᴛʏ	6			The number that comes after sixty-nine and before eighty.								
1020	0080.:eighty			eighty	eighty	ᴇɪɢʜᴛʏ	6			The number that comes after seventy and before ninety.								
1049	0090.:ninety			ninety	ninety	ɴɪɴᴇᴛʏ	6			The number that comes after eighty-nine and before ninety-one.								
157	0100.:hundred	1634	HUNDRED	hundred	hundred	ʜᴜɴᴅʀᴇᴅ	3		numbers	The number that comes after ninety-nine and before one hundred and one.		सौ	শত	百	ရာ		hundred (persons)	hundred
982	0200.:two.hundred	2676	TWO HUNDRED	two hundred	two.hundred	ᴛᴡᴏ.ʜᴜɴᴅʀᴇᴅ	5		numbers	The number that is equal to one hundred multiplied by two.							two hundred (200)	
780	0300.:three.hundred	3513	THREE HUNDRED	three hundred	three.hundred	ᴛʜʀᴇᴇ.ʜᴜɴᴅʀᴇᴅ	5		numbers	The number that is equal to three times one hundred.								
604	0400.:four.hundred	3515	FOUR HUNDRED	four hundred	four.hundred	ꜰᴏᴜʀ.ʜᴜɴᴅʀᴇᴅ	5		numbers	The number that represents the product of four and one hundred.								
595	0500.:five.hundred	3516	FIVE HUNDRED	five hundred	five.hundred	ꜰɪᴠᴇ.ʜᴜɴᴅʀᴇᴅ	5		numbers	The number that represents five groups of one hundred.							five hundred (500)	
31	1.du	2634	WE TWO	1 du	1.du	1.ᴅᴜ	2		pronouns	The speaker and one other person.								
506	1.du.excl	2636	WE TWO (EXCLUSIVE)	1 du excl	1.du.excl	1.ᴅᴜ.ᴇxᴄʟ	5		pronouns	The speaker and one other person, but not the person being spoken to.								
507	1.du.incl	2637	WE TWO (INCLUSIVE)	1 du incl	1.du.incl	1.ᴅᴜ.ɪɴᴄʟ	5		pronouns	A group of people that includes the speaker and one or more other people.								
1130	1.n.sg	1212	WE	1 n sg	1.n.sg	1.ɴ.ꜱɢ	7		pronouns	The number one used to refer to a single person or thing.	わたしたち						we (1p)	
32	1.n.sg.excl	1130	WE (EXCLUSIVE)	1 n sg excl	1.n.sg.excl	1.ɴ.ꜱɢ.ᴇxᴄʟ	2		pronouns	The speaker and one other person, but not the person being spoken to.					ကျွန်တစ်ဦးတည်းနှင့်တကွ			
33	1.n.sg.incl	1131	WE (INCLUSIVE)	1 n sg incl	1.n.sg.incl	1.ɴ.ꜱɢ.ɪɴᴄʟ	2		pronouns	A group of people that includes the speaker and one or more other people.					ကျွန်မှာတော့			
34	1.sg	1209	I	1 sg	1.sg	1.ꜱɢ	2		pronouns	The person who is speaking.	わたし						I (1s)	I
1006	1.sg.poss			1 sg poss	1.sg.poss	1.ꜱɢ.ᴘᴏꜱꜱ	6			A marker used to show that a person, object, or idea belongs to the speaker.								
221	1000.:thousand	1843	THOUSAND	thousand	thousand	ᴛʜᴏᴜꜱᴀɴᴅ	3		numbers	The number 1,000.		हजार	হাজাৰ	千	ထောင်		thousand (persons)	
1981	10000.:ten.thousand			ten thousand	ten.thousand	ᴛᴇɴ.ᴛʜᴏᴜꜱᴀɴᴅ	7			The number that represents a unit of ten thousand (10,000).								
1542	100000.:hundred.thousand			hundred thousand	hundred.thousand	ʜᴜɴᴅʀᴇᴅ.ᴛʜᴏᴜꜱᴀɴᴅ	7			The number consisting of a one followed by five zeros (100,000).								
2814	2.du						7											
35	2.n.sg	1213	YOU	2 n sg	2.n.sg	2.ɴ.ꜱɢ	2		pronouns	The person or people being spoken to.	おまえたち				သင့်တော်တို့		you (2p)	
36	2.sg	1215	THOU	2 sg	2.sg	2.ꜱɢ	2		pronouns	A person being spoken to, who is not the speaker.	おまえ						you (2s)	thou
1131	2.sg.f			2 sg f	2.sg.f	2.ꜱɢ.ꜰ	7			The person being spoken to, who is female and is not the speaker.								
1132	2.sg.hon	3292	THOU (HONORIFIC)	2 sg hon	2.sg.hon	2.ꜱɢ.ʜᴏɴ	7			A person being spoken to who is of higher social status, age, or rank than the speaker.								
1133	2.sg.m			2 sg m	2.sg.m	2.ꜱɢ.ᴍ	7			A person to whom the speaker is talking, who is male.								
1128	2000.:two.thousand			two thousand	two.thousand	ᴛᴡᴏ.ᴛʜᴏᴜꜱᴀɴᴅ	6			The number that is equal to two times one thousand.								
2815	3.du						7											
37	3.n.sg	817	THEY	3 n sg	3.n.sg	3.ɴ.ꜱɢ	2		pronouns	A group of people or things that does not include the speaker or the listener.	彼ら，彼女ら				သူတို့		they (3p)	
38	3.sg	262	HE OR SHE OR IT	3 sg	3.sg	3.ꜱɢ	2		pronouns	A person or thing that is not the speaker or the listener.	彼，彼女							
1134	3.sg.f	1834	SHE	3 sg f	3.sg.f	3.ꜱɢ.ꜰ	7			A third person of the female gender.								
1135	3.sg.m	1211	HE	3 sg m	3.sg.m	3.ꜱɢ.ᴍ	7			A male person or animal that is not the speaker or the listener.								
1064	abandon:to			to abandon	abandon	ᴀʙᴀɴᴅᴏɴ	6			To leave someone or something behind permanently, often in a way that results in neglect or a lack of care.								
1599	abdomen:lower			lower abdomen	lower.abdomen	ʟᴏᴡᴇʀ.ᴀʙᴅᴏᴍᴇɴ	7			The part of the belly located below the navel and above the pelvic area.								
2716	abdomen:upper			upper abdomen	upper.abdomen	ᴜᴘᴘᴇʀ.ᴀʙᴅᴏᴍᴇɴ	7			The part of the belly located between the chest and the navel.								
2019	able:to.be			to be able	able	ᴀʙʟᴇ	7			To have the power, skill, or opportunity to perform an action.								
229	above:to.be	1741	ABOVE	to be above	above	ᴀʙᴏᴠᴇ	3			To be in a higher position or at a higher level than something else, without necessarily touching it.		ऊपर	উপৰ	上面	အထက်		over, above	
1007	abscess			abscess	abscess	ᴀʙꜱᴄᴇꜱꜱ	6			A painful swelling on or under the skin that is filled with pus.								
1065	abstain:to			to abstain	abstain	ᴀʙꜱᴛᴀɪɴ	6			To refrain from doing something, such as eating certain foods or engaging in specific behaviors.								
2020	abundant:to.be			to be abundant	abundant	ᴀʙᴜɴᴅᴀɴᴛ	7			To exist in large quantities or to be present in a very high number.								
101	accipitridae..raptor:::	2683	EAGLE OR HAWK	Accipitridae (raptor)	raptor	ʀᴀᴘᴛᴏʀ	3		fauna	A bird of prey with large, strong wings and a hooked beak, used for hunting other animals.	鷹	चील		鹰	သိမ်းငှက်၊ လင်းယုန် သို့မဟုတ် စွန်ရဲ			
1066	accompany..someone:to			to accompany (someone)	accompany	ᴀᴄᴄᴏᴍᴘᴀɴʏ	6			To go somewhere together with another person, moving from one place to another at the same time.								
1008	account..report			account (report)	account	ᴀᴄᴄᴏᴜɴᴛ	6			A spoken or written description of an event or series of events that happened.								
1067	accumulate..of.things:to			to accumulate (of things)	accumulate	ᴀᴄᴄᴜᴍᴜʟᴀᴛᴇ	6			To gradually increase in quantity or number over time, such as objects or substances being gathered together into a pile or mass.								
1068	accumulate..something:to			to accumulate (something)	accumulate	ᴀᴄᴄᴜᴍᴜʟᴀᴛᴇ	6			To gradually increase in quantity or amount over time, often by collecting or gathering many items together.								
1069	accuse:to			to accuse	accuse	ᴀᴄᴄᴜꜱᴇ	6			To state that someone has done something wrong, illegal, or bad.								
1009	acquaintance			acquaintance	acquaintance	ᴀᴄꞯᴜᴀɪɴᴛᴀɴᴄᴇ	6			A person whom one knows slightly, but who is not a close friend.								
1070	add.to:to			to add to	add.to	ᴀᴅᴅ.ᴛᴏ	6			To put more of something into a group, a pile, or a container to increase the total amount.								
2008	administer:to			to administer	administer	ᴀᴅᴍɪɴɪꜱᴛᴇʀ	7			To manage, control, or supervise the operations of an organization, government, or group of people.								
1071	admire:to			to admire	admire	ᴀᴅᴍɪʀᴇ	6			To regard someone or something with great respect, pleasure, or approval.								
1072	admit.fault:to			to admit fault	admit.fault	ᴀᴅᴍɪᴛ.ꜰᴀᴜʟᴛ	6			To acknowledge that one has done something wrong or is responsible for a mistake.								
508	adolescent	–	–	adolescent	adolescent	ᴀᴅᴏʟᴇꜱᴄᴇɴᴛ	5			A person who is in the stage of development between childhood and adulthood.		किशोरावस्था		青少年的	ဆယ်ကျော်သက်			
2009	adopt..someone:to			to adopt (someone)	adopt	ᴀᴅᴏᴘᴛ	7			To take a person, such as a child, into one's family as one's own, making them a legal member of the household.								
1010	adult..human			adult (human)	adult	ᴀᴅᴜʟᴛ	6			A human being who has reached full physical and mental maturity.								
1011	adultery			adultery	adultery	ᴀᴅᴜʟᴛᴇʀʏ	6			The act of having sexual intercourse with a person other than one's legal spouse or partner.								
1073	advise:to			to advise	advise	ᴀᴅᴠɪꜱᴇ	6			To give a suggestion or a recommendation about what someone should do in a specific situation.								
790	afraid:to.be			to be afraid	afraid	ᴀꜰʀᴀɪᴅ	5			To experience a feeling of fear, alarm, or anxiety in response to a perceived danger or threat.								
1137	after..in.time			after (in time)	after	ᴀꜰᴛᴇʀ	7			To occur or exist at a later time than a specific event or moment.								
356	afternoon	1807	AFTERNOON	afternoon	afternoon	ᴀꜰᴛᴇʀɴᴏᴏɴ	4			The period of time from midday until the sun begins to set or evening begins.		दोपहर	বিলাস	下午	နေ့လည်		afternoon	
1138	again	204	AGAIN	again	again	ᴀɢᴀɪɴ	7			An occurrence of an event or action that has happened before.	また						again	
783	age..grow.old:to	–	–	to age (grow old)	age	ᴀɢᴇ	5			To undergo the natural process of growing older or becoming an elderly person.		बूढ़ा होना		变老	လူအို၊			
509	age..of.person	1789	AGE	age (of person)	age	ᴀɢᴇ	5			The number of years a person has lived from their birth until the present time.	年齢	उम्र	বয়স	年龄	လူတစ်ဦး၏အသက်			
510	age..of.thing			age (of thing)	age	ᴀɢᴇ	5			The length of time that an object or living thing has existed.								
2010	agree:to			to agree	agree	ᴀɢʀᴇᴇ	7			To express a shared opinion or to say yes to a suggestion or a proposal.								
1012	agreement			agreement	agreement	ᴀɢʀᴇᴇᴍᴇɴᴛ	6			A formal arrangement or a shared decision between two or more people or groups.								
1013	air			air	air	ᴀɪʀ	6			The invisible mixture of gases that surrounds the Earth and is necessary for breathing.								
1139	airplane			airplane	airplane	ᴀɪʀᴘʟᴀɴᴇ	7			A fixed-wing vehicle that flies through the air using engines and is used for transporting people or goods.								
45	alcohol:brewed	404	ALCOHOL (FERMENTED DRINK)	brewed alcohol	brewed.alcohol	ʙʀᴇᴡᴇᴅ.ᴀʟᴄᴏʜᴏʟ	2			A liquid drink produced by the fermentation of grains, fruit, or sugar.		सुराही दार शराब	জলকীয় দ্রব	酿造酒	အရက်ချက်			
121	alcohol:distilled	842	LIQUOR	distilled alcohol	distilled.alcohol	ᴅɪꜱᴛɪʟʟᴇᴅ.ᴀʟᴄᴏʜᴏʟ	3			A liquid produced through a process of heating and cooling, often used as a strong alcoholic drink.	酒	अर्क	মদ	蒸馏酒	ပေါင်းခံအရက်			liquor
2690	alcohol:traditional			traditional alcohol	traditional.alcohol	ᴛʀᴀᴅɪᴛɪᴏɴᴀʟ.ᴀʟᴄᴏʜᴏʟ	7			An alcoholic beverage made through traditional methods of fermentation, often using local ingredients like rice, grain, or fruit.								
1140	alcohol..from.rice			alcohol (from rice)	alcohol	ᴀʟᴄᴏʜᴏʟ	7			A liquid made by fermenting grains, such as rice, that is used for drinking.								
1141	alcohol..general			alcohol (general)	alcohol	ᴀʟᴄᴏʜᴏʟ	7			A liquid that causes intoxication when swallowed and is often found in fermented or distilled drinks.								
1142	alcohol..imported			alcohol (imported)	alcohol	ᴀʟᴄᴏʜᴏʟ	7			A liquid drink that contains ethanol and is produced outside of the local area or country.								
1014	alert..warning			alert (warning)	alert	ᴀʟᴇʀᴛ	6			A sign or sound that a danger or an important event is about to happen.								
1074	alight:to			to alight	alight	ᴀʟɪɢʜᴛ	6			To descend from a vehicle, a bird, or an animal and settle on a surface or the ground.								
230	alive:to.be	1422	BE ALIVE	to be alive	alive	ᴀʟɪᴠᴇ	3			To possess life; to not be dead.	生きている	जीवित	জিৱন থাকিব	活着	အသက်ရှင်ဖို့		(be) alive	alive
511	all	98	ALL	all	all	ᴀʟʟ	5			The entire amount or every single member of a group or collection.	全部	सब	সমগ্ৰ	所有	အားလုံး		everything	
1015	all..for.items			all (for items)	all	ᴀʟʟ	6			The entire group or every single individual member of a set of things.								
1075	allow:to			to allow	allow	ᴀʟʟᴏᴡ	6			To give permission for something to happen or to let someone do something.								
2021	alone:to.be	1964	ALONE	to be alone	alone	ᴀʟᴏɴᴇ	7			To be in a state where no other people are present.	一人で						(be) alone	
1143	already	2576	ALREADY	already	already	ᴀʟʀᴇᴀᴅʏ	7			An indication that an action or state has been completed or has occurred prior to the present moment.	もう							
1016	always	1676	ALWAYS	always	always	ᴀʟᴡᴀʏꜱ	6			At all times or on every occasion without exception.	いつも						always	
357	amber	–	–	amber	amber	ᴀᴍʙᴇʀ	4			A hard, yellowish-brown fossilized resin from a tree that is often used as a gemstone or ornament.		अंबर	বাঁশফুলীয়া	琥珀	ပယင်း			
1017	amulet			amulet	amulet	ᴀᴍᴜʟᴇᴛ	6			An object believed to have magical powers to protect the wearer or a place from evil or bad luck.								
2022	amusing..funny:to.be			to be amusing (funny)	amusing	ᴀᴍᴜꜱɪɴɢ	7			To cause laughter or provide entertainment through humor.								
1018	ancestor..forefather			ancestor (forefather)	ancestor	ᴀɴᴄᴇꜱᴛᴏʀ	6			A person from whom one is descended, such as a great-grandparent or a person living many generations ago in a family line.								
512	ancestors..general	1669	ANCESTORS	ancestors (general)	ancestors	ᴀɴᴄᴇꜱᴛᴏʀꜱ	5			The people in a person's family line who lived in the past, especially those who are now deceased.		पूर्वज	পূৰ্বজ	祖先	ဘိုးဘေး			
1144	and..conj			and (conj)	and	ᴀɴᴅ	7			A word used to connect two or more words, phrases, or sentences that are of equal importance or part of a list.								
438	angry:to.be	1826	ANGRY	to be angry	angry	ᴀɴɢʀʏ	4			To feel strong displeasure, hostility, or irritation toward a person or a situation.	怒る	गुस्सा	ৰাগী	生气	စိတ်ဆိုး		to be angry	
587	animal..affix:female	3923	FEMALE ANIMAL	female animal (affix)	female.animal	ꜰᴇᴍᴀʟᴇ.ᴀɴɪᴍᴀʟ	5			A female of any species of animal.		मादा		女性	အမျိုးသမီး			
653	animal..affix:male	3924	MALE ANIMAL	male animal (affix)	male.animal	ᴍᴀʟᴇ.ᴀɴɪᴍᴀʟ	5			A non-female animal of the same species.								
102	animal..general	619	ANIMAL	animal (general)	animal	ᴀɴɪᴍᴀʟ	3		fauna	A living creature that is not a human or a plant.	動物	जानवर	পশু	动物	တိရစ္ဆာန်		animal (tame/wild)	meat/animal
1021	animal..term:female			female animal (term)	female.animal	ꜰᴇᴍᴀʟᴇ.ᴀɴɪᴍᴀʟ	6			A female of any species of animal.								
1047	animal..term:male			male animal (term)	male.animal	ᴍᴀʟᴇ.ᴀɴɪᴍᴀʟ	6			A non-female animal of the same species.								
1076	announce:to			to announce	announce	ᴀɴɴᴏᴜɴᴄᴇ	6			To make a formal or public statement about something so that many people hear it.								
1145	announcement			announcement	announcement	ᴀɴɴᴏᴜɴᴄᴇᴍᴇɴᴛ	7			A formal or public statement that provides information or news to a group of people.								
1077	annoy:to			to annoy	annoy	ᴀɴɴᴏʏ	6			To cause someone to feel irritation, impatience, or slight anger.								
1019	annually			annually	annually	ᴀɴɴᴜᴀʟʟʏ	6			A period of one year, or an event that happens once every year.								
920	answer.:respond:to	1275	ANSWER	to respond	respond	ʀᴇꜱᴘᴏɴᴅ	5			To give a spoken or written reply to a question, a statement, or a call.	答える							
784	answer..question:to	1275	ANSWER	to answer (question)	answer	ᴀɴꜱᴡᴇʀ	5			To provide a spoken or written response to a question or a statement.	答える	जवाब देना	উত্তৰ দিব	回答	အဖြေ၊ တုံ့ပြန်			
513	ant::hill	1873	ANTHILL	anthill	anthill	ᴀɴᴛʜɪʟʟ	5			A mound of earth or sand constructed by a colony of social insects, such as ants.		चींटी का ढेर	হুঁটুলঘৰ	蚁丘	ပုရွက်ဆိတ်ကုန်း			
1194	ant:black			black ant	black.ant	ʙʟᴀᴄᴋ.ᴀɴᴛ	7			A small insect that is black in color and lives in a colony.								
1023	ant:flying			flying ant	flying.ant	ꜰʟʏɪɴɢ.ᴀɴᴛ	6			An insect with wings that belongs to the same species as a common worker ant, often seen during swarming seasons.								
1821	ant:red			red ant	red.ant	ʀᴇᴅ.ᴀɴᴛ	7			A small insect that is often reddish in color and can sting or bite.								
1910	ant:soldier			soldier ant	soldier.ant	ꜱᴏʟᴅɪᴇʀ.ᴀɴᴛ	7			An ant that is larger than others in its colony and serves to defend the nest.								
220	ant.:termite	883	TERMITE	termite	termite	ᴛᴇʀᴍɪᴛᴇ	3		fauna	A small, social insect that eats wood and can damage buildings or trees.		दीमक	হুঁটুল	白蚁	ခြကောင်		termite	
39	ant..general	587	ANT	ant (general)	ant	ᴀɴᴛ	2			A small insect that lives in a colony or nest, often working together to move food.	蟻	चींटी	পিঁপিলিকা	蚂蚁	ပုရွက်ဆိတ်		ant	ant
1146	ant..large.type			ant (large type)	ant	ᴀɴᴛ	7			A large insect from the family Formicidae, typically larger than the common small variety.								
1147	antenna..of.insect			antenna (of insect)	antenna	ᴀɴᴛᴇɴɴᴀ	7			An elongated, sensory organ located on the head of an insect.								
1148	antlion			antlion	antlion	ᴀɴᴛʟɪᴏɴ	7			An insect larva that lives in a funnel-shaped pit of sand and eats small insects.								
1149	anus	1935	ANUS	anus	anus	ᴀɴᴜꜱ	7			The opening at the end of the digestive tract through which waste leaves the body.	肛門							
1150	anvil			anvil	anvil	ᴀɴᴠɪʟ	7			A heavy, solid block of metal used by a blacksmith as a surface for shaping hot metal by striking it with a hammer.								
791	anxious:to.be	3869	ANXIOUS	to be anxious	anxious	ᴀɴxɪᴏᴜꜱ	5			To feel nervous, worried, or uneasy about something that might happen.	心配する	चिंतित होना	উদাসীন থাকিব	焦虑	စိတ်စောဖို့၊ ပေါ်လာဖို့			
785	apologise:to	–	–	to apologise	apologise	ᴀᴘᴏʟᴏɢɪꜱᴇ	5			To express regret or ask for forgiveness after doing something wrong or causing offense.		माफ़ करना		对不起	စိတ်မကောင်းဖြစ်ရတယ်။			
786	appear:to	–	–	to appear	appear	ᴀᴘᴘᴇᴀʀ	5			To become visible or to come into sight from a state of being hidden or absent.		दिखाई देना	দৃষ্টা পোৱা	出现	ပေါ်လာဖို့			
1078	appear..like:to			to appear (like)	appear	ᴀᴘᴘᴇᴀʀ	6			To look like or resemble someone or something else.								
2011	appease:to			to appease	appease	ᴀᴘᴘᴇᴀꜱᴇ	7			To make someone calm or less angry, often by giving them something they want or by performing a specific action.								
1151	apple..wild			apple (wild)	apple	ᴀᴘᴘʟᴇ	7			A small, edible fruit that grows on a tree in the wild, often considered more sour or bitter than a cultivated variety.								
1079	apply..ointment:to			to apply (ointment)	apply	ᴀᴘᴘʟʏ	6			To spread a substance, such as a cream, oil, or medicine, onto the skin of the body.								
1080	approach:to			to approach	approach	ᴀᴘᴘʀᴏᴀᴄʜ	6			To move closer to a person, place, or thing in space or time.								
514	area.under.house	2632	AREA UNDER HOUSE	area under house	area.under.house	ᴀʀᴇᴀ.ᴜɴᴅᴇʀ.ʜᴏᴜꜱᴇ	5			The ground or floor space located directly beneath a building or dwelling.					အုတ်တံတိုင်းအိမ်အောက် ဧရိယာ		area under house	
515	areca.nut	217	BETELNUT	areca nut	areca.nut	ᴀʀᴇᴄᴀ.ɴᴜᴛ	5	Concepticon has both BETEL NUTE and BETELNUT. This is marked as absent in Concepticon since betel is a different species, and the inconsistent labels in Concepticon create ambiguity.	flora	The seed of the Areca palm, often chewed with lime or betel leaf.	キンマ	सुपारी	তামুল	槟榔	ကွမ်းသီး၊			
2012	argue..debate:to			to argue (debate)	argue	ᴀʀɢᴜᴇ	7			To engage in a formal discussion or exchange of opposing views on a specific topic.								
1081	argue..quarrel:to	3302	QUARREL (VERB)	to argue (quarrel)	argue	ᴀʀɢᴜᴇ	6			To engage in a verbal dispute or a heated disagreement between people.	喧嘩する							
1152	argument			argument	argument	ᴀʀɢᴜᴍᴇɴᴛ	7			A verbal disagreement or dispute between people, often involving shouting or conflicting opinions.								
1082	arise..from.bed:to			to arise (from bed)	arise	ᴀʀɪꜱᴇ	6			To move from a lying or sleeping position to a standing or sitting position.								
359	arm::pit	1886	ARMPIT	armpit	armpit	ᴀʀᴍᴘɪᴛ	4		body parts	The area of the body located under the upper part of the arm where it joins the shoulder and the torso.	わきの下	बगल	কখেলা	腋窝	ချိုင်း		armpit	
984	arm:upper	431	UPPER ARM	upper arm	upper.arm	ᴜᴘᴘᴇʀ.ᴀʀᴍ	5		body parts	The part of the limb between the shoulder and the elbow.		बांह की ऊपरी हिस्सा	ভুজা	上臂	လက်မောင်းအပေါ်ပိုင်း			
393	arm.:elbow	981	ELBOW	elbow	elbow	ᴇʟʙᴏᴡ	4		body parts	The joint in the middle of the arm that allows it to bend and straighten.	ひじ	कोहनी	কুহুনি	肘部	တံတောင်ဆစ်		elbow	
635	arm.:elbow:inner	–	–	inner elbow	inner.elbow	ɪɴɴᴇʀ.ᴇʟʙᴏᴡ	5		body parts	The part of the arm located on the inside of the joint between the upper arm and the forearm.		कोहनी का अंदरूंग		肘窝	အတွင်းတံတောင်ဆစ်			
1723	arm.:elbow:outer			outer elbow	outer.elbow	ᴏᴜᴛᴇʀ.ᴇʟʙᴏᴡ	7			The part of the arm on the outside of the joint, opposite to the part where the palm of the hand faces.								
602	arm.:forearm	–	–	forearm	forearm	ꜰᴏʀᴇᴀʀᴍ	5		body parts	The part of the arm between the elbow and the wrist.		कलाई	কলাই	前臂	လက်ဖျံ			
431	arm.:shoulder	1482	SHOULDER	shoulder	shoulder	ꜱʜᴏᴜʟᴅᴇʀ	4		body parts	The part of the body where the arm connects to the torso.	肩	कंधा		肩膀	ပခုံး		shoulder	
1881	arm.:shoulder::blade			shoulderblade	shoulderblade	ꜱʜᴏᴜʟᴅᴇʀʙʟᴀᴅᴇ	7			The flat, triangular bone located on the upper back, behind the armpit.								
1983	arm.:tendons			tendons	tendons	ᴛᴇɴᴅᴏɴꜱ	7			The tough, strong cords of tissue that connect a muscle to a bone.								
2709	arm.:ulnar.styloid.process			ulnar styloid process	ulnar.styloid.process	ᴜʟɴᴀʀ.ꜱᴛʏʟᴏɪᴅ.ᴘʀᴏᴄᴇꜱꜱ	7			The bony protrusion on the side of the wrist, located at the end of the bone on the pinky finger side.								
505	arm.:wrist	799	WRIST	wrist	wrist	ᴡʀɪꜱᴛ	4		body parts	The part of the arm that connects the hand to the rest of the limb.	手首	कलाई का जोड़ा	কলাই	手腕	လက်ကောက်ဝတ်		wrist	
2792	arm.:wrist.creases			wrist creases	wrist.creases	ᴡʀɪꜱᴛ.ᴄʀᴇᴀꜱᴇꜱ	7			The lines or folds of skin located on the part of the arm where it connects to the hand.								
1	arm..upper.limb	2121	ARM OR HAND	arm (upper limb)	arm	ᴀʀᴍ	1		body parts	The entire upper limb of the human body, extending from the shoulder to the wrist.	腕	बांह	বাঁহ		လက်			hand/arm
1153	army..armed.force			army (armed force)	army	ᴀʀᴍʏ	7			A large, organized group of people trained to fight in a war using weapons.								
2013	arrange:to			to arrange	arrange	ᴀʀʀᴀɴɢᴇ	7			To place objects in a specific order or a particular position.								
787	arrive:to	1387	ARRIVE	to arrive	arrive	ᴀʀʀɪᴠᴇ	5			To reach a destination or a specific place after traveling or moving.	着く	पहुंचना	আহা	到达	ရောက်ရှိရန်		arrive	
104	arrow	977	ARROW	arrow	arrow	ᴀʀʀᴏᴡ	3			A long, thin, pointed object that is shot through the air from a bow.	矢	तीर	বাণ	箭头	မြှား		head of arrow	arrow
1154	arrow::head			arrowhead	arrowhead	ᴀʀʀᴏᴡʜᴇᴀᴅ	7			A pointed object, often made of stone or metal, attached to the end of a shaft to be used as a weapon for hunting or fighting.								
1155	arum			arum	arum	ᴀʀᴜᴍ	7			A plant with a large, often heart-shaped leaf, typically belonging to the family Araceae and often used as a food source.								
226	ascend..move.up:to	705	GO UP (ASCEND)	to ascend (move up)	ascend	ᴀꜱᴄᴇɴᴅ	3			To move from a lower position to a higher one.	のぼる	चढ़ना		爬	တက်ရန် သို့မဟုတ် တက်ရန်		ascend, go up	climb, ascend
40	ash	646	ASH	ash	ash	ᴀꜱʜ	2			The powdery residue left after a substance, such as wood or coal, has been burned.	灰	राख	বলি	灰烬	ပြာ			ashes
516	ash..bamboo	–	–	ash (bamboo)	ash	ᴀꜱʜ	5			The powdery substance left behind after a plant or piece of wood has been burned.								
231	ashamed:to.be	1894	ASHAMED	to be ashamed	ashamed	ᴀꜱʜᴀᴍᴇᴅ	3			To feel a sense of guilt, embarrassment, or loss of face due to one's own actions or a social mistake.	恥じる							ashamed
788	ask..question:to	1309	ASK (INQUIRE)	to ask (question)	ask	ᴀꜱᴋ	5			To express a desire for information or to seek an answer to a specific query.	黙る	पूछना	জানাইছো	请求	တောင်းဆိုရန် သို့မဟုတ် တောင်းဆိုရန်			
2014	assemble..of.people:to			to assemble (of people)	assemble	ᴀꜱꜱᴇᴍʙʟᴇ	7			To come together in one place as a group.								
1624	aunt..elder:maternal			maternal aunt (elder)	maternal.aunt	ᴍᴀᴛᴇʀɴᴀʟ.ᴀᴜɴᴛ	7			The sister of one's mother who is older than the mother.								
1743	aunt..elder:paternal			paternal aunt (elder)	paternal.aunt	ᴘᴀᴛᴇʀɴᴀʟ.ᴀᴜɴᴛ	7			The sister of one's father who is older than one's father.								
1157	aunt..general	1272	AUNT	aunt (general)	aunt	ᴀᴜɴᴛ	7			A female relative who is the sister of one's father or mother, or the wife of one's uncle.	おば							
1625	aunt..unspecified.age:maternal			maternal aunt (unspecified age)	maternal.aunt	ᴍᴀᴛᴇʀɴᴀʟ.ᴀᴜɴᴛ	7			A sister of one's mother.								
1744	aunt..unspecified.age:paternal			paternal aunt (unspecified age)	paternal.aunt	ᴘᴀᴛᴇʀɴᴀʟ.ᴀᴜɴᴛ	7			A female sibling of one's father.								
1626	aunt..younger:maternal			maternal aunt (younger)	maternal.aunt	ᴍᴀᴛᴇʀɴᴀʟ.ᴀᴜɴᴛ	7			A sister of one's mother who is younger than the mother.								
1745	aunt..younger:paternal			paternal aunt (younger)	paternal.aunt	ᴘᴀᴛᴇʀɴᴀʟ.ᴀᴜɴᴛ	7			A female relative who is the sister of one's father, specifically one who is younger than the father.								
1158	autumn.season			autumn season	autumn.season	ᴀᴜᴛᴜᴍɴ.ꜱᴇᴀꜱᴏɴ	7			The season of the year between summer and winter, when leaves often change color and fall from trees.								
2015	avoid..someone:to			to avoid (someone)	avoid	ᴀᴠᴏɪᴅ	7			To keep away from a person or stay at a distance from them to prevent an encounter.								
2023	awake:to.be			to be awake	awake	ᴀᴡᴀᴋᴇ	7			To be in a state of consciousness and not sleeping.								
227	awaken:to	1602	WAKE UP	to awaken	awaken	ᴀᴡᴀᴋᴇɴ	3			To stop sleeping and become conscious or alert.	目覚める	जागना	জাগা	醒来	နိုးထရန်		wake up (intr)	awaken
105	axe..general	677	AXE	axe (general)	axe	ᴀxᴇ	3			A tool with a heavy metal blade used for chopping wood or splitting logs.	斧	कुल्हाड़ी	ফাঁস	斧头	ပုဆိန်		axe	
360	back..of.body	1291	BACK	back (of body)	back	ʙᴀᴄᴋ	4		body parts	The posterior part of the human torso, extending from the neck to the waist.	背中	पीठ	পিছলৈ	背部	လူသားကဲ့သို့ ကျော၊		back	
517	back..side.of.something	2323	BACK (PART)	back (side of something)	back	ʙᴀᴄᴋ	5			The side of a person or an object that is opposite the front.	後						back (of something)	
1161	backbone..spine			backbone (spine)	backbone	ʙᴀᴄᴋʙᴏɴᴇ	7			The series of bones that runs down the center of the back and protects the spinal cord.								
1162	backward..direction			backward (direction)	backward	ʙᴀᴄᴋᴡᴀʀᴅ	7			In a direction towards the rear or the back of a person or object.								
439	bad:to.be	1292	BAD	to be bad	bad	ʙᴀᴅ	4			To be of poor quality, unpleasant, or not good.	悪い	बुरा होना	খৰাপ	不好	မကောင်းဘူး။		to be bad	
361	bag	2468	BAG	bag	bag	ʙᴀɢ	4			A container made of flexible material, such as cloth, leather, or plastic, used for carrying or storing things.	袋	थैला	থলতী	包	အိတ်		bag	
1163	bait			bait	bait	ʙᴀɪᴛ	7			Something used to attract or lure an animal into a trap or a hook.								
2016	bait:to			to bait	bait	ʙᴀɪᴛ	7			To place a small piece of food or a lure on a hook or inside a trap to attract and catch an animal.								
209	bake..in.ashes:to			to bake (in ashes)	bake	ʙᴀᴋᴇ	7			To cook food by placing it inside hot ashes or under hot embers.								
792	bald:to.be	1125	BALD	to be bald	bald	ʙᴀʟᴅ	5			To have little or no hair on the head.	禿頭	गंजा होना	উলোহ	秃头	ထိပ်ပြောင်ခြင်း။		bald	
210	bale.out:to			to bale out	bale.out	ʙᴀʟᴇ.ᴏᴜᴛ	7			To remove water from a boat or a vessel by using a container or a small tool.								
211	ball			ball	ball	ʙᴀʟʟ	7			A round object used in games or sports that can be kicked, thrown, or bounced.								
41	bamboo	1927	BAMBOO	bamboo	bamboo	ʙᴀᴍʙᴏᴏ	2		flora	A tall, woody grass that grows in thick clumps and has hollow stems.	竹	बांस	ভেতি	竹子	ဝါး		bamboo plant (large)	bamboo
1164	bamboo.joint			bamboo joint	bamboo.joint	ʙᴀᴍʙᴏᴏ.ᴊᴏɪɴᴛ	7			The hard, horizontal ring or node on a stem that separates one section from another.								
106	bamboo.shoot	2494	BAMBOO SHOOT	bamboo shoot	bamboo.shoot	ʙᴀᴍʙᴏᴏ.ꜱʜᴏᴏᴛ	3		flora	A young, edible part of a bamboo plant that grows above the ground.	竹の子	बांस की खोखली	কাজি কেচেক	竹笋	မျှစ်		bamboo shoot (edible)	
1793	bamboo.shoot:preserved			preserved bamboo shoot	preserved.bamboo.shoot	ᴘʀᴇꜱᴇʀᴠᴇᴅ.ʙᴀᴍʙᴏᴏ.ꜱʜᴏᴏᴛ	7			A part of a bamboo plant that has been kept for a long time, often through fermentation or drying.								
520	bamboo.skin	–	–	bamboo skin	bamboo.skin	ʙᴀᴍʙᴏᴏ.ꜱᴋɪɴ	5		flora	The outer, hard covering of a bamboo stalk.		बांस की छाल	ভেতি তামুল	竹皮	ဝါးအရေပြား			
521	bamboo.strip	–	–	bamboo strip	bamboo.strip	ʙᴀᴍʙᴏᴏ.ꜱᴛʀɪᴘ	5		flora	A thin, flat piece of a woody plant stem used for writing, weaving, or construction.		बांस की पट्टी		竹片	ဝါးချွတ်			
1165	bamboo.tie			bamboo tie	bamboo.tie	ʙᴀᴍʙᴏᴏ.ᴛɪᴇ	7			A strip or cord made from a piece of a woody grass plant used for fastening or binding things together.								
522	bamboo.tube	–	–	bamboo tube	bamboo.tube	ʙᴀᴍʙᴏᴏ.ᴛᴜʙᴇ	5		flora	A hollow, cylindrical section of a woody plant used as a container or tool.		बांस का छलनी	বাঁহৰ নলী	竹筒	ဝါးပြွန်			
1227	banana:bunch.of			bunch of banana	bunch.of.banana	ʙᴜɴᴄʜ.ᴏꜰ.ʙᴀɴᴀɴᴀ	7			A group of many bananas growing together on a single large stalk or stem.								
1506	banana:hand.of			hand of banana	hand.of.banana	ʜᴀɴᴅ.ᴏꜰ.ʙᴀɴᴀɴᴀ	7			A group of individual fruits growing together on a single stem.								
107	banana..fruit	868	BANANA	banana (fruit)	banana	ʙᴀɴᴀɴᴀ	3		flora	A long, soft fruit with a thick skin that is typically yellow when ripe and grows on a large herb-like plant.	バナナ	केला	কল	香蕉	ငှက်ပျောသီး		banana (fruit)	plantain/banana
362	banana.tree	1795	BANANA TREE	banana tree	banana.tree	ʙᴀɴᴀɴᴀ.ᴛʀᴇᴇ	4		flora	The large, herbaceous plant with long, wide leaves that produces edible fruit.								
223	bangle:ankle			ankle bangle	ankle.bangle	ᴀɴᴋʟᴇ.ʙᴀɴɢʟᴇ	7			A piece of jewelry worn around the foot, above the toes and below the leg.								
224	bangle..wrist			bangle (wrist)	bangle	ʙᴀɴɢʟᴇ	7			A rigid, circular ornament worn around the wrist.								
108	banyan..tree	346	BANYAN	banyan (tree)	banyan	ʙᴀɴʏᴀɴ	3		flora	A large tree that grows many roots from its branches down into the ground to form a new trunk.		बरगद		榕树	ညောင်ပင်			
148	barbet:great	–	–	great barbet	great.barbet	ɢʀᴇᴀᴛ.ʙᴀʀʙᴇᴛ	3			A large, colorful tropical bird with a thick, fleshy beak and a prominent head, often seen in forested areas.								
2017	bare.teeth:to			to bare teeth	bare.teeth	ʙᴀʀᴇ.ᴛᴇᴇᴛʜ	7			To pull the lips back to show the teeth, often as a sign of anger, a threat, or a smile.								
2018	bark..deer:to	–	–	to bark (deer)	bark	ʙᴀʀᴋ	7			To make the sharp, loud sound characteristic of a large animal like a deer.	吠える							
789	bark..dog:to	1206	BARKING	to bark (dog)	bark	ʙᴀʀᴋ	5			To make the loud, sharp sound that a dog makes.	吠える	भौंकना		狗叫	ခွေးဟောင်ခြင်း၊			
2024	barren..of.land:to.be			to be barren (of land)	barren	ʙᴀʀʀᴇɴ	7			To describe land that is unable to produce crops or plants.								
1167	basin..for.water			basin (for water)	basin	ʙᴀꜱɪɴ	7			A large, open container used for holding or washing with water.								
593	basket:firewood	–	–	firewood basket	firewood.basket	ꜰɪʀᴇᴡᴏᴏᴅ.ʙᴀꜱᴋᴇᴛ	5		artefacts	A container used for collecting and carrying pieces of wood for making a fire.								
718	basket:rice	–	–	rice basket	rice.basket	ʀɪᴄᴇ.ʙᴀꜱᴋᴇᴛ	5	cf Mossang kən₂lɨŋ₂ smallest basket	artefacts	A container made of woven material used for holding or storing grains.								
747	basket:small	–	–	small basket	small.basket	ꜱᴍᴀʟʟ.ʙᴀꜱᴋᴇᴛ	5		artefacts	A small container made of woven plant material used for carrying or storing items.								
2774	basket:winnowing			winnowing basket	winnowing.basket	ᴡɪɴɴᴏᴡɪɴɢ.ʙᴀꜱᴋᴇᴛ	7			A shallow, flat container made of woven material used for separating grain from its outer covering by tossing it into the air.								
109	basket..general	1539	BASKET	basket (general)	basket	ʙᴀꜱᴋᴇᴛ	3	cf Chang _kam_	artefacts	A container made of woven plant materials, such as wood, bamboo, or cane, used for carrying or storing things.	籠						basket	
1168	bastard			bastard	bastard	ʙᴀꜱᴛᴀʀᴅ	7			A person born to parents who are not married to each other.								
42	bat..animal	1793	BAT	bat (animal)	bat	ʙᴀᴛ	2		fauna	A nocturnal flying mammal with wings formed by skin stretched between its fingers.	蝙蝠	चमगादड़		蝙蝠	လင်းနို့		bat	
1169	bat..large.species			bat (large species)	bat	ʙᴀᴛ	7			A nocturnal flying mammal that has wings made of skin stretched between its limbs.								
1170	bathing.place			bathing place	bathing.place	ʙᴀᴛʜɪɴɢ.ᴘʟᴀᴄᴇ	7			A specific location or area used for washing the body with water.								
1171	battery..small			battery (small)	battery	ʙᴀᴛᴛᴇʀʏ	7			A small device that contains chemical energy used to provide electricity to a portable machine or a remote control.								
1172	battle			battle	battle	ʙᴀᴛᴛʟᴇ	7			A large-scale fight between organized groups of people, such as soldiers or armies.								
1173	bead			bead	bead	ʙᴇᴀᴅ	7			A small, hard, decorative object that is pierced with a hole so that it can be strung on a thread or wire.								
524	beak..bill	73	BEAK	beak (bill)	beak	ʙᴇᴀᴋ	5		body parts	The hard, pointed mouth part of a bird used for eating or grasping.	くちばし	चोंच		鸟嘴	နှုတ်သီး		beak, bill	
525	beam..rafter	1132	BEAM	beam (rafter)	beam	ʙᴇᴀᴍ	5			A long, thick piece of wood or metal that is fixed horizontally across a structure to support the weight of a roof or floor.	梁	खंभा		房梁	အိမ်တစ်အိမ်၏အလင်းတန်း		beam, rafter	
1560	bean:kidney			kidney bean	kidney.bean	ᴋɪᴅɴᴇʏ.ʙᴇᴀɴ	7			A seed of an edible legume that is typically oval or kidney-shaped and often red or dark in color.								
110	bean..general	832	BEAN	bean (general)	bean	ʙᴇᴀɴ	3			A seed of a plant from the legume family, often used as food.	豆							peas, beans
1174	bean..long.green			bean (long green)	bean	ʙᴇᴀɴ	7			A long, narrow, green vegetable that is often eaten as a pod.								
2174	bear!show..teeth:to			to bear, show (teeth)	bear	ʙᴇᴀʀ	7			To uncover the teeth of the mouth, often as a sign of anger, a smile, or a threat.								
111	bear..animal	1820	BEAR	bear (animal)	bear	ʙᴇᴀʀ	3			A large, heavy mammal with thick fur and strong limbs, often found in forests and known for eating honey or plants.	熊	भालू		熊	ဝက်ဝံ		bear	bear
2172	bear..burden:to			to bear (burden)	bear	ʙᴇᴀʀ	7			To carry a heavy object on one's back, shoulders, or in one's hands.	我慢する							
2173	bear..child:to	1195	GIVE BIRTH	to bear (child)	bear	ʙᴇᴀʀ	7			To give birth to a baby or offspring.	産む							
838	bear..fruit:to	3054	BEAR FRUIT	to bear (fruit)	bear	ʙᴇᴀʀ	5			To produce or yield fruit from a plant or tree.								
526	beard	678	BEARD	beard	beard	ʙᴇᴀʀᴅ	5		body parts	The hair that grows on the chin and cheeks of a man's face.		दाढ़ी		胡须	မုတ်ဆိတ်မွေး		beard	
839	beat..someone:to	1665	BEAT	to beat (someone)	beat	ʙᴇᴀᴛ	5			To strike a person or animal repeatedly with a hand or an object as a form of punishment or violence.							to hit/beat (with force)	
2025	beautiful:to.be	1427	BEAUTIFUL	to be beautiful	beautiful	ʙᴇᴀᴜᴛɪꜰᴜʟ	7			To possess qualities that are pleasing to the senses or the mind, such as through appearance or form.	美しい						(be) beautiful	
1175	because			because	because	ʙᴇᴄᴀᴜꜱᴇ	7			A word used to express a reason or a cause for an action or a situation.								
2175	beckon:to			to beckon	beckon	ʙᴇᴄᴋᴏɴ	7			To make a gesture with the hand or arm to signal someone to come closer or follow.								
2176	beckon.or.wave:to			to beckon or wave	beckon.or.wave	ʙᴇᴄᴋᴏɴ.ᴏʀ.ᴡᴀᴠᴇ	7			To move a hand or arm toward oneself or in a specific direction to signal someone to come closer or to get their attention.								
363	bed	1663	BED	bed	bed	ʙᴇᴅ	4			A piece of furniture used for sleeping or resting on.	寝台	बिस्तर		床	အိပ်ရာ			
1177	bedbug			bedbug	bedbug	ʙᴇᴅʙᴜɢ	7			A small, flat, parasitic insect that lives in furniture or bedding and feeds on the blood of humans or animals.								
364	bee::hive	88	BEEHIVE	beehive	beehive	ʙᴇᴇʜɪᴠᴇ	4		fauna	The structure built by bees to live in and store honey.							beehive	
2	bee..general	665	BEE	bee (general)	bee	ʙᴇᴇ	1		fauna	A flying insect that produces honey and lives in a colony or hive.	蜂	मधुमक्खी		蜜蜂	ပျား		bee	bee
527	bee.colony	–	–	bee colony	bee.colony	ʙᴇᴇ.ᴄᴏʟᴏɴʏ	5		fauna	A large group of social insects that live together in a single nest or hive.		मधुमक्खी का छत्ता		蜂窝	ပျားအုံ			
1178	before..in.time			before (in time)	before	ʙᴇꜰᴏʀᴇ	7			An earlier time or a point in time that precedes another event or moment.								
459	beg:to	3534	BEG	to beg	beg	ʙᴇɢ	4			To ask for something, such as money, food, or help, from others because of a need or poverty.		भिख मांगना		乞讨	တောင်းရမ်းရန်		beg (for money)	
1179	beggar			beggar	beggar	ʙᴇɢɢᴀʀ	7			A person who lives by asking others for money, food, or other necessities.								
2178	begin:to	1806	BEGIN	to begin	begin	ʙᴇɢɪɴ	7			To perform the first action of a process or a series of events.	はじめる						begin	
1180	beginning..start	1557	BEGINNING	beginning (start)	beginning	ʙᴇɢɪɴɴɪɴɢ	7			The first part or the earliest stage of an event, a process, or a period of time.							beginning	
793	behind..something:to.be	1686	BEHIND	to be behind (something)	behind	ʙᴇʜɪɴᴅ	5			To be located at the back of an object or person, rather than in front of it.		पीछे		后面	နောက်ကွယ်		behind	
2179	belch:to	2245	BELCH	to belch	belch	ʙᴇʟᴄʜ	7			To release gas from the stomach through the mouth, often making a loud sound.	ゲップする						belch	
2180	believe:to	1890	BELIEVE	to believe	believe	ʙᴇʟɪᴇᴠᴇ	7			To accept that something is true or real, often without absolute proof.							believe	
1181	bell			bell	bell	ʙᴇʟʟ	7			A metal object that makes a ringing sound when struck or shaken.								
1182	bellows			bellows	bellows	ʙᴇʟʟᴏᴡꜱ	7			A device used to blow air into a fire to make it burn more strongly.								
112	belly..exterior	1251	BELLY	belly (exterior)	belly	ʙᴇʟʟʏ	3		body parts	The front part of the body between the chest and the groin.	腹	पेट		腹部	ဗိုက်၊အပြင်		belly	belly (exterior)
1183	belongings..possessions			belongings (possessions)	belongings	ʙᴇʟᴏɴɢɪɴɢꜱ	7			The things or objects that a person owns or has control over.								
440	below..under:to.be	1485	BELOW OR UNDER	to be below (under)	below	ʙᴇʟᴏᴡ	4			To be at a lower level or position than something else, such as being underneath an object or at the bottom of a surface.		नीचे		下面	အောက်၊ အောက်			
1184	belt	772	BELT	belt	belt	ʙᴇʟᴛ	7			A strip of leather, cloth, or other material worn around the waist to hold up clothing or as an ornament.	ベルト							
2181	bend:to	2224	BEND (SOMETHING)	to bend	bend	ʙᴇɴᴅ	7			To cause a straight or rigid object to curve or change its shape from a straight line.								
2026	beside:to.be			to be beside	beside	ʙᴇꜱɪᴅᴇ	7			To be located at the side of someone or something, or to be next to it.								
1186	betel.leaf			betel leaf	betel.leaf	ʙᴇᴛᴇʟ.ʟᴇᴀꜰ	7			A leaf from a climbing plant often chewed with areca nut and lime as a stimulant.								
2027	betrothed:to.be			to be betrothed	betrothed	ʙᴇᴛʀᴏᴛʜᴇᴅ	7			To be formally promised to marry a specific person.								
2028	between:to.be	689	BETWEEN	to be between	between	ʙᴇᴛᴡᴇᴇɴ	7			To be located in the space separating two distinct objects, people, or points.	間						between	
2182	bewitch:to			to bewitch	bewitch	ʙᴇᴡɪᴛᴄʜ	7			To use magic or supernatural powers to influence, control, or harm a person.								
2029	beyond:to.be			to be beyond	beyond	ʙᴇʏᴏɴᴅ	7			To be on the further side of a specific point, boundary, or object.								
1187	bicycle			bicycle	bicycle	ʙɪᴄʏᴄʟᴇ	7			A human-powered vehicle with two wheels that a person sits on and moves by pushing pedals with their feet.								
232	big:to.be	1202	BIG	to be big	big	ʙɪɢ	3			To have a large size or great physical dimensions.	大きい	बड़ा		大	ကြီးတယ်။		to be big	
1540	bilion:hundred			hundred bilion	hundred.bilion	ʜᴜɴᴅʀᴇᴅ.ʙɪʟɪᴏɴ	7			The number representing one hundred times one billion.								
1188	billion			billion	billion	ʙɪʟʟɪᴏɴ	7			The number consisting of a one followed by nine zeros.								
1979	billion:ten			ten billion	ten.billion	ᴛᴇɴ.ʙɪʟʟɪᴏɴ	7			The number representing ten thousand million.								
840	bind..hands:to	1917	TIE	to bind (hands)	bind	ʙɪɴᴅ	5			To secure or fasten a person's hands together using a rope, cord, or similar object so that they cannot move freely.		बाँधना		捆绑	ချည်နှောင်ရန်		to tie (something)	
1136	bird:adult			adult bird	adult.bird	ᴀᴅᴜʟᴛ.ʙɪʀᴅ	7			An avian animal that has reached full maturity and is no longer a young or juvenile creature.								
1558	bird.:jungle.fowl			jungle fowl	jungle.fowl	ᴊᴜɴɢʟᴇ.ꜰᴏᴡʟ	7			A type of wild bird that is a close ancestor of the domestic chicken.								
43	bird..general.term	937	BIRD	bird (general term)	bird	ʙɪʀᴅ	2		fauna	A warm-blooded vertebrate animal that has feathers and wings, and typically lays eggs.	鳥	पक्षी		鸟	ငှက်၊ ယေဘူယျ		bird	bird
1190	bird.crop			bird crop	bird.crop	ʙɪʀᴅ.ᴄʀᴏᴘ	7			The anatomical pouch located at the base of a bird's throat used for storing food before digestion.								
1191	birdcage..basket			birdcage (basket)	birdcage	ʙɪʀᴅᴄᴀɢᴇ	7			A container made of wire or wood, often with a door, used for keeping a flying animal inside.								
1192	birdlime			birdlime	birdlime	ʙɪʀᴅʟɪᴍᴇ	7			A sticky substance, such as glue or resin, used on trees or nets to catch birds.								
274	bite:to	1403	BITE	to bite	bite	ʙɪᴛᴇ	3			To use the teeth to cut into or grip something.	かみつく	काटना		咬	ကိုက်ရန်			bite
2183	bite..of.dog:to			to bite (of dog)	bite	ʙɪᴛᴇ	7			To use teeth to pierce or grip the flesh of a person or animal, specifically as an action performed by a canine.								
2184	bite..of.mosquito:to			to bite (of mosquito)	bite	ʙɪᴛᴇ	7			To pierce the skin and suck blood, specifically by a small flying insect.								
2185	bite..of.snake:to			to bite (of snake)	bite	ʙɪᴛᴇ	7			To pierce the skin with teeth, specifically when a venomous or non-venomous reptile does so.								
2186	bite.down..on.something:to			to bite down (on something)	bite.down	ʙɪᴛᴇ.ᴅᴏᴡɴ	7			To apply pressure with the teeth by closing the mouth on an object.								
2187	bite.off:to			to bite off	bite.off	ʙɪᴛᴇ.ᴏꜰꜰ	7			To use teeth to separate a piece from a larger object or food item.								
233	bitter:to.be	887	BITTER	to be bitter	bitter	ʙɪᴛᴛᴇʀ	3			To have a sharp, unpleasant taste on the tongue, such as the taste of unsweetened coffee or certain medicinal plants.	苦い	कड़वा		苦	ခါး		to be bitter	bitter
1193	bitter.gourd			bitter gourd	bitter.gourd	ʙɪᴛᴛᴇʀ.ɢᴏᴜʀᴅ	7			A green, oblong fruit with a bumpy or warty skin that has a very bitter taste when eaten.	ニガウリ							
1195	blacksmith			blacksmith	blacksmith	ʙʟᴀᴄᴋꜱᴍɪᴛʜ	7			A person who makes or repairs tools and objects made of metal by heating them in a fire and hammering them.								
1196	bladder	1746	BLADDER	bladder	bladder	ʙʟᴀᴅᴅᴇʀ	7			An organ in the body that collects and holds urine before it is released from the body.	膀胱						bladder	
1197	blade..of.grass			blade (of grass)	blade	ʙʟᴀᴅᴇ	7			A single, long, narrow leaf of a grass plant.								
1198	blade..of.knife			blade (of knife)	blade	ʙʟᴀᴅᴇ	7			The sharp, cutting part of a cutting tool, such as a knife or a sword, excluding the handle.								
530	blanket	806	BLANKET	blanket	blanket	ʙʟᴀɴᴋᴇᴛ	5			A large piece of cloth or material used as a covering for warmth while sleeping or resting.		रजाई		毛毯	စောင်		blanket	
2188	bleed:to			to bleed	bleed	ʙʟᴇᴇᴅ	7			To lose blood from the body due to an injury or a medical condition.								
2189	bless:to			to bless	bless	ʙʟᴇꜱꜱ	7			To express goodwill or divine favor toward a person or thing, often through words or a ritual.								
1199	blessing			blessing	blessing	ʙʟᴇꜱꜱɪɴɢ	7			A prayer or a wish for good things, luck, or divine favor to come to a person.								
1200	blight..disease.of.plants			blight (disease of plants)	blight	ʙʟɪɢʜᴛ	7			A disease that causes plants, crops, or leaves to wither, die, or rot rapidly.								
794	blind:to.be	1653	BLIND	to be blind	blind	ʙʟɪɴᴅ	5			To be unable to see due to a physical condition or injury.		अंधा होना		失明	မျက်မမြင်ဖြစ်ရန်		to be blind	
1201	blind.person			blind person	blind.person	ʙʟɪɴᴅ.ᴘᴇʀꜱᴏɴ	7			A person who is unable to see.								
2190	blink:to			to blink	blink	ʙʟɪɴᴋ	7			To close and open one's eyelids very quickly and repeatedly.								
531	blister	1584	BLISTER	blister	blister	ʙʟɪꜱᴛᴇʀ	5			A small bubble on the skin filled with fluid, caused by friction, heat, or a burn.								
1202	blister..hand			blister (hand)	blister	ʙʟɪꜱᴛᴇʀ	7			A small bubble on the skin filled with fluid, often caused by friction or a burn.								
841	block..obstruct:to	2762	BLOCK (THE WAY)	to block (obstruct)	block	ʙʟᴏᴄᴋ	5			To place an object or a barrier in a passage or opening so that movement or passage is prevented.		रोकना		阻止	ပိတ်ဆို့ရန်		obstruct	
3	blood	946	BLOOD	blood	blood	ʙʟᴏᴏᴅ	1		body parts	The red liquid that flows through the veins and arteries of a human or animal body.	血	रक्त		血液	သွေး		blood	blood
275	bloom:to	3287	BLOOM	to bloom	bloom	ʙʟᴏᴏᴍ	3		flora	To produce flowers on a stem or plant.		खिलना		开花	ပန်းတစ်ပွင့်၊		(be) open [blossom]	
2192	blow..nose:to			to blow (nose)	blow	ʙʟᴏᴡ	7			To force air out through the nostrils, often using a piece of cloth or paper to clear mucus.								
460	blow..wind:to	175	BLOW (OF WIND)	to blow (wind)	blow	ʙʟᴏᴡ	4			To move through the air as a current of air, causing things to move or making a sound.	吹く	उड़ाना		吹	လေတိုက်ခြင်း၊		blow (of wind) (v)	
276	blow..with.mouth:to	176	BLOW (WITH MOUTH)	to blow (with mouth)	blow	ʙʟᴏᴡ	3			To move air out of the mouth using the lips and tongue.		उड़ाना		吹	မှုတ်ရန်		blow (horn)	blow
2193	blow.away:to			to blow away	blow.away	ʙʟᴏᴡ.ᴀᴡᴀʏ	7			To move something from its place by using a strong current of air.								
2194	blow.over:to			to blow over	blow.over	ʙʟᴏᴡ.ᴏᴠᴇʀ	7			To move past or away from a place, such as a gust of wind or a storm, leaving the area behind.								
795	blunt..of.edge:to.be	379	BLUNT	to be blunt (of edge)	blunt	ʙʟᴜɴᴛ	5			To have an edge or a point that is not sharp or cutting.	鈍い	नुकीला		钝	တုံးတယ်။			
796	blunt..of.point:to.be	379	BLUNT	to be blunt (of point)	blunt	ʙʟᴜɴᴛ	5			To speak in a direct and plain manner, without trying to be polite or subtle.							to be blunt	
2195	boast..brag:to			to boast (brag)	boast	ʙᴏᴀꜱᴛ	7			To speak with excessive pride about one's own achievements, possessions, or abilities in order to impress others.								
532	boat	1844	BOAT	boat	boat	ʙᴏᴀᴛ	5			A watercraft used for traveling or transporting goods on a lake, river, or ocean.	船	जहाज		船	သင်္ဘော သို့မဟုတ် လှေ		boat	boat
366	body	1480	BODY	body	body	ʙᴏᴅʏ	4		body parts	The physical structure of a human or animal, including all its parts and organs.	からだ	शरीर		身体	ခန္ဓာကိုယ်		body	
1204	boil..abscess			boil (abscess)	boil	ʙᴏɪʟ	7			A painful, swollen lump on the skin that contains pus.								
277	boil..liquid:to	792	BOIL (OF LIQUID)	to boil (liquid)	boil	ʙᴏɪʟ	3			To heat a liquid until it reaches a temperature where bubbles form and it begins to bubble rapidly.	煮る	उबालना		煮沸	ပြုတ်ဖို့			cook/boil
44	bone	1394	BONE	bone	bone	ʙᴏɴᴇ	2		body parts	The hard, white, or yellowish structure that forms the skeleton inside a living body.	骨	हड्डी		骨头	အရိုး		bone	bone
1299	bone:cooked			cooked bone	cooked.bone	ᴄᴏᴏᴋᴇᴅ.ʙᴏɴᴇ	7			The hard, white part of an animal's skeleton that has been heated by fire or boiling water.								
113	bone.marrow	1835	MARROW	bone marrow	bone.marrow	ʙᴏɴᴇ.ᴍᴀʀʀᴏᴡ	3		body parts	The soft, fatty or spongy substance found inside the center of a bone.		हड्डी का मज्जा		骨髓	ရိုးတွင်းခြင်ဆီ			marrow
1205	book			book	book	ʙᴏᴏᴋ	7			A collection of written or printed pages bound together, often used for reading or recording information.								
234	born:to.be	1090	BE BORN	to be born	born	ʙᴏʀɴ	3			To come out from the mother's body into the world.		जन्म लेना		出生	မွေးဖွားလာဖို့ရန်		(be) born	be born
2196	borrow:to	1823	BORROW	to borrow	borrow	ʙᴏʀʀᴏᴡ	7			To take something from another person with the intention of returning it later.	借りる						borrow	
367	bos.frontalis..mithun:::	–	–	Bos frontalis (mithun)	mithun	ᴍɪᴛʜᴜɴ	4		fauna	A large, heavy-bodied bovine that is often domesticated and used for ritual purposes, resembling a cross between a cow and a wild bison.								
533	bos.gaurus..gaur:::	–	–	Bos gaurus (gaur)	gaur	ɢᴀᴜʀ	5		fauna	A large, dark-colored wild bovine with a muscular build and a prominent ridge on its back, larger than a domestic cow.		गौर		印度牛	ဂေါ်ရ်			
1206	bottle			bottle	bottle	ʙᴏᴛᴛʟᴇ	7			A container with a narrow neck used for holding liquids.								
1159	bottle:baby			baby bottle	baby.bottle	ʙᴀʙʏ.ʙᴏᴛᴛʟᴇ	7			A container used for feeding milk or water to an infant, often featuring a rubber nipple for sucking.								
1207	bottom..external	690	BOTTOM	bottom (external)	bottom	ʙᴏᴛᴛᴏᴍ	7			The lowest part or base of an object, such as a container, a mountain, or a structure.	下							
1208	bottom..internal	690	BOTTOM	bottom (internal)	bottom	ʙᴏᴛᴛᴏᴍ	7			The lowest part or base of a container, such as a bowl, a cup, or a box.							bottom	
2197	bounce.baby..to.soothe:to			to bounce baby (to soothe)	bounce.baby	ʙᴏᴜɴᴄᴇ.ʙᴀʙʏ	7			To move a small child up and down rhythmically in one's arms or on one's lap to help them relax or fall asleep.								
1209	boundry..border			boundry (border)	boundry	ʙᴏᴜɴᴅʀʏ	7			A line that marks the limit or edge of a territory, area, or property.								
114	bow	994	BOW	bow	bow	ʙᴏᴡ	3	this should be split between bow and crossbow probably.		"Since the prompt asks for a split between ""bow"" and ""crossbow,"" I will provide two separate definitions. **For the weapon used for shooting arrows:** A weapon consisting of a flexible piece of wood or material that is bent into a curve and used to launch an arrow by pulling a string. **For the weapon that uses a mechanical trigger mechanism:** A weapon used for shooting arrows that uses a mechanical device to hold and release the tension of the string."	弓	धनुष		弓	လေးကို		bow	bow
842	bow:to	–	–	to bow	bow	ʙᴏᴡ	5			To bend the upper body forward from the waist as a sign of respect, greeting, or submission.		झुकना		鞠躬	ဦးညွှတ်ရန်			
381	bow.:crossbow	3193	CROSSBOW	crossbow	crossbow	ᴄʀᴏꜱꜱʙᴏᴡ	4			A weapon that shoots a projectile by using a flexible bow mounted on a stock, which is pulled back and held by a mechanism.							crossbow	
534	bowl	1530	BOWL	bowl	bowl	ʙᴏᴡʟ	5			A deep, round container used for holding food or liquid.		कटोरा		碗	ဇလုံ		bowl	
1210	box..crate	1465	BOX	box (crate)	box	ʙᴏx	7			A large, sturdy container with flat sides, often made of wood or heavy plastic, used for storing or transporting goods.	箱							
2798	boy:young	1366	BOY	young boy	young.boy	ʏᴏᴜɴɢ.ʙᴏʏ	7			A male human child who has not yet reached adulthood.	少年						boy	
1211	boyfriend			boyfriend	boyfriend	ʙᴏʏꜰʀɪᴇɴᴅ	7			A man with whom a person is involved in a romantic or sexual relationship, but is not married to.								
368	bracelet	1754	BRACELET	bracelet	bracelet	ʙʀᴀᴄᴇʟᴇᴛ	4			A piece of jewelry worn around the wrist.		बांगड़ी		手镯	လက်ကောက်		bracelet	
2198	braid..plait:to			to braid (plait)	braid	ʙʀᴀɪᴅ	7			To interweave three or more long strands of hair, rope, or fabric by crossing them over and under each other in a repetitive pattern.								
115	brain	1583	BRAIN	brain	brain	ʙʀᴀɪɴ	3		body parts	The organ inside the skull that controls thought, memory, and movement.	脳	मस्तिष्क		大脑	ဦးနှောက်		brain	brain
2031	brave:to.be	3	BRAVE	to be brave	brave	ʙʀᴀᴠᴇ	7			To show courage or a lack of fear when facing danger, pain, or difficulty.	勇敢な						(be) courageous, (be) brave	
2199	break..ambitr:to			to break (ambitr)	break	ʙʀᴇᴀᴋ	7			To cause a single object to separate into two or more pieces or fragments, often by applying force such as pressure, a strike, or a bend.								
2200	break..intransitive:to	3020	BREAK (BREAKING)	to break (intransitive)	break	ʙʀᴇᴀᴋ	7			To separate or shatter into two or more pieces due to force or pressure, without a person performing the action on an object.	壊れる							
1212	break..of.string			break (of string)	break	ʙʀᴇᴀᴋ	7			To snap or separate into two or more pieces due to tension or force, specifically referring to a cord, rope, or thread.								
461	break..something:to	3020	BREAK (BREAKING)	to break (something)	break	ʙʀᴇᴀᴋ	4			To cause a solid object to separate into two or more pieces, often by applying force or impact.	壊す	तोड़ना		打破	ချိုးရန်			
2201	break.up..relationship:to			to break up (relationship)	break.up	ʙʀᴇᴀᴋ.ᴜᴘ	7			To end a romantic relationship or a partnership between two people.								
117	breast	1402	BREAST	breast	breast	ʙʀᴇᴀꜱᴛ	3		body parts	The soft part of the chest on a human, used for producing milk for a baby.	乳房	स्तन		乳房	ရင်သား		breast	vagina or breast/milk
1213	breastbone			breastbone	breastbone	ʙʀᴇᴀꜱᴛʙᴏɴᴇ	7			The bone located in the middle of the chest that connects the ribs.								
1214	breath			breath	breath	ʙʀᴇᴀᴛʜ	7			The air that is taken into or sent out of the lungs during respiration.								
843	breathe:to	1407	BREATHE	to breathe	breathe	ʙʀᴇᴀᴛʜᴇ	5			To move air in and out of the lungs through the nose or mouth.		सांस लेना		呼吸	အသက်ရှူရန်		to breathe	
1215	bride			bride	bride	ʙʀɪᴅᴇ	7			A woman who is being married or has just been married.								
1216	brideprice			brideprice	brideprice	ʙʀɪᴅᴇᴘʀɪᴄᴇ	7			A payment, often consisting of goods or money, made by a man or his family to a woman's family at the time of marriage.								
4	bridge	1011	BRIDGE	bridge	bridge	ʙʀɪᴅɢᴇ	1			A structure built over a river, road, or gap to allow people or vehicles to cross from one side to the other.	橋	पुल		桥	တံတား		bridge	
2202	bridge..gap:to			to bridge (gap)	bridge	ʙʀɪᴅɢᴇ	7			To build or use a structure that spans across a gap, such as a river or a road, to allow passage from one side to the other.								
797	bright:to.be	679	BRIGHT	to be bright	bright	ʙʀɪɢʜᴛ	5			To emit or reflect a lot of light, such as the sun or a lamp, making things easy to see.	明るい	चमकीला		明亮	တောက်ပ၊ အလင်း		light	
462	bring:to	692	BRING	to bring	bring	ʙʀɪɴɢ	4			To carry or move an object or person from one place toward the speaker or the current location.	持って来る	लाना		带来	ယူလာရန်			
2203	broaden..widen:to			to broaden (widen)	broaden	ʙʀᴏᴀᴅᴇɴ	7			To make something wider or more expansive in distance from one side to the other.								
2032	broken..defective:to.be	588	BROKEN	to be broken (defective)	broken	ʙʀᴏᴋᴇɴ	7			To be in a state where something is no longer functional or in one piece due to damage or a flaw.	折れる							
535	broom	245	BROOM	broom	broom	ʙʀᴏᴏᴍ	5			A tool consisting of a handle with bristles or fibers at one end, used for sweeping floors or surfaces.		झाड़ू		扫帚	တံမြက်စည်း		broom	
1217	broth			broth	broth	ʙʀᴏᴛʜ	7			A liquid food made by boiling meat, fish, or vegetables in water.								
394	brother:elder	1759	OLDER BROTHER	elder brother	elder.brother	ᴇʟᴅᴇʀ.ʙʀᴏᴛʜᴇʀ	4		kinship	A male sibling who was born before the speaker.	兄	भाई		哥哥	အစ်ကိုအကြီး			
1381	brother:eldest			eldest brother	eldest.brother	ᴇʟᴅᴇꜱᴛ.ʙʀᴏᴛʜᴇʀ	7			The first-born male sibling among a group of brothers.								
1003	brother:younger	1760	YOUNGER BROTHER	younger brother	younger.brother	ʏᴏᴜɴɢᴇʀ.ʙʀᴏᴛʜᴇʀ	5		kinship	A male sibling who was born after the speaker or after another person.	弟	भाई		弟弟	ညီအငယ်			
2802	brother:youngest			youngest brother	youngest.brother	ʏᴏᴜɴɢᴇꜱᴛ.ʙʀᴏᴛʜᴇʀ	7			The male sibling who was born last among all brothers.								
1218	brother.in.law			brother in law	brother.in.law	ʙʀᴏᴛʜᴇʀ.ɪɴ.ʟᴀᴡ	7			A male person who is the brother of one's spouse or the husband of one's sibling.								
1219	brothers	1262	BROTHER	brothers	brothers	ʙʀᴏᴛʜᴇʀꜱ	7			The male siblings of a person.	兄弟							
1220	bruise			bruise	bruise	ʙʀᴜɪꜱᴇ	7			A discoloration of the skin caused by an injury or impact, without an open wound or bleeding on the surface.								
2204	brush.teeth:to			to brush teeth	brush.teeth	ʙʀᴜꜱʜ.ᴛᴇᴇᴛʜ	7			To clean the inside and outside of the teeth using a tool or fingers.								
369	bubalus.bubalis..water.buffalo:::	2516	WATER BUFFALO	Bubalus bubalis (water buffalo)	water.buffalo	ᴡᴀᴛᴇʀ.ʙᴜꜰꜰᴀʟᴏ	4		fauna	A large, heavy bovine animal with dark skin and often large, curved horns that lives in or near water and is used for pulling heavy loads.	水牛							
1221	bubble	3689	BUBBLE	bubble	bubble	ʙᴜʙʙʟᴇ	7			A thin sphere of liquid or gas, such as a soap bubble or a bubble in water, that is hollow inside.	泡						bubble	
1222	bucket..pail			bucket (pail)	bucket	ʙᴜᴄᴋᴇᴛ	7			A cylindrical container with a handle, used for carrying liquids or other materials.								
1223	buddhist			buddhist	buddhist	ʙᴜᴅᴅʜɪꜱᴛ	7			A person who follows the teachings and practices of the Buddha.	仏教徒							
2205	build:to	1840	BUILD	to build	build	ʙᴜɪʟᴅ	7			To construct or create a structure, such as a house or a wall, by putting parts together.	建てる							
1225	bullet			bullet	bullet	ʙᴜʟʟᴇᴛ	7			A small, metal projectile that is fired from a gun or a firearm.								
1226	bump			bump	bump	ʙᴜᴍᴘ	7			A sudden, forceful contact between two objects or bodies, often resulting in a slight impact or a small swelling on the skin.								
2206	bump.into:to			to bump into	bump.into	ʙᴜᴍᴘ.ɪɴᴛᴏ	7			To hit or collide with someone or something while moving, often by accident.								
537	bundle	2943	BUNDLE	bundle	bundle	ʙᴜɴᴅʟᴇ	5			A collection of objects tied or wrapped together as a single unit.		बट्टा		捆	ထင်းကဲ့သို့ အစုအဝေး၊		bundle (n)	
2207	bundle:to			to bundle	bundle	ʙᴜɴᴅʟᴇ	7			To tie or wrap several items together into a single unit.								
2033	buried:to.be			to be buried	buried	ʙᴜʀɪᴇᴅ	7			To place a dead person in a hole in the ground or a grave.								
2208	burn..ambitr:to	2102	BURN	to burn (ambitr)	burn	ʙᴜʀɴ	7			To undergo a process of combustion or to be consumed by fire.	燃える							
2209	burn..for.food.preparation:to			to burn (for food preparation)	burn	ʙᴜʀɴ	7			To apply high heat to food, such as meat or vegetables, until it becomes black or charred.								
1228	burn..injury			burn (injury)	burn	ʙᴜʀɴ	7			An injury to the skin or body tissue caused by contact with heat, fire, chemicals, or radiation.								
278	burn..intransitive:to	2102	BURN	to burn (intransitive)	burn	ʙᴜʀɴ	3			To undergo a process of combustion or to be consumed by fire.		जलाना		烧	မီးရှို့ရန်		burn (intr), blaze	burn
2210	burn..something:to	2102	BURN	to burn (something)	burn	ʙᴜʀɴ	7			To use fire or heat to destroy or change something, often turning it into ash or charcoal.								
2211	burn..while.cooking:to			to burn (while cooking)	burn	ʙᴜʀɴ	7			To apply high heat to food until it becomes black, bitter, or unpalatable.								
1229	burrow			burrow	burrow	ʙᴜʀʀᴏᴡ	7			A hole or tunnel dug into the ground by an animal, such as a rodent or rabbit, for living in or hiding.								
844	burrow:to	–	–	to burrow	burrow	ʙᴜʀʀᴏᴡ	5			To dig a hole or a tunnel in the ground, often for a dwelling or a place to hide.		खोदना		挖掘	တွင်းတူးရန်			
2212	burst:to			to burst	burst	ʙᴜʀꜱᴛ	7			To break or split apart suddenly and violently due to internal pressure.								
463	bury..deceased:to			to bury (deceased)	bury	ʙᴜʀʏ	4			To place a dead person in a hole in the ground or a grave.	埋葬する							
464	bury..object:to	1719	BURY	to bury (object)	bury	ʙᴜʀʏ	4			To place a person or an object into a hole in the ground and cover it with soil.	埋葬する	दफ़नाना		埋	သင်္ဂြိုဟ်ရန်		to bury (a corpse)	
1230	bush			bush	bush	ʙᴜꜱʜ	7			A plant that is smaller than a tree and has many woody stems growing from the ground.								
1231	but			but	but	ʙᴜᴛ	7			A conjunction used to connect two ideas that contrast with each other or to introduce a statement that contradicts what was previously said.								
1232	butcher			butcher	butcher	ʙᴜᴛᴄʜᴇʀ	7			A person whose job is to kill animals for meat and prepare them for sale.								
538	butterfly	1791	BUTTERFLY	butterfly	butterfly	ʙᴜᴛᴛᴇʀꜰʟʏ	5		fauna	A flying insect with large, often brightly colored wings that is not a moth.	蝶	तितली		蝴蝶	လိပ်ပြာ		butterfly	
1233	buttocks	834	BUTTOCKS	buttocks	buttocks	ʙᴜᴛᴛᴏᴄᴋꜱ	7			The fleshy part of the human body located on the rear, between the waist and the thighs.	尻							
279	buy:to	1869	BUY	to buy	buy	ʙᴜʏ	3			To give money to someone in exchange for an object or a service.	買う	ख़रीदना		买	ဝယ်ရန်		but	buy
1234	cabbage	774	CABBAGE	cabbage	cabbage	ᴄᴀʙʙᴀɢᴇ	7			A leafy green or white vegetable with a round, dense head of tightly packed leaves.								
1235	calendar			calendar	calendar	ᴄᴀʟᴇɴᴅᴀʀ	7			A system used to track the passage of time through days, weeks, months, and years.								
2213	call.out:to			to call out	call.out	ᴄᴀʟʟ.ᴏᴜᴛ	7			To raise one's voice loudly to get someone's attention or to communicate from a distance.	呼ぶ							
1237	candle	1273	CANDLE	candle	candle	ᴄᴀɴᴅʟᴇ	7			A cylinder of wax or fat with a central wick that is lit to provide light.							candle	
370	cane..rattan	2497	RATTAN	cane (rattan)	cane	ᴄᴀɴᴇ	4		flora	A long, slender, and flexible stem of a climbing palm used for making furniture or baskets.	籐	साँई		藤条	ကြံ၊ ကြိမ်		cane/rattan	
1238	cane..walking.stick	1296	WALKING STICK	cane (walking stick)	cane	ᴄᴀɴᴇ	7			A long, thin stick used as a support for walking.							cane, walking stick	
2214	capsize:to			to capsize	capsize	ᴄᴀᴘꜱɪᴢᴇ	7			To turn over in the water, especially a boat, so that the bottom is facing up and the inside is exposed.								
1240	cardamom			cardamom	cardamom	ᴄᴀʀᴅᴀᴍᴏᴍ	7			A small, aromatic seed or pod used as a spice in cooking.								
2215	caress:to			to caress	caress	ᴄᴀʀᴇꜱꜱ	7			To touch or stroke someone or something gently and affectionately with the hand.								
1241	carpenter			carpenter	carpenter	ᴄᴀʀᴘᴇɴᴛᴇʀ	7			A person whose job is to make or repair wooden objects and structures.								
845	carry..general:to	700	CARRY	to carry (general)	carry	ᴄᴀʀʀʏ	5			To move something or someone from one place to another while holding it or supporting its weight.	運ぶ	उठाना		搬运	သယ်ဆောင်ရန်			
846	carry..in.arms:to	–	–	to carry (in arms)	carry	ᴄᴀʀʀʏ	5			To hold a person or an object against one's chest or in one's arms and move with them.								
2216	carry..in.bag:to			to carry (in bag)	carry	ᴄᴀʀʀʏ	7			To transport or hold items inside a container such as a sack, pouch, or backpack.								
847	carry..in.hand:to	412	CARRY IN HAND	to carry (in hand)	carry	ᴄᴀʀʀʏ	5			To hold an object in one's hand or hands and move it from one place to another.							carry (in arms)	
848	carry..in.pocket:to			to carry (in pocket)	carry	ᴄᴀʀʀʏ	5			To have an object inside a piece of clothing, such as trousers or a jacket, so that it can be moved with the person.								
280	carry..on.back:to	465	CARRY ON BACK	to carry (on back)	carry	ᴄᴀʀʀʏ	3			To transport an object or a person by placing it on one's back and supporting it with the body or a strap.	背負う							
849	carry..on.head:to	414	CARRY ON HEAD	to carry (on head)	carry	ᴄᴀʀʀʏ	5			To transport an object by placing it on top of the head and supporting it with the neck or hands.							carry on head	
850	carry..on.pole:to	3438	CARRY (WITH POLE ON SHOULDER)	to carry (on pole)	carry	ᴄᴀʀʀʏ	5			To transport one or more items by balancing them on a long, slender piece of wood resting across the shoulders.								
851	carry..on.shoulder:to	413	CARRY ON SHOULDER	to carry (on shoulder)	carry	ᴄᴀʀʀʏ	5			To transport an object by resting its weight on one's shoulder.	担ぐ							
852	carry..under.arm:to	415	CARRY UNDER ARM	to carry (under arm)	carry	ᴄᴀʀʀʏ	5			To hold an object closely against the side of the body, tucked between the torso and the upper arm.								
1242	cart.carriage	122	CART	cart carriage	cart.carriage	ᴄᴀʀᴛ.ᴄᴀʀʀɪᴀɢᴇ	7			A vehicle with wheels used for transporting goods or people, typically pulled by an animal.	車							
853	carve:to	228	CARVE	to carve	carve	ᴄᴀʀᴠᴇ	5			To cut or shape a piece of wood, stone, or other hard material into a specific form or design using a sharp tool.		उकीरना		雕刻	ထွင်းထုရန်		carve	
2218	cast.spell:to			to cast spell	cast.spell	ᴄᴀꜱᴛ.ꜱᴘᴇʟʟ	7			To use magic or supernatural words to influence a person, object, or situation.								
2219	castrate:to			to castrate	castrate	ᴄᴀꜱᴛʀᴀᴛᴇ	7			To remove the reproductive organs of an animal, such as a bull or a goat, often to make it more docile or for food.								
540	cat..domestic	1208	CAT	cat (domestic)	cat	ᴄᴀᴛ	5		fauna	A small domesticated carnivorous mammal often kept as a pet.	猫	बिल्ली		猫	ကြောင်		cat	
1243	catapult			catapult	catapult	ᴄᴀᴛᴀᴘᴜʟᴛ	7			A device used to throw or launch a heavy object through the air using a flexible arm or a spring-like mechanism.								
2220	catch..in.air:to	702	CATCH	to catch (in air)	catch	ᴄᴀᴛᴄʜ	7			To seize or intercept something that is moving through the air with one's hands or a tool.	捕まえる						catch (object in air)	
1244	caterpillar			caterpillar	caterpillar	ᴄᴀᴛᴇʀᴘɪʟʟᴀʀ	7			The larval stage of an insect, such as a butterfly or a moth, before it becomes a pupa.								
1245	caterpiller			caterpiller	caterpiller	ᴄᴀᴛᴇʀᴘɪʟʟᴇʀ	7			The larva of an insect, such as a butterfly or a moth, which moves by crawling on its body.								
1246	catfish			catfish	catfish	ᴄᴀᴛꜰɪꜱʜ	7			A freshwater fish with smooth, scaleless skin and prominent whiskers around its mouth.								
1224	cattle.:bull			bull	bull	ʙᴜʟʟ	7			An adult male bovine animal used for work or breeding.								
1236	cattle.:calf			calf	calf	ᴄᴀʟꜰ	7			A young animal that is the offspring of a cow.								
1311	cattle.:cow			cow	cow	ᴄᴏᴡ	7			A large female domesticated mammal kept on a farm for milk or meat.								
1516	cattle.:heifer			heifer	heifer	ʜᴇɪꜰᴇʀ	7			A young female cow that has not yet given birth to a calf.								
1726	cattle.:ox..draft			ox (draft)	ox	ᴏx	7			A large, strong bovine animal used as a draft animal for pulling heavy loads or a plow.								
1940	cattle.:steer			steer	steer	ꜱᴛᴇᴇʀ	7			To control the direction of a vehicle, animal, or vessel by guiding it.								
371	cattle..domestic	1153	CATTLE	cattle (domestic)	cattle	ᴄᴀᴛᴛʟᴇ	4		fauna	A large domesticated bovine animal kept on a farm for milk, meat, or work.	牛	गाय		家牛	အိမ်မွေးနွား			
1247	cattle.pen			cattle pen	cattle.pen	ᴄᴀᴛᴛʟᴇ.ᴘᴇɴ	7			A small, enclosed area or structure used to keep livestock such as cows or oxen.								
1248	cauliflower	2843	CAULIFLOWER	cauliflower	cauliflower	ᴄᴀᴜʟɪꜰʟᴏᴡᴇʀ	7			A vegetable with a large, edible head made of many small white florets, often resembling a white cabbage.								
372	cave	1155	CAVE	cave	cave	ᴄᴀᴠᴇ	4			A large natural underground space, often found in rocks or mountains, that is open to the surface.		गुफा		洞穴	ဂူ		cave (natural)	
2221	cave.in:to			to cave in	cave.in	ᴄᴀᴠᴇ.ɪɴ	7			To fall inward or collapse toward the center, such as a roof, a wall, or the ground.								
2222	cease..action:to			to cease (action)	cease	ᴄᴇᴀꜱᴇ	7			To stop doing something or to bring an activity to an end.								
1249	ceasefire			ceasefire	ceasefire	ᴄᴇᴀꜱᴇꜰɪʀᴇ	7			An agreement between opposing sides to stop fighting or end a war for a period of time.								
1250	ceiling			ceiling	ceiling	ᴄᴇɪʟɪɴɢ	7			The upper interior surface of a room or a building.	天井							
1251	cemetery..graveyeard			cemetery (graveyeard)	cemetery	ᴄᴇᴍᴇᴛᴇʀʏ	7			A place where dead people are buried.								
1252	centipede			centipede	centipede	ᴄᴇɴᴛɪᴘᴇᴅᴇ	7			A long, many-legged creeping animal with a segmented body that is often venomous.								
541	centre..middle	–	–	centre (middle)	centre	ᴄᴇɴᴛʀᴇ	5			The middle point or part of something, equidistant from all edges or boundaries.		मध्य		中心	အလယ်၊ ဗဟို			
1676	ceremony:naming			naming ceremony	naming.ceremony	ɴᴀᴍɪɴɢ.ᴄᴇʀᴇᴍᴏɴʏ	7			A social ritual or event held to officially give a new baby a name.								
1253	ceremony..general			ceremony (general)	ceremony	ᴄᴇʀᴇᴍᴏɴʏ	7			A formal or ritual event performed according to specific traditions or social rules.								
1254	chador			chador	chador	ᴄʜᴀᴅᴏʀ	7			A large piece of fabric used by some women to cover their heads and bodies.	チャドル							
1255	chaff			chaff	chaff	ᴄʜᴀꜰꜰ	7			The outer, dry covering of a grain or seed that is separated during processing.								
1256	chair	1476	CHAIR	chair	chair	ᴄʜᴀɪʀ	7			A piece of furniture designed for one person to sit on, typically consisting of a seat and a back.	椅子						chair	
1257	chalk			chalk	chalk	ᴄʜᴀʟᴋ	7			A soft, white, powdery mineral used for writing on a board or for drawing.								
2223	challenge:to			to challenge	challenge	ᴄʜᴀʟʟᴇɴɢᴇ	7			To invite someone to a contest, fight, or competition to prove who is stronger or more skilled.								
2224	change:to	1264	CHANGE	to change	change	ᴄʜᴀɴɢᴇ	7			To make something different from what it was before, or to become different.								
1259	character..manner			character (manner)	character	ᴄʜᴀʀᴀᴄᴛᴇʀ	7			The typical qualities of a person's personality or their habitual way of behaving.								
542	charcoal	1188	CHARCOAL	charcoal	charcoal	ᴄʜᴀʀᴄᴏᴀʟ	5			A black, hard substance made by burning wood in a space with very little air.	炭	अंगारे		炭	မီးသွေး၊ မီးခိုး		charcoal	
2225	chase:to			to chase	chase	ᴄʜᴀꜱᴇ	7			To run after a person or an animal in order to catch or attack them.	追いかける							
1260	chayote			chayote	chayote	ᴄʜᴀʏᴏᴛᴇ	7			A green, pear-shaped fruit with a smooth or slightly bumpy skin that is often used as a vegetable in cooking.								
2034	cheap..in.quality:to.be			to be cheap (in quality)	cheap	ᴄʜᴇᴀᴘ	7			To have a low value or worth because of poor quality or being poorly made.								
2226	cheat:to			to cheat	cheat	ᴄʜᴇᴀᴛ	7			To act dishonestly or use deception to gain an advantage or take something from another person.	嘘をつく							
373	cheek	1730	CHEEK	cheek	cheek	ᴄʜᴇᴇᴋ	4		body parts	The fleshy part of the face on either side of the nose and below the eyes.	頬						cheek	
374	chest	1592	CHEST	chest	chest	ᴄʜᴇꜱᴛ	4		body parts	The upper front part of the human body, located between the neck and the abdomen, containing the heart and lungs.	胸	छाती		胸部	ရင်ဘတ်		chest	
465	chew:to	321	CHEW	to chew	chew	ᴄʜᴇᴡ	4			To use the teeth to crush or grind food into smaller pieces in the mouth before swallowing.	噛む	चबाना		咀嚼	ဝါးရန်		chew	
543	chicken	1318	CHICKEN	chicken	chicken	ᴄʜɪᴄᴋᴇɴ	5		fauna	A common domestic bird kept for its eggs or meat.	鶏	मुर्गा		鸡	ကြက်သား		chicken	
1261	chicken.:chick			chick	chick	ᴄʜɪᴄᴋ	7			A young bird, especially one that has recently hatched from an egg.								
1519	chicken.:hen			hen	hen	ʜᴇɴ	7			A female domestic bird of the species Gallus gallus domesticus.								
1843	chicken.:rooster			rooster	rooster	ʀᴏᴏꜱᴛᴇʀ	7			A male domestic chicken.								
1262	chicken..mothering			chicken (mothering)	chicken	ᴄʜɪᴄᴋᴇɴ	7			A female bird that produces eggs and raises its young.								
1263	chicken.coop			chicken coop	chicken.coop	ᴄʜɪᴄᴋᴇɴ.ᴄᴏᴏᴘ	7			A structure or enclosure used to keep poultry safe and contained.								
1864	child:second.youngest			second youngest child	second.youngest.child	ꜱᴇᴄᴏɴᴅ.ʏᴏᴜɴɢᴇꜱᴛ.ᴄʜɪʟᴅ	7			The child who is born after the youngest child in a family.								
2803	child:youngest			youngest child	youngest.child	ʏᴏᴜɴɢᴇꜱᴛ.ᴄʜɪʟᴅ	7			The child born last among all siblings.								
1548	child.:infant!baby	1289	BABY	infant, baby	infant	ɪɴꜰᴀɴᴛ	7			A very young human being that has just been born or is in the earliest stage of life.							baby	
118	child..general	2099	CHILD	child (general)	child	ᴄʜɪʟᴅ	3			A young human being, typically from birth until the onset of adulthood.	こども	बच्चा		儿童	ကလေး၊ မွေးကင်းစ			child/son
1264	child..kinship.term			child (kinship term)	child	ᴄʜɪʟᴅ	7			A person who is the offspring of a person or a pair of people.								
46	chili.pepper	919	CHILI PEPPER	chili pepper	chili.pepper	ᴄʜɪʟɪ.ᴘᴇᴘᴘᴇʀ	2		flora	A small, often spicy fruit from a plant used in cooking to add heat to food.	唐辛子	मिर्च		辣椒	ငရုတ်သီးမှုန့်		red pepper	
1266	chili.pepper..dried			chili pepper (dried)	chili.pepper	ᴄʜɪʟɪ.ᴘᴇᴘᴘᴇʀ	7			A fruit from a spicy plant that has been dehydrated or dried out for storage or cooking.								
1267	chimney..local.type			chimney (local type)	chimney	ᴄʜɪᴍɴᴇʏ	7			A structure, often made of clay, stone, or metal, used to carry smoke from a fire inside a building out through the roof.								
375	chin	1510	CHIN	chin	chin	ᴄʜɪɴ	4			The part of the face below the mouth and above the neck.		ठुड्डी		下巴	မေးစေ့		chin	
2227	chisel:to			to chisel	chisel	ᴄʜɪꜱᴇʟ	7			To cut or shape a hard material, such as wood or stone, by using a sharp metal tool and striking it with a mallet.								
544	chisel..n	1979	CHISEL	chisel (n)	chisel	ᴄʜɪꜱᴇʟ	5			A tool with a sharp metal blade used for carving or cutting away pieces of wood, stone, or metal.		छेनी		凿子	ငရုပ်သီး		chisel (n)	
2228	choke..on.something:to			to choke (on something)	choke	ᴄʜᴏᴋᴇ	7			To have difficulty breathing because a piece of food or a foreign object is stuck in the throat or windpipe.								
2229	choke..someone:to			to choke (someone)	choke	ᴄʜᴏᴋᴇ	7			To squeeze or compress a person's neck or throat with the hands or an object to make it difficult for them to breathe or speak.								
855	choose..between.things:to	1750	CHOOSE	to choose (between things)	choose	ᴄʜᴏᴏꜱᴇ	5			To select or pick one thing out of two or more possibilities.	選ぶ	चुनना		选择	ရွေးချယ်ရန်			
2230	chop..with.axe:to			to chop (with axe)	chop	ᴄʜᴏᴘ	7			To strike or cut something into pieces using a heavy tool with a sharp blade, such as an axe.								
2231	chop..with.knife:to			to chop (with knife)	chop	ᴄʜᴏᴘ	7			To cut something into smaller pieces using a sharp blade.								
1269	chopsticks			chopsticks	chopsticks	ᴄʜᴏᴘꜱᴛɪᴄᴋꜱ	7			A pair of thin, narrow sticks used as a tool for eating food.								
1270	christian			christian	christian	ᴄʜʀɪꜱᴛɪᴀɴ	7			A person who follows the religion of Jesus Christ.	キリスト教徒							
1265	chutney:chili			chili chutney	chili.chutney	ᴄʜɪʟɪ.ᴄʜᴜᴛɴᴇʏ	7			A spicy, liquid or semi-solid condiment made by crushing or grinding peppers with other ingredients.								
1271	chutney..general			chutney (general)	chutney	ᴄʜᴜᴛɴᴇʏ	7			A spicy or savory condiment or sauce, often made from fruit, vegetables, or meat, used to accompany a meal.								
545	cicada	2353	CICADA	cicada	cicada	ᴄɪᴄᴀᴅᴀ	5		fauna	An insect that lives in trees or bushes and makes a loud, buzzing sound by vibrating its wings or abdomen.		तिड्डी		蝉	ပုစဉ်းရင်ကွဲ			
1273	cigarette	969	CIGARETTE	cigarette	cigarette	ᴄɪɢᴀʀᴇᴛᴛᴇ	7			A thin cylinder of paper containing tobacco that is rolled or manufactured for smoking.	紙タバコ							
1274	cinnamon			cinnamon	cinnamon	ᴄɪɴɴᴀᴍᴏɴ	7			The dried inner bark of a tree from the genus Cinnamomum, used as a spice in cooking.								
1275	circle..shape			circle (shape)	circle	ᴄɪʀᴄʟᴇ	7			A round shape that is exactly the same distance from its center at every point.								
1276	city	2547	CITY	city	city	ᴄɪᴛʏ	7			A large, permanent human settlement with many buildings, many people, and organized streets or infrastructure.								
546	civet.cat	3157	CIVET	civet cat	civet.cat	ᴄɪᴠᴇᴛ.ᴄᴀᴛ	5			A small, nocturnal mammal with a strong scent produced by glands on its body, often found in forests and known for eating fruit.		जंगली बिल्ली		狸猫				
1277	clam			clam	clam	ᴄʟᴀᴍ	7			A sea creature with a hard, two-part shell that lives in the sand or mud.								
1278	clan			clan	clan	ᴄʟᴀɴ	7			A group of people who are believed to be descended from a common ancestor.								
2232	clap.hands:to			to clap hands	clap.hands	ᴄʟᴀᴘ.ʜᴀɴᴅꜱ	7			To strike the palms of both hands together to make a sound.								
1279	class..school			class (school)	class	ᴄʟᴀꜱꜱ	7			A group of students who are taught together by a teacher in a school.								
119	claw..animal	72	CLAW	claw (animal)	claw	ᴄʟᴀᴡ	3		body parts	A sharp, curved nail on the foot of an animal, such as a bird, a cat, or a bear.	爪	पंजा		爪子	ခြေသည်း		claw	nail/claw
2233	claw.at:to			to claw at	claw.at	ᴄʟᴀᴡ.ᴀᴛ	7			To use sharp nails or talons to scratch, scrape, or tear at a surface or a person.								
547	clay	1399	CLAY	clay	clay	ᴄʟᴀʏ	5			A fine-grained, heavy earth or soil that is sticky when wet and can be shaped into objects.	粘土	मिट्टी		黏土	ရွှံ့		clay	
856	clean:to	2235	CLEAN (SOMETHING)	to clean	clean	ᴄʟᴇᴀɴ	5			To remove dirt, dust, or impurities from an object or a surface.		साफ़ करना		清洁	သန့်ရှင်းရန်			
2035	clean..pure:to.be	704	CLEAN	to be clean (pure)	clean	ᴄʟᴇᴀɴ	7			To be free from dirt, stains, or impurities.	清潔な						(be) clean	
1280	cleanliness			cleanliness	cleanliness	ᴄʟᴇᴀɴʟɪɴᴇꜱꜱ	7			The state of being free from dirt, dust, or impurities.								
799	clear..in.meaning:to.be	–	–	to be clear (in meaning)	clear	ᴄʟᴇᴀʀ	5			To be easy to understand or unambiguous, such that there is no confusion about the intended message.		स्पष्ट होना		清晰	ရှင်းရှင်းလင်းလင်းဖြစ်ရန်			
2036	clear..of.sky:to.be			to be clear (of sky)	clear	ᴄʟᴇᴀʀ	7			To describe a sky that is free from clouds, rain, or haze.								
2037	clear..of.water:to.be			to be clear (of water)	clear	ᴄʟᴇᴀʀ	7			To be transparent and free from any dirt, sediment, or cloudiness.								
2235	clear.land:to			to clear land	clear.land	ᴄʟᴇᴀʀ.ʟᴀɴᴅ	7			To remove vegetation, such as grass, shrubs, or trees, from a piece of ground to prepare it for farming or building.								
2038	clever:to.be	1310	CLEVER	to be clever	clever	ᴄʟᴇᴠᴇʀ	7			To possess a quick mind or the ability to learn and understand things easily.	賢い							
2817	climb..general:to			to climb (general)	climb	ᴄʟɪᴍʙ	7			To move upward by using hands and feet, such as going up a tree, a mountain, or a ladder.								
2236	climb..tree:to			to climb (tree)	climb	ᴄʟɪᴍʙ	7			To move upward by using hands and feet to ascend a tree.								
2237	climb..wall:to			to climb (wall)	climb	ᴄʟɪᴍʙ	7			To move upward by using hands and feet to grip a vertical surface.								
1281	clock	1323	CLOCK	clock	clock	ᴄʟᴏᴄᴋ	7			An instrument used for measuring and showing the passage of time.	時計							
2238	close..eyes:to	2211	CLOSE THE EYES	to close (eyes)	close	ᴄʟᴏꜱᴇ	7			To move the eyelids together so that the eyes are covered and no light can enter.								
466	close..tr:to	–	–	to close (tr)	close	ᴄʟᴏꜱᴇ	4			To move a door, a window, or a lid so that an opening is no longer accessible.	閉める	बंद करना		关闭	ပိတ်ရန်			
376	cloth	1616	CLOTH	cloth	cloth	ᴄʟᴏᴛʜ	4			A piece of flexible material made by weaving or knitting fibers together, used for making clothes or other items.	布	कपड़ा		布料	အထည်		cloth	
1282	clothing	1895	CLOTHES	clothing	clothing	ᴄʟᴏᴛʜɪɴɢ	7			The items of fabric or material worn on the body to cover it.	着物						clothing	
47	cloud..rain	1489	CLOUD	cloud (rain)	cloud	ᴄʟᴏᴜᴅ	2			A visible mass of water droplets or ice crystals suspended in the atmosphere, often associated with rain or weather changes.	雲	बादल		云	တိမ်တိုက်		cloud (rain)	cloud
2239	cluck..of.chicken:to			to cluck (of chicken)	cluck	ᴄʟᴜᴄᴋ	7			To make the short, repetitive sound that a domestic bird like a hen makes.								
2039	clumsy:to.be			to be clumsy	clumsy	ᴄʟᴜᴍꜱʏ	7			To move or act in a way that lacks grace, often resulting in accidentally dropping or breaking things.								
1284	coal			coal	coal	ᴄᴏᴀʟ	7			A black or dark brown combustible rock that is used as fuel for making heat or electricity.								
1285	coal.fire			coal fire	coal.fire	ᴄᴏᴀʟ.ꜰɪʀᴇ	7			A fire made from burning pieces of black mineral fuel used for heat or cooking.								
1286	coal.vein			coal vein	coal.vein	ᴄᴏᴀʟ.ᴠᴇɪɴ	7			A layer or seam of a combustible black mineral found underground within rock formations.								
1287	cobra			cobra	cobra	ᴄᴏʙʀᴀ	7			A large, highly venomous snake from the family of many-colored reptiles that often expands its neck into a hood when threatened.								
1927	cobra:spitting			spitting cobra	spitting.cobra	ꜱᴘɪᴛᴛɪɴɢ.ᴄᴏʙʀᴀ	7			A venomous snake that can spray liquid poison from its eyes at a target.								
1288	cock.fight			cock fight	cock.fight	ᴄᴏᴄᴋ.ꜰɪɢʜᴛ	7			A fight between two male birds, often used for gambling or entertainment.								
549	cockroach	1575	COCKROACH	cockroach	cockroach	ᴄᴏᴄᴋʀᴏᴀᴄʜ	5		fauna	A common, flat-bodied insect that is often found in dark, damp places or near human dwellings.		तिलचट्टा		蟑螂	ပိုးဟပ်		cockroach	
1289	coconut..general	970	COCONUT	coconut (general)	coconut	ᴄᴏᴄᴏɴᴜᴛ	7			The large, hard-shelled fruit of a palm tree that contains water and white flesh inside.	ココナツ							
1290	coconut..ripe	3035	RIPE COCONUT	coconut (ripe)	coconut	ᴄᴏᴄᴏɴᴜᴛ	7			The fruit of a palm tree that is hard and brown on the outside, containing liquid and white flesh, used for food or oil.								
1291	coconut..unripe	3034	GREEN COCONUT	coconut (unripe)	coconut	ᴄᴏᴄᴏɴᴜᴛ	7			A fruit from a palm tree that is young, contains a lot of liquid, and is not yet ready to produce dry meat.								
1292	cocoon			cocoon	cocoon	ᴄᴏᴄᴏᴏɴ	7			A protective casing made of silk or other fibers produced by a larva to undergo metamorphosis into an adult insect.								
857	coddle:to	–	–	to coddle	coddle	ᴄᴏᴅᴅʟᴇ	5			To treat someone, especially a child, with excessive care, indulgence, or overprotection.		आदर करना		娇惯	ချော့မြှူရန်			
1293	coffee			coffee	coffee	ᴄᴏꜰꜰᴇᴇ	7			A dark, bitter beverage made from roasted seeds of a tropical plant, often consumed hot or cold.								
1294	coffin			coffin	coffin	ᴄᴏꜰꜰɪɴ	7			A box or container used for burying a dead person.								
2240	coil.rope:to			to coil rope	coil.rope	ᴄᴏɪʟ.ʀᴏᴘᴇ	7			To wind a length of cord or rope into a circular or spiral shape.								
2040	cold..of.food:to.be			to be cold (of food)	cold	ᴄᴏʟᴅ	7			To have a low temperature, specifically when referring to a meal or a drink that is no longer hot.								
235	cold..of.items:to.be	1287	COLD	to be cold (of items)	cold	ᴄᴏʟᴅ	3			To have a low temperature, rather than a person feeling a sensation of low temperature.		ठंडा होना		寒冷	အေးဖို့		to be cool (water)	cold
2327	cold..of.person:to.feel			to feel cold (of person)	feel.cold	ꜰᴇᴇʟ.ᴄᴏʟᴅ	7			To experience a low body temperature or a sensation caused by a low ambient temperature.								
2041	cold..of.water:to.be			to be cold (of water)	cold	ᴄᴏʟᴅ	7			To have a low temperature, specifically when referring to a liquid such as water.								
236	cold..of.weather:to.be	2483	COLD (OF WEATHER)	to be cold (of weather)	cold	ᴄᴏʟᴅ	3			To describe a low temperature in the air or the surrounding environment.	寒い	ठंडा मौसम		寒冷的天气	ရာသီဥတုအေး		cold weather [cold season]	
1295	collar	2012	COLLAR	collar	collar	ᴄᴏʟʟᴀʀ	7			The band of cloth or material that goes around the neck of a shirt, jacket, or dress.	襟							
2241	collect..items:to			to collect (items)	collect	ᴄᴏʟʟᴇᴄᴛ	7			To gather multiple things together into one place or group.	集める							
2242	collect..plants:to			to collect (plants)	collect	ᴄᴏʟʟᴇᴄᴛ	7			To gather or pick various plants from the natural environment for a specific purpose.								
1296	colour	1613	COLOR	colour	colour	ᴄᴏʟᴏᴜʀ	7			The property of an object that makes it look different from white or black, such as red, blue, or green.	色							
21	colour.:black:to.be	163	BLACK	to be black	black	ʙʟᴀᴄᴋ	1			To have a color that is the darkest possible, such as the color of coal or night.	黒い	काला		黑	အနက်ရောင်		black	black
2030	colour.:blue:to.be	837	BLUE	to be blue	blue	ʙʟᴜᴇ	7			To have the color of the clear sky or the deep ocean.	青い						(be) blue	
798	colour.:brown:to.be			to be brown	brown	ʙʀᴏᴡɴ	5			To have a color that is like that of soil, wood, or dark chocolate.								
2052	colour.:dark:to.be			to be dark	dark	ᴅᴀʀᴋ	7			To be in a state where there is little or no light, making it difficult to see.								
241	colour.:green:to.be	1425	GREEN	to be green	green	ɢʀᴇᴇɴ	3		statives	To have the color of grass, leaves, or emeralds.	緑の	हरा		绿色	အစိမ်းရောင်		green	
810	colour.:grey:to.be	153	GREY	to be grey	grey	ɢʀᴇʏ	5		statives	To have a color that is a mixture of black and white, such as the color of ash or a cloudy sky.								
2095	colour.:light:to.be			to be light	light	ʟɪɢʜᴛ	7			To have a low weight or not be heavy.								
2111	colour.:pink:to.be			to be pink	pink	ᴘɪɴᴋ	7			To have a color that is a pale or light shade of red.								
22	colour.:red:to.be	156	RED	to be red	red	ʀᴇᴅ	1		statives	To have the color of blood or a ripe tomato.	赤い	लाल		红色	အနီေရာင်		red	red
23	colour.:white:to.be	1335	WHITE	to be white	white	ᴡʜɪᴛᴇ	1		statives	To have the color of snow, milk, or a blank piece of paper.	白い	सफ़ेद		白色的	အဖြူ		white	white
837	colour.:yellow:to.be	1424	YELLOW	to be yellow	yellow	ʏᴇʟʟᴏᴡ	5		statives	To have the color of a ripe lemon or gold.	黄色い	पीला		黄色的	အဝါရောင်		yellow	
550	columbidae..pigeon:::	–	–	Columbidae (pigeon)	pigeon	ᴘɪɢᴇᴏɴ	5		fauna	A bird with a small head and a stout body, often seen in cities or forests, belonging to the family of birds that includes doves.		कबूतर		鸽子	ခို			
551	comb	1475	COMB	comb	comb	ᴄᴏᴍʙ	5			A tool with a row of teeth used for arranging or untangling hair.	櫛	कंघी		梳子	ခေါင်းဖြီး		comb	
858	comb:to	2070	COMB (VERB)	to comb	comb	ᴄᴏᴍʙ	5			To pull a tool with teeth through hair or fur to untangle it or arrange it neatly.	梳かす							
2243	come:to	1446	COME	to come	come	ᴄᴏᴍᴇ	7			To move or travel from another place toward the speaker or a specific location.	来る	आना		来	လာရန်			
467	come.back..return:to	581	COME BACK	to come back (return)	come.back	ᴄᴏᴍᴇ.ʙᴀᴄᴋ	4			To move or travel from a place toward the place where one started or where one is currently located.	帰る・戻る	लौटना		回来	ပြန်လာရန် သို့မဟုတ် ပြန်လာရန်			
2244	come.out:to			to come out	come.out	ᴄᴏᴍᴇ.ᴏᴜᴛ	7			To move from an inside space to an outside space.								
2245	command:to			to command	command	ᴄᴏᴍᴍᴀɴᴅ	7			To give an authoritative order or instruction that someone must follow.	命令する							
1298	command..directive			command (directive)	command	ᴄᴏᴍᴍᴀɴᴅ	7			An authoritative order or instruction given by someone in a position of power that must be obeyed.								
2247	compare:to	3429	COMPARE	to compare	compare	ᴄᴏᴍᴘᴀʀᴇ	7			To examine two or more things in order to recognize their similarities or differences.	比べる							
859	compete:to	–	–	to compete	compete	ᴄᴏᴍᴘᴇᴛᴇ	5			To strive against others to win a prize, a position, or a goal in a game, sport, or contest.		प्रतिस्पर्धा करना		竞争	ယှဉ်ပြိုင်ရန်			
860	complete..a.task:to	–	–	to complete (a task)	complete	ᴄᴏᴍᴘʟᴇᴛᴇ	5			To finish a specific piece of work or a particular activity.		पूर्ण होना		完整	ပြီးပြည့်စုံရန်			
2248	compromise:to			to compromise	compromise	ᴄᴏᴍᴘʀᴏᴍɪꜱᴇ	7			To reach an agreement by both sides making concessions or giving up something they wanted.								
861	conceal..something:to	602	HIDE (CONCEAL)	to conceal (something)	conceal	ᴄᴏɴᴄᴇᴀʟ	5			To put something out of sight so that it cannot be seen or found.		छुपाना		隐藏	ဖုံးကွယ်ရန် သို့မဟုတ် ဖုံးကွယ်ရန်			
2249	concentrate:to			to concentrate	concentrate	ᴄᴏɴᴄᴇɴᴛʀᴀᴛᴇ	7			To direct all of one's attention or mental effort toward a single task or object.								
2042	confused:to.be			to be confused	confused	ᴄᴏɴꜰᴜꜱᴇᴅ	7			To feel unable to think clearly or understand something, often due to a lack of clarity or a sudden change in situation.								
2250	congratulate:to			to congratulate	congratulate	ᴄᴏɴɢʀᴀᴛᴜʟᴀᴛᴇ	7			To express praise or good wishes to someone because of an achievement, a happy event, or a special occasion.								
2251	console:to			to console	console	ᴄᴏɴꜱᴏʟᴇ	7			To comfort someone who is feeling sad, grieving, or distressed.								
552	container..general	–	–	container (general)	container	ᴄᴏɴᴛᴀɪɴᴇʀ	5			A hollow object used for holding or storing things such as water, food, or small items.		डिब्बा		容器	ကွန်တိန်နာ			
2252	contradict..someone:to			to contradict (someone)	contradict	ᴄᴏɴᴛʀᴀᴅɪᴄᴛ	7			To say the opposite of what someone else has said or to state that their words are untrue.								
2253	control:to			to control	control	ᴄᴏɴᴛʀᴏʟ	7			To exercise power or authority over a person, a group, or a situation to direct its actions or behavior.								
281	cook..general:to	1100	COOK (SOMETHING)	to cook (general)	cook	ᴄᴏᴏᴋ	3			To prepare food for eating by applying heat.	料理する	पकाना		烹饪	ချက်ပြုတ်ရန်		to cook (rice)	cook/boil
2254	cook..in.bamboo:to			to cook (in bamboo)	cook	ᴄᴏᴏᴋ	7			To prepare food by placing it inside a hollow piece of a woody plant and heating it over a fire.								
862	cook.rice:to	–	–	to cook rice	cook.rice	ᴄᴏᴏᴋ.ʀɪᴄᴇ	5			To prepare raw grains of rice by applying heat and water until they are soft and edible.		चावल पकाना		煮饭	ထမင်းချက်ရန်			
2043	cooked:to.be			to be cooked	cooked	ᴄᴏᴏᴋᴇᴅ	7			To have undergone a process of heating in water, oil, or over a fire to make it edible.								
832	cooked:under:to.be	–	–	to be under cooked	under.cooked	ᴜɴᴅᴇʀ.ᴄᴏᴏᴋᴇᴅ	5			To cook food for too little time so that it remains raw or soft in the middle.								
833	cooked:well:to.be	–	–	to be well cooked	well.cooked	ᴡᴇʟʟ.ᴄᴏᴏᴋᴇᴅ	5			To have been heated by fire or water until it is soft, edible, or ready to eat.		अच्छी तरह पका हुआ होना		熟	ကောင်းစွာချက်ပြုတ်ရန်			ripe/well-cooked
2044	cool:to.be	–	–	to be cool	cool	ᴄᴏᴏʟ	7			To have a low temperature, but not being cold or freezing.	涼しい							
1302	copper	1825	COPPER	copper	copper	ᴄᴏᴘᴘᴇʀ	7			A reddish-brown metal used to make coins, tools, or wires.	銅						copper	
1303	coriander.leaf			coriander leaf	coriander.leaf	ᴄᴏʀɪᴀɴᴅᴇʀ.ʟᴇᴀꜰ	7			The green, feathery leaves of a plant used as a culinary herb.								
1304	coriander.seed			coriander seed	coriander.seed	ᴄᴏʀɪᴀɴᴅᴇʀ.ꜱᴇᴇᴅ	7			The small, round, dried seed of a plant used as a spice in cooking.								
377	corpse	767	CORPSE	corpse	corpse	ᴄᴏʀᴘꜱᴇ	4		body parts	The dead body of a human being that is no longer alive.		शव		尸体	အလောင်း		corpse	
2045	correct:to.be	1725	CORRECT (RIGHT)	to be correct	correct	ᴄᴏʀʀᴇᴄᴛ	7			To be accurate or true, without any errors or mistakes.	正しい						to be correct	
1305	corriander			corriander	corriander	ᴄᴏʀʀɪᴀɴᴅᴇʀ	7			An aromatic herb used in cooking, often consisting of green leaves or small seeds.								
2046	corrupt:to.be			to be corrupt	corrupt	ᴄᴏʀʀᴜᴘᴛ	7			To act dishonestly or use a position of power to gain money or personal advantages through illegal means.								
378	cotton	1850	COTTON	cotton	cotton	ᴄᴏᴛᴛᴏɴ	4		flora	A soft, white fibrous material that grows in a boll around the seeds of a plant, used for making cloth or thread.	綿	कपास		棉花	ဝါဂွမ်း		cotton	
1306	cough			cough	cough	ᴄᴏᴜɢʜ	7			To expel air from the lungs through the mouth with a sudden, sharp sound.	咳							
863	cough:to	879	COUGH	to cough	cough	ᴄᴏᴜɢʜ	5			To expel air from the lungs suddenly and noisily through the mouth, often due to irritation in the throat or respiratory tract.		खांसी करना		咳嗽	ချောင်းဆိုးရန်			cough
282	count:to	1420	COUNT	to count	count	ᴄᴏᴜɴᴛ	3			To determine the total number of items in a group by assigning a number to each one.	数える	गिनना		数数	ရေတွက်ရန်		to count	
553	country..nation	1300	COUNTRY	country (nation)	country	ᴄᴏᴜɴᴛʀʏ	5			A political entity that contains a specific territory, a population, and its own government.	国	देश		国家	နိုင်ငံ			
1307	countryside.dweller			countryside dweller	countryside.dweller	ᴄᴏᴜɴᴛʀʏꜱɪᴅᴇ.ᴅᴡᴇʟʟᴇʀ	7			A person who lives in a rural area or a village rather than in a city or town.								
2368	courage..bravery:to.have			to have courage (bravery)	courage	ᴄᴏᴜʀᴀɢᴇ	7			To show or feel strength of mind and spirit when facing danger, pain, or difficulty.								
1308	court..legal			court (legal)	court	ᴄᴏᴜʀᴛ	7			A place where a judge or legal authority hears cases and makes official decisions about laws and disputes.								
1309	cousin..general			cousin (general)	cousin	ᴄᴏᴜꜱɪɴ	7			A person who is the child of one's aunt or uncle.								
468	cover:to	761	COVER	to cover	cover	ᴄᴏᴠᴇʀ	4			To place something over an object to hide it, protect it, or keep it from being seen.	かぶせる	ढकना		盖	ဖုံးအုပ်ရန်		cover (v)	
1310	cover..lid	2319	LID (COVER, CAP)	cover (lid)	cover	ᴄᴏᴠᴇʀ	7			A removable top or cap used to close a container or vessel.	蓋							
2047	cowardly:to.be	3812	COWARDLY	to be cowardly	cowardly	ᴄᴏᴡᴀʀᴅʟʏ	7			To act or feel a lack of courage or bravery when facing danger or difficulty.	臆病な							
379	crab	2348	CRAB	crab	crab	ᴄʀᴀʙ	4		fauna	A crustacean with a hard shell, a broad body, and two large claws, typically living in water or on land.	蟹	केकड़ा		螃蟹	ဂဏန်း		crab	
1313	cradle			cradle	cradle	ᴄʀᴀᴅʟᴇ	7			A small bed for a baby, often with sides to keep the infant inside, which can be rocked or moved.	ゆりかご							
2255	cradle:to			to cradle	cradle	ᴄʀᴀᴅʟᴇ	7			To hold a person or a small object gently and protectively in one's arms or hands.								
1314	crafting.materials			crafting materials	crafting.materials	ᴄʀᴀꜰᴛɪɴɢ.ᴍᴀᴛᴇʀɪᴀʟꜱ	7			The substances or items used to make or build something by hand.								
2256	crash:to			to crash	crash	ᴄʀᴀꜱʜ	7			To strike or collide violently with another object, often resulting in damage or destruction.								
864	crawl..of.babies:to	96	CRAWL	to crawl (of babies)	crawl	ᴄʀᴀᴡʟ	5			To move along the ground on one's hands and knees, typically used for an infant who cannot yet walk.		रेंगना		爬行	တွားသွား		to crawl on belly (like a snake)	
2257	crawl..of.insects:to			to crawl (of insects)	crawl	ᴄʀᴀᴡʟ	7			To move along a surface using many small legs, such as the movement of an ant or a beetle.								
2048	crazy:to.be			to be crazy	crazy	ᴄʀᴀᴢʏ	7			To have a mental state that is not normal or rational, often resulting in unusual or unpredictable behavior.	狂った							
1315	crazy.person			crazy person	crazy.person	ᴄʀᴀᴢʏ.ᴘᴇʀꜱᴏɴ	7			A person who is mentally ill or behaves in an irrational or unpredictable manner.								
2258	create:to			to create	create	ᴄʀᴇᴀᴛᴇ	7			To bring something into existence that did not exist before.								
2259	create..something:to			to create (something)	create	ᴄʀᴇᴀᴛᴇ	7			To bring something into existence or to make something that did not exist before.								
2260	creep:to	3215	CREEP	to creep	creep	ᴄʀᴇᴇᴘ	7			To move slowly and quietly along the ground, often close to the surface, to avoid being seen or heard.	這う							
554	crest.of.bird	188	COMB OF BIRD	crest of bird	crest	ᴄʀᴇꜱᴛ	5		body parts	The tuft of feathers or hair located on the top of a bird's head.		टोपी		鸟冠	ငှက်တကောင်		comb (of rooster)	
1317	crevice			crevice	crevice	ᴄʀᴇᴠɪᴄᴇ	7			A narrow opening or crack in a hard surface, such as a rock or a wall.								
380	cricket	2354	CRICKET	cricket	cricket	ᴄʀɪᴄᴋᴇᴛ	4		fauna	A small, jumping insect that makes a chirping sound, often at night.		क्रिकेट		蟋蟀	ခရစ်ကတ်		cricket	
1318	critic			critic	critic	ᴄʀɪᴛɪᴄ	7			A person who expresses a professional judgment or opinion about things such as art, literature, or food.								
2261	criticise:to			to criticise	criticise	ᴄʀɪᴛɪᴄɪꜱᴇ	7			To express disapproval or find fault with someone or something.								
556	crocodilia:::	1857	CROCODILE	Crocodilia	Crocodilia	ᴄʀᴏᴄᴏᴅɪʟɪᴀ	5		fauna	A large, predatory semiaquatic reptile with a long snout and powerful jaws, typically found in rivers or saltwater.	ワニ	मगरमच्छ		鳄鱼	မိကျောင်း သို့မဟုတ် မိကျောင်း		crocodile	
800	crooked:to.be	297	CROOKED	to be crooked	crooked	ᴄʀᴏᴏᴋᴇᴅ	5			To not be straight or level; having a bent, curved, or twisted shape rather than a straight line.	曲がる	मोड़		弯曲的	ကွေး၊ ကောက်၊ ကွေး		(be) crooked	
2816	crops..general						7											
1319	cross			cross	cross	ᴄʀᴏꜱꜱ	7			A shape consisting of two perpendicular lines that intersect at a center point.								
865	cross..river:to	–	–	to cross (river)	cross	ᴄʀᴏꜱꜱ	5			To go from one side of a body of water to the other side.		पार करना		穿过	ဖြတ်ကျော်ရန်			
1320	crossroads..intersection			crossroads (intersection)	crossroads	ᴄʀᴏꜱꜱʀᴏᴀᴅꜱ	7			A place where two or more roads or paths meet and cross each other.								
1321	crotch..general.area			crotch (general area)	crotch	ᴄʀᴏᴛᴄʜ	7			The area of the body between the legs where the thighs meet the torso.								
557	crow	913	CROW	crow	crow	ᴄʀᴏᴡ	5		fauna	A large, black bird of the family Corvidae, often seen scavenging or living in social groups.	カラス	कौवा		乌鸦	ကျီးကန်း			
2262	crow:to			to crow	crow	ᴄʀᴏᴡ	7			To make the loud, characteristic sound of a male chicken.								
2263	crow..of.rooster:to			to crow (of rooster)	crow	ᴄʀᴏᴡ	7			To make the loud, characteristic sound that a male chicken makes in the morning.								
559	crown..of.ruler	–	–	crown (of ruler)	crown	ᴄʀᴏᴡɴ	5	This matches the CONCEPTICON definition of 1943 but not the category.		A ceremonial headpiece worn by a monarch or a person of high royal rank.		मुकुट		王冠	ရှင်ဘုရင်၏သရဖူ၊			
2264	crush:to			to crush	crush	ᴄʀᴜꜱʜ	7			To apply pressure to something in order to break it into many small pieces or a powder.								
2265	cry.out:to			to cry out	cry.out	ᴄʀʏ.ᴏᴜᴛ	7			To make a loud, sudden noise with the voice, often to express pain, fear, or a strong emotion.								
1322	crybaby			crybaby	crybaby	ᴄʀʏʙᴀʙʏ	7			A person, especially a child, who cries frequently or easily and is difficult to comfort.								
1323	cucumber	496	CUCUMBER	cucumber	cucumber	ᴄᴜᴄᴜᴍʙᴇʀ	7			A long, green fruit with a thick skin and watery flesh, often used as a vegetable in cooking.	きゅうり							
2266	cultivate..farm:to	1541	CULTIVATE	to cultivate (farm)	cultivate	ᴄᴜʟᴛɪᴠᴀᴛᴇ	7			To prepare and tend to land or soil for the purpose of growing crops or plants.	耕す						cultivate, farm (v)	
2049	cunning:to.be	2335	CUNNING	to be cunning	cunning	ᴄᴜɴɴɪɴɢ	7			To act in a clever, dishonest, or deceptive way to achieve a goal or trick others.	ずるい							
560	cup..modern			cup (modern)	cup	ᴄᴜᴘ	5			A small, open container used for drinking liquids, typically made of ceramic, glass, or metal.								
382	cup..traditional	476	CUP	cup (traditional)	cup	ᴄᴜᴘ	4			A small, open container used for drinking liquids, typically made of wood, clay, or metal rather than glass or plastic.	椀	कप		杯子	ခွက်		cup	
2267	cure..heal:to	499	CURE	to cure (heal)	cure	ᴄᴜʀᴇ	7			To restore a person to health after an illness or injury.							heal (tr), cure (v)	
2050	curious:to.be			to be curious	curious	ᴄᴜʀɪᴏᴜꜱ	7			To feel a strong desire to know or learn about something or someone.								
1324	current..of.river			current (of river)	current	ᴄᴜʀʀᴇɴᴛ	7			The continuous, directed movement of water in a river or stream.								
1325	curry			curry	curry	ᴄᴜʀʀʏ	7			A dish consisting of meat, vegetables, or legumes cooked in a sauce flavored with various spices.								
1326	curse			curse	curse	ᴄᴜʀꜱᴇ	7			To utter words or perform an action intended to bring bad luck, harm, or misfortune upon a person or group.								
2268	curse:to			to curse	curse	ᴄᴜʀꜱᴇ	7			To utter words intended to bring bad luck, harm, or misfortune upon a person or group.								
1327	customs..practices			customs (practices)	customs	ᴄᴜꜱᴛᴏᴍꜱ	7			The traditional ways of behaving or acting that are specific to a particular group of people or a community.								
866	cut..general:to	1432	CUT	to cut (general)	cut	ᴄᴜᴛ	5			To divide or separate something into pieces or portions using a sharp tool or edge.	切る	काटना		割	ဖြတ်ရန်		cut (tr)	cut
867	cut.hair:to	–	–	to cut hair	cut.hair	ᴄᴜᴛ.ʜᴀɪʀ	5			To remove hair from a person's head using a tool such as scissors or a razor.		बाल काटना		理发	ဆံပင်ညှပ်ရန်			
2269	cut.open..fruit:to			to cut open (fruit)	cut.open	ᴄᴜᴛ.ᴏᴘᴇɴ	7			To slice or split a piece of fruit into parts, often to reach the inside or to prepare it for eating.								
1330	dal!pulse			dal, pulse	dal	ᴅᴀʟ	7			A dried seed of a legume, such as a bean, pea, or lentil, used as a food source.								
1329	dal..dish			dal (dish)	dal	ᴅᴀʟ	7			A shallow, wide container used for holding or serving food.	ダール							
868	dam:to	–	–	to dam	dam	ᴅᴀᴍ	5			To build a barrier across a river or stream to stop or control the flow of water.		बाँध बनाना		筑坝	မြစ်ကိုဆည်ဖို့			
1331	dance	3472	DANCE (MOVEMENT)	dance	dance	ᴅᴀɴᴄᴇ	7			To move the body rhythmically, often to the sound of music or a beat.								
469	dance:to	1879	DANCE	to dance	dance	ᴅᴀɴᴄᴇ	4			To move the body rhythmically, often to the sound of music.	踊る	नाचना		跳舞	ကခုန်ဖို့			
1332	dandruff	576	DANDRUFF	dandruff	dandruff	ᴅᴀɴᴅʀᴜꜰꜰ	7			Small white flakes of dead skin that fall from the scalp.	ふけ							
1333	danger			danger	danger	ᴅᴀɴɢᴇʀ	7			The quality or state of being able to cause harm, injury, or death.								
2051	dangerous:to.be	3466	DANGEROUS	to be dangerous	dangerous	ᴅᴀɴɢᴇʀᴏᴜꜱ	7			To be able to cause harm, injury, or death to a person or animal.	危ない							
2053	dark:to.be	706	DARK	to be dark	dark	ᴅᴀʀᴋ	7			To be in a state where there is little or no light, making it difficult to see.	暗い						(be) dark (colour)	
561	darkness	11	DARKNESS	darkness	darkness	ᴅᴀʀᴋɴᴇꜱꜱ	5			The state of being without light or having very little light.	暗い	अंधेरा		黑暗	အမှောင်		darkness	
562	daughter	1357	DAUGHTER	daughter	daughter	ᴅᴀᴜɢʜᴛᴇʀ	5		kinship	A female child or offspring in relation to her parents.	娘	बेटी		女儿	သမီး		daughter	
563	daughter.in.law	1057	DAUGHTER-IN-LAW	daughter in law	daughter.in.law	ᴅᴀᴜɢʜᴛᴇʀ.ɪɴ.ʟᴀᴡ	5			The female spouse of one's child.	嫁	बहु		儿媳	ချွေးမ		daughter-in-law	
383	dawn..before.sunrise	729	DAWN	dawn (before sunrise)	dawn	ᴅᴀᴡɴ	4			The period of time when the sky first begins to lighten before the sun appears above the horizon.	あけがた	भोर		黎明	အရုဏ်တက်		dawn (before sunrise)	
120	day::time	1225	DAY (NOT NIGHT)	daytime	daytime	ᴅᴀʏᴛɪᴍᴇ	3			The period of time when the sun is above the horizon and there is light in the sky, as opposed to the period of darkness at night.	昼	दिन का समय		白天	နေ့ဘက်		daytime	sun/day
564	day:.classifier	1260	DAY (24 HOURS)	day	day	ᴅᴀʏ	5			A period of time lasting twenty-four hours, from one sunrise to the next.	日	दिन		天	နေ့ (၂၄ နာရီ)			
801	dead:to.be	1625	DEAD	to be dead	dead	ᴅᴇᴀᴅ	5			To no longer be alive or to have ceased all biological functions.							(be) dead	
802	deaf:to.be	996	DEAF	to be deaf	deaf	ᴅᴇᴀꜰ	5			To be unable to hear sounds.	つんぼ	बहरा होना		聋	ဆွံ့အနားမကြား		to be deaf	
1334	deaf.person			deaf person	deaf.person	ᴅᴇᴀꜰ.ᴘᴇʀꜱᴏɴ	7			A person who is unable to hear sounds.								
1335	death			death	death	ᴅᴇᴀᴛʜ	7			The state or event of a living being ceasing to live.								
1336	debt			debt	debt	ᴅᴇʙᴛ	7			An amount of money or a similar value that one person owes to another.								
2270	deceive..someone:to			to deceive (someone)	deceive	ᴅᴇᴄᴇɪᴠᴇ	7			To make someone believe something that is not true in order to trick or mislead them.								
2271	decide:to			to decide	decide	ᴅᴇᴄɪᴅᴇ	7			To make a choice or a final judgment after considering different possibilities.								
2272	decorate:to			to decorate	decorate	ᴅᴇᴄᴏʀᴀᴛᴇ	7			To make something look more beautiful or attractive by adding ornaments, colors, or extra items to it.								
2273	decrease:to	2864	DECREASE	to decrease	decrease	ᴅᴇᴄʀᴇᴀꜱᴇ	7			To become or make smaller in size, amount, number, or intensity.	減る						decrease (intr)	
2054	deep:to.be	1593	DEEP	to be deep	deep	ᴅᴇᴇᴘ	7			To extend far down from a surface or a top level.	深い						to be deep	
2274	deepen:to			to deepen	deepen	ᴅᴇᴇᴘᴇɴ	7			To make something have a greater distance from the surface or the top to the bottom.								
523	deer:barking	3152	MUNTJACS	barking deer	barking.deer	ʙᴀʀᴋɪɴɢ.ᴅᴇᴇʀ	5		fauna	A small-sized deer that makes a loud, sharp sound like a dog when it is startled or threatened.		कसाई		马鹿	ဟောင်သမင်		barking deer	
1268	deer:chital			chital deer	chital.deer	ᴄʜɪᴛᴀʟ.ᴅᴇᴇʀ	7			A spotted deer with a reddish-brown coat and white spots, commonly found in the forests of South Asia.								
1529	deer:hog			hog deer	hog.deer	ʜᴏɢ.ᴅᴇᴇʀ	7			A type of medium-sized deer with a short, thick neck and a slightly hunched back, often found in grassy areas or forests.								
725	deer:sambar	–	–	sambar deer	sambar.deer	ꜱᴀᴍʙᴀʀ.ᴅᴇᴇʀ	5		fauna	A large deer with a thick coat and antlers, typically found in forested areas.		साम्भर		马鹿	ဆာဘား			
384	deer..general	1936	DEER	deer (general)	deer	ᴅᴇᴇʀ	4		fauna	A hoofed mammal that typically has antlers and lives in forests or grasslands.	鹿	हिरण		鹿	သမင်			
2275	defeat:to			to defeat	defeat	ᴅᴇꜰᴇᴀᴛ	7			To overcome an opponent in a competition, a fight, or a game, such as a war or a sports match.								
2055	defeated:to.be			to be defeated	defeated	ᴅᴇꜰᴇᴀᴛᴇᴅ	7			To be overcome or beaten in a struggle, such as a war, a competition, or a fight.								
869	defecate:to	676	SHIT (DEFECATE)	to defecate	defecate	ᴅᴇꜰᴇᴄᴀᴛᴇ	5			To discharge feces from the body through the anus.	大便する							shit
1337	deity..evil			deity (evil)	deity	ᴅᴇɪᴛʏ	7			A supernatural being or spirit that is considered harmful, malevolent, or bad.								
1338	delay			delay	delay	ᴅᴇʟᴀʏ	7			To make something happen or arrive later than expected or later than a scheduled time.								
2276	delay:to			to delay	delay	ᴅᴇʟᴀʏ	7			To make an action or an event happen at a later time than originally planned.								
565	demon	1973	DEMON	demon	demon	ᴅᴇᴍᴏɴ	5			A supernatural being, often malevolent or harmful, that is not a god or a human.		राक्षस		魔鬼	နတ်ဆိုး		demon, evil spirit	
1339	den..of.animal			den (of animal)	den	ᴅᴇɴ	7			A natural or artificial shelter used by a wild animal for sleeping or raising its young.								
2277	deny:to			to deny	deny	ᴅᴇɴʏ	7			To state that a specific fact, claim, or accusation is not true.								
2278	depart:to			to depart	depart	ᴅᴇᴘᴀʀᴛ	7			To leave a place or a person in order to go somewhere else.								
283	descend..move.down:to	2014	GO DOWN (DESCEND)	to descend (move down)	descend	ᴅᴇꜱᴄᴇɴᴅ	3			To move from a higher position to a lower position.	おりる	उतरना		下降	ဆင်းရန်		descend, go down	descend
385	descendants	490	DESCENDANTS	descendants	descendants	ᴅᴇꜱᴄᴇɴᴅᴀɴᴛꜱ	4		kinship	The people, such as children, grandchildren, or great-grandchildren, who are born to a person.								
1340	desert			desert	desert	ᴅᴇꜱᴇʀᴛ	7			A large, dry area of land that receives very little rain and has very little vegetation.								
470	desire..want:to	2117	DESIRE	to desire (want)	desire	ᴅᴇꜱɪʀᴇ	4			To feel a strong wish or longing for a specific object, action, or outcome.		इच्छा करना		渴望	ဆန္ဒရှိရန်			
2279	despise..someone:to			to despise (someone)	despise	ᴅᴇꜱᴘɪꜱᴇ	7			To feel a strong sense of dislike or contempt for a person, viewing them as worthless or beneath you.								
2280	destroy..something:to			to destroy (something)	destroy	ᴅᴇꜱᴛʀᴏʏ	7			To cause something to be broken, ruined, or no longer exist.								
386	dew	1977	DEW	dew	dew	ᴅᴇᴡ	4			The tiny drops of water that form on cool surfaces, such as grass or leaves, during the night or early morning.		बरखा		露水	နှင်းရည်			
1341	dhole			dhole	dhole	ᴅʜᴏʟᴇ	7			A wild canine that looks similar to a dog and is found in many parts of Asia.								
1342	diarrhoea			diarrhoea	diarrhoea	ᴅɪᴀʀʀʜᴏᴇᴀ	7			The condition of having frequent, liquid, or watery bowel movements.								
84	die:to	1494	DIE	to die	die	ᴅɪᴇ	2			To cease to live or to undergo the process of death.	死ぬ	मरना		死	သေဖို့			die
2056	different:to.be			to be different	different	ᴅɪꜰꜰᴇʀᴇɴᴛ	7			To not be the same as something or someone else; to possess qualities that are not identical to another.								
803	difficult..hard:to.be	584	DIFFICULT	to be difficult (hard)	difficult	ᴅɪꜰꜰɪᴄᴜʟᴛ	5			To be hard to do, complete, or understand; not easy.	難しい	कठिन होना		困难	ခက်တယ်။		to be difficult	
1343	difficulty..hardship			difficulty (hardship)	difficulty	ᴅɪꜰꜰɪᴄᴜʟᴛʏ	7			A state of being in a difficult or painful situation, such as poverty, suffering, or a lack of resources.								
85	dig:to	1418	DIG	to dig	dig	ᴅɪɢ	2			To move earth, soil, or sand away from a place using a tool or hands to create a hole or a trench.	掘る	खोदना		挖	တူးရန်		to dig (with a tool)	dig
2281	dip..something:to			to dip (something)	dip	ᴅɪᴘ	7			To lower or thrust an object briefly into a liquid, often to moisten it or to extract some of the substance.								
1345	direction	3427	DIRECTION	direction	direction	ᴅɪʀᴇᴄᴛɪᴏɴ	7			The course or path along which something moves or points, such as north, south, east, or west.	方向							
441	dirty:to.be	1230	DIRTY	to be dirty	dirty	ᴅɪʀᴛʏ	4			To be covered or marked with soil, dust, stains, or waste.	汚い	गंदा होना		脏	ညစ်ပတ်တယ်။		to be dirty (clothes)	
2282	disappear:to			to disappear	disappear	ᴅɪꜱᴀᴘᴘᴇᴀʀ	7			To cease to be visible or to pass out of sight.								
284	discard..throw.away:to	3696	THROW AWAY	to discard (throw away)	discard	ᴅɪꜱᴄᴀʀᴅ	3			To throw something away because it is no longer wanted or useful.	捨てる						throw away, get rid of	
1346	disease			disease	disease	ᴅɪꜱᴇᴀꜱᴇ	7			An illness or a condition of the body or mind that causes sickness or pain.								
2057	disgusting:to.be			to be disgusting	disgusting	ᴅɪꜱɢᴜꜱᴛɪɴɢ	7			To cause a strong feeling of physical sickness, intense dislike, or repulsion.								
1347	dish..cuisine			dish (cuisine)	dish	ᴅɪꜱʜ	7			A specific type of prepared food or a particular recipe, rather than the container used for serving.								
804	disorderly:to.be	–	–	to be disorderly	disorderly	ᴅɪꜱᴏʀᴅᴇʀʟʏ	5			To be in a state of confusion, mess, or lack of organization.		अनुशासित होना		杂乱	ဗရပွဖြစ်ရန်			
2283	dissolve:to			to dissolve	dissolve	ᴅɪꜱꜱᴏʟᴠᴇ	7			To break down or melt into a liquid so that it becomes part of the fluid and can no longer be seen as a solid.								
1348	distance			distance	distance	ᴅɪꜱᴛᴀɴᴄᴇ	7			The amount of space or length between two points or objects.								
1349	district..of.town			district (of town)	district	ᴅɪꜱᴛʀɪᴄᴛ	7			A specific area or administrative division within a town or city.								
870	disturb:to	2883	DISTURB	to disturb	disturb	ᴅɪꜱᴛᴜʀʙ	5			To interrupt the peace, calm, or quiet of a person or a place.		उथल-पुथल मचाना		扰乱	နှောင့်ယှက်ရန်			
567	ditch	2002	DITCH	ditch	ditch	ᴅɪᴛᴄʜ	5			A long, narrow trench dug into the ground, typically used to hold or carry water away from a road or a field.		खाई		沟渠	မြောင်းတစ်ခု		ditch	
871	dive:to	119	DIVE	to dive	dive	ᴅɪᴠᴇ	5			To move one's body quickly downwards into water by jumping or pushing off.		डुबकी लगाना		潜水	ငုပ်ရန်		dive	
2284	divide..something:to			to divide (something)	divide	ᴅɪᴠɪᴅᴇ	7			To separate a single object or a whole amount into two or more distinct parts or pieces.								
2285	divine:to			to divine	divine	ᴅɪᴠɪɴᴇ	7			To seek knowledge of the future or unknown truths through supernatural or ritual means.								
2286	divorce:to			to divorce	divorce	ᴅɪᴠᴏʀᴄᴇ	7			To legally or formally end a marriage so that the two people are no longer husband and wife.								
1350	divorced.man			divorced man	divorced.man	ᴅɪᴠᴏʀᴄᴇᴅ.ᴍᴀɴ	7			A man who was previously married but has legally or formally ended the marriage.								
1351	divorced.woman			divorced woman	divorced.woman	ᴅɪᴠᴏʀᴄᴇᴅ.ᴡᴏᴍᴀɴ	7			A woman who was previously married but has legally or formally ended her marriage.								
2058	dizzy:to.be			to be dizzy	dizzy	ᴅɪᴢᴢʏ	7			To feel a sensation of spinning or unsteadiness in the head, often causing a loss of balance.								
2287	do..make:to	2575	DO OR MAKE	to do (make)	do	ᴅᴏ	7			To perform an action, create something, or carry out a task.	作る							
2288	do..something:to	2575	DO OR MAKE	to do (something)	do	ᴅᴏ	7			To perform an action, a task, or an activity.	する						to do/make (something)	
122	dog	2009	DOG	dog	dog	ᴅᴏɢ	3		fauna	A domesticated carnivorous mammal often kept as a pet or for guarding.	犬	कुत्ता		狗	ခွေး		dog	dog
1810	dog.:puppy			puppy	puppy	ᴘᴜᴘᴘʏ	7			A young, juvenile dog.								
2290	domesticate:to			to domesticate	domesticate	ᴅᴏᴍᴇꜱᴛɪᴄᴀᴛᴇ	7			To tame or train a wild animal so that it can live alongside humans or be used for work.								
2291	donate:to			to donate	donate	ᴅᴏɴᴀᴛᴇ	7			To give something, such as money or goods, to a person or an organization without expecting anything in return.								
1354	donkey			donkey	donkey	ᴅᴏɴᴋᴇʏ	7			A large mammal with long ears and a sturdy body, often used as a beast of burden for carrying heavy loads.								
1355	dont.do...prohib			dont do	prohib	ᴘʀᴏʜɪʙ	7			To refrain from performing a specific action or to stop someone from doing something.								
387	door::way	1567	DOOR	doorway	doorway	ᴅᴏᴏʀᴡᴀʏ	4	Mismatch with CONCEPTICON		An opening in a wall or partition that allows a person to enter or exit a room or building.	戸			门户	တံခါးပေါက်		door	
568	door..panel	–	–	door (panel)	door	ᴅᴏᴏʀ	5	Mismatch with CONCEPTICON		A single movable part of a doorway used to close an opening in a wall.		दरवाज़ा		门	တံခါး			
1356	dove	1853	DOVE	dove	dove	ᴅᴏᴠᴇ	7		fauna	A bird of the family Columbidae, often characterized by a small body and a soft, cooing sound.	鳩	फाख्ता		鸽子	ချိုး		dove	dove
1357	down..direction			down (direction)	down	ᴅᴏᴡɴ	7			A movement or position from a higher place toward a lower place.								
2292	drag..something:to			to drag (something)	drag	ᴅʀᴀɢ	7			To pull or haul something along the ground by moving it behind you.								
1358	dragon	2038	DRAGON	dragon	dragon	ᴅʀᴀɢᴏɴ	7			A large, legendary reptile that can fly and often breathes fire.	龍							
1359	dragonfly			dragonfly	dragonfly	ᴅʀᴀɢᴏɴꜰʟʏ	7			An insect with a long, slender body and two pairs of large, transparent wings that are often used for flying near water.								
2293	draw..image:to			to draw (image)	draw	ᴅʀᴀᴡ	7			To produce a picture or diagram by making marks on a surface, such as paper or wood, using a tool like a pencil or charcoal.								
2294	draw..water:to			to draw (water)	draw	ᴅʀᴀᴡ	7			To pull or lift a liquid from a deep source, such as a well or a river, into a container.	汲む							
1360	dream	2374	DREAM	dream	dream	ᴅʀᴇᴀᴍ	7			A series of images, thoughts, or sensations occurring in the mind during sleep.	夢						to dream	
86	dream:to	1920	DREAM (SOMETHING)	to dream	dream	ᴅʀᴇᴀᴍ	2			To experience mental images, stories, or sensations while sleeping.	夢を見る	सपना देखना		做梦	အိပ်မက်မက်ဖို့			dream
2295	dress:to			to dress	dress	ᴅʀᴇꜱꜱ	7			To put clothing on one's body.								
2296	drill:to			to drill	drill	ᴅʀɪʟʟ	7			To make a hole in a hard surface, such as wood, metal, or the ground, using a tool that rotates.								
1361	drill.hole			drill hole	drill.hole	ᴅʀɪʟʟ.ʜᴏʟᴇ	7			A hole made in a hard surface, such as wood, metal, or stone, by a tool that rotates.								
24	drink:to	1401	DRINK	to drink	drink	ᴅʀɪɴᴋ	1			To swallow a liquid through the mouth.	飲む	पीना		喝	သောက်ရန်			drink
2297	drip:to			to drip	drip	ᴅʀɪᴘ	7			To fall in small, separate drops of liquid, such as water from a leaking tap or rain from a leaf.								
2298	drive..vehicle:to	741	DRIVE	to drive (vehicle)	drive	ᴅʀɪᴠᴇ	7			To operate and control a vehicle, such as a car, truck, or bus, in order to move it from one place to another.	運転する							
1362	drizzle..rain			drizzle (rain)	drizzle	ᴅʀɪᴢᴢʟᴇ	7			Light rain consisting of very small, fine droplets that fall continuously.								
1363	drongo			drongo	drongo	ᴅʀᴏɴɢᴏ	7			A medium-sized black bird with a long, deeply forked tail.								
2299	drop..something:to			to drop (something)	drop	ᴅʀᴏᴘ	7			To let an object fall vertically from the hand or from a higher position to a lower one, often by accident or by releasing it.								
1364	drought			drought	drought	ᴅʀᴏᴜɢʜᴛ	7			A long period of time when there is little or no rain, causing a shortage of water for plants and people.								
2300	drown:to			to drown	drown	ᴅʀᴏᴡɴ	7			To die by submersion in water or another liquid.								
388	drum	908	DRUM	drum	drum	ᴅʀᴜᴍ	4			A percussion instrument that produces sound by striking a stretched membrane with a stick or the hands.		ढोल		鼓	ဒရမ်တစ်ခု		drum (musical instrument)	
1365	drum..large.size			drum (large size)	drum	ᴅʀᴜᴍ	7			A large musical percussion instrument that is played by striking its surface with hands or sticks.								
442	drunk:to.be	1463	DRUNK	to be drunk	drunk	ᴅʀᴜɴᴋ	4			To be in a state of intoxication caused by consuming alcoholic beverages.	酒に酔う	नशेड़ा		醉	မူးသည်၊ မူးသည်။		to be drunk (alcohol)	
443	dry:to.be	1398	DRY	to be dry	dry	ᴅʀʏ	4			To be free from moisture, liquid, or water.	乾いた	सुखाना		干	ခြောက်သွေ့ရန်		to be dry (rice)	
2301	dry..by.fire:to			to dry (by fire)	dry	ᴅʀʏ	7			To remove moisture from something by placing it near or over a flame or hot coals.								
2302	dry..in.sun:to	1398	DRY	to dry (in sun)	dry	ᴅʀʏ	7			To remove moisture from something by placing it under the heat of the sun.								
2059	dry..of.cloth:to.be			to be dry (of cloth)	dry	ᴅʀʏ	7			To no longer be wet or damp, specifically referring to fabric or clothing.								
2060	dry..of.soul:to.be			to be dry (of soul)	dry	ᴅʀʏ	7			To lack spirit, vitality, or emotional energy.								
389	duck	1360	DUCK	duck	duck	ᴅᴜᴄᴋ	4		fauna	A water bird with a broad, flat bill and webbed feet that typically lives near ponds or rivers.	アヒル	बत्ख		鸭子	ဘဲ			
1366	dung.beetle			dung beetle	dung.beetle	ᴅᴜɴɢ.ʙᴇᴇᴛʟᴇ	7			A beetle that feeds on and rolls balls of animal excrement.								
805	durable:to.be	–	–	to be durable	durable	ᴅᴜʀᴀʙʟᴇ	5			To last for a long time without breaking, wearing out, or being destroyed.		टिकाऊ होना		耐用	တာရှည်ခံဖို့			
390	dusk..just.after.sunset	2297	DUSK	dusk (just after sunset)	dusk	ᴅᴜꜱᴋ	4			The period of time immediately after the sun has gone below the horizon but before it is completely dark.		अंधेरा		黄昏	နေဝင်ရီတရော		dusk, twilight (after sunset)	
391	dust	2	DUST	dust	dust	ᴅᴜꜱᴛ	4			Fine, dry particles of matter that are carried in the air or settle on surfaces.	埃	धूल		灰尘	ဖုန်မှုန့်		dust	
2303	dwell:to			to dwell	dwell	ᴅᴡᴇʟʟ	7			To live or reside in a specific place for a long period of time.								
872	dye:to	157	DYE	to dye	dye	ᴅʏᴇ	5			To change the color of a material, such as fabric or hair, by soaking it in a liquid or applying a colored substance.		रंग लगाना		染色	ဆေးဆိုးရန် သို့မဟုတ် ဆေးသုတ်ရန်		to dye (cloth)	
1367	each.other			each other	each.other	ᴇᴀᴄʜ.ᴏᴛʜᴇʀ	7			A reciprocal relationship where two or more people perform the same action toward one another.	互いに							
2061	eager:to.be			to be eager	eager	ᴇᴀɢᴇʀ	7			To feel a strong, impatient desire or intense enthusiasm to do something or to have something.								
123	ear	1247	EAR	ear	ear	ᴇᴀʀ	3		body parts	The organ on the side of the head used for hearing.	耳	कान		耳朵	နား		ear	ear/hear
572	ear::lobe	18	EARLOBE	earlobe	earlobe	ᴇᴀʀʟᴏʙᴇ	5		body parts	The soft, fleshy lower part of the external ear located below the ear canal.		कान का झुमका		耳垂	နားအူ			
392	ear::ring			earring	earring	ᴇᴀʀʀɪɴɢ	4			An ornament worn on the earlobe or through a piercing in the ear.								
1370	ear::wax			earwax	earwax	ᴇᴀʀᴡᴀx	7			A yellowish or brownish waxy substance found inside the ear canal.								
2691	ear.:tragus			tragus	tragus	ᴛʀᴀɢᴜꜱ	7			The small, protruding piece of cartilage on the side of the outer ear, located just in front of the ear canal.								
1368	ear..of.grain			ear (of grain)	ear	ᴇᴀʀ	7			The part of a cereal plant that contains the seeds or grains.								
2062	earlier:to.be	–	–	to be earlier	earlier	ᴇᴀʀʟɪᴇʀ	7			To occur or happen at a time before a specific point or before another event.	前に							
2063	early:to.be	672	EARLY	to be early	early	ᴇᴀʀʟʏ	7			To arrive or occur before a specified or expected time.							early	
124	earth..area.or.plot	1228	EARTH (SOIL)	earth (area or plot)	earth	ᴇᴀʀᴛʜ	3			The top layer of the ground consisting of dirt or soil, often used for planting or building.								earth
574	earthquake	6	EARTHQUAKE	earthquake	earthquake	ᴇᴀʀᴛʜꞯᴜᴀᴋᴇ	5			A sudden shaking or movement of the ground caused by tectonic forces or volcanic activity.		भूकंप		地震	ငလျင်			
125	east	1877	EAST	east	east	ᴇᴀꜱᴛ	3			The direction where the sun rises in the morning.	東	पूर्व		东	အရှေ့		east	
444	easy:to.be	686	EASY	to be easy	easy	ᴇᴀꜱʏ	4			To require little effort or difficulty to do or complete.	易しい	आसान होना		容易	လွယ်ကူစေရန်		to be easy	
285	eat:.hard:to	1336	EAT	to eat	eat	ᴇᴀᴛ	3		verbs	To take food into the mouth, chew it, and swallow it.		खाना खाना		吃	စားရန်			eat
286	eat:.soft:to	1336	EAT	to eat	eat	ᴇᴀᴛ	3		verbs	To take food into the mouth, chew it, and swallow it for nourishment.		खाना खाना		吃	စားရန်			eat
2304	eat..general:to	1336	EAT	to eat (general)	eat	ᴇᴀᴛ	7			To consume food by chewing and swallowing.	食べる							
2305	echo:to			to echo	echo	ᴇᴄʜᴏ	7			To have a sound repeat after it has been made, as if reflected by a surface like a wall or a mountain.								
1371	eclipse..solar			eclipse (solar)	eclipse	ᴇᴄʟɪᴘꜱᴇ	7			The event when the moon passes between the earth and the sun, causing the sun to be obscured or darkened.								
2064	economical:to.be			to be economical	economical	ᴇᴄᴏɴᴏᴍɪᴄᴀʟ	7			To use money, time, or resources carefully and without waste.								
576	eel	–	–	eel	eel	ᴇᴇʟ	5		fauna	A long, thin, snake-like fish that lives in water.		बाम		鳗鱼	ငါးရှဉ့်			
578	egg::shell	3857	EGGSHELL	eggshell	eggshell	ᴇɢɢꜱʜᴇʟʟ	5		body parts	The hard, outer covering of an egg that protects the inside.		अंडे की खुरदनी		蛋壳	ကြက်ဥအခွံ		eggshell	
126	egg..general	744	EGG	egg (general)	egg	ᴇɢɢ	3		body parts	An oval or round object produced by a bird, reptile, or fish, which contains a developing embryo and a yolk.	卵	चिड़िया का अंडा		鸟蛋	ငှက်ဥ		egg	egg
1372	egg..of.bird			egg (of bird)	egg	ᴇɢɢ	7			An oval or round object produced by a bird, containing a developing embryo and protected by a hard or soft shell.								
1373	egg..of.snake			egg (of snake)	egg	ᴇɢɢ	7			An oval or rounded object produced by a reptile, such as a serpent, which contains a developing embryo.								
1374	egg.white			egg white	egg.white	ᴇɢɢ.ᴡʜɪᴛᴇ	7			The clear, liquid part of an avian embryo, found inside the shell, separating the yolk from the outer casing.								
1375	egg.yolk			egg yolk	egg.yolk	ᴇɢɢ.ʏᴏʟᴋ	7			The yellow, central part of a bird's egg.								
577	eggplant..brinjal	1146	AUBERGINE	eggplant (brinjal)	eggplant	ᴇɢɢᴘʟᴀɴᴛ	5		flora	A fleshy, edible fruit that grows on a plant, often shaped like an oval or a sphere, and is typically purple or dark in color.	なすび	बैंगन		茄子	ခရမ်းသီး		eggplant (fruit)	
1376	eggplant..chinese			eggplant (Chinese)	eggplant	ᴇɢɢᴘʟᴀɴᴛ	7			A purple or green vegetable with a fleshy interior and small seeds, often used in cooking.								
1377	eggplant..makhuea			eggplant (makhuea)	eggplant	ᴇɢɢᴘʟᴀɴᴛ	7			A purple or green vegetable with a fleshy interior and small seeds, often used in cooking.								
1283	eggs:clutch.of			clutch of eggs	clutch.of.eggs	ᴄʟᴜᴛᴄʜ.ᴏꜰ.ᴇɢɢꜱ	7			A group of eggs produced by a single bird or reptile at one time.								
1378	elaeagnus.conferta..silverberry:::			Elaeagnus conferta (silverberry)	silverberry	ꜱɪʟᴠᴇʀʙᴇʀʀʏ	7			A shrub or small tree with small, silvery leaves and edible berries, often found in temperate or mountainous regions.								
1379	elder..n			elder (n)	elder	ᴇʟᴅᴇʀ	7			A person who is older than others, especially a member of a family or a community.								
1380	elderly.person			elderly person	elderly.person	ᴇʟᴅᴇʀʟʏ.ᴘᴇʀꜱᴏɴ	7			An aged man or woman who is in the later stages of their life.								
1383	electric.rice.cooker			electric rice cooker	electric.rice.cooker	ᴇʟᴇᴄᴛʀɪᴄ.ʀɪᴄᴇ.ᴄᴏᴏᴋᴇʀ	7			An electrical appliance used for boiling or steaming grains of rice.								
1384	electric.shock			electric shock	electric.shock	ᴇʟᴇᴄᴛʀɪᴄ.ꜱʜᴏᴄᴋ	7			A sudden, painful sensation or injury caused by an electric current passing through the body.								
395	elephant	1290	ELEPHANT	elephant	elephant	ᴇʟᴇᴘʜᴀɴᴛ	4		fauna	A large, heavy mammal with a long trunk and large tusks.	象	हाथी		大象	ဆင်		elephant	
1386	elephant.trunk			elephant trunk	elephant.trunk	ᴇʟᴇᴘʜᴀɴᴛ.ᴛʀᴜɴᴋ	7			The long, flexible, muscular appendage of an elephant used for breathing, smelling, touching, and grasping objects.								
580	elephant.tusk	3280	TUSK	elephant tusk	elephant.tusk	ᴇʟᴇᴘʜᴀɴᴛ.ᴛᴜꜱᴋ	5		body parts	A long, hard, white tooth that grows outside the mouth of an elephant.		हाथी दांत		长牙	စွယ်		elephant tusk	
1387	elephantiasis			elephantiasis	elephantiasis	ᴇʟᴇᴘʜᴀɴᴛɪᴀꜱɪꜱ	7			A condition where a person's limbs or body parts become extremely swollen and enlarged, often caused by a parasitic infection.								
2065	eloquent:to.be			to be eloquent	eloquent	ᴇʟᴏꞯᴜᴇɴᴛ	7			To speak in a fluent, persuasive, or graceful manner.								
582	embankment	–	–	embankment	embankment	ᴇᴍʙᴀɴᴋᴍᴇɴᴛ	5			An artificial wall or mound of earth or stone built up to hold back water or to raise the level of a road or railway.		तलाब का बांध		堤	တာတမံ			
396	embers	67	EMBERS	embers	embers	ᴇᴍʙᴇʀꜱ	4			The small, glowing pieces of wood or coal that remain in a fire after the flames have gone out.								
471	embrace..hug:to	928	EMBRACE	to embrace (hug)	embrace	ᴇᴍʙʀᴀᴄᴇ	4			To wrap one's arms around a person's body to show affection or greeting.		गले लगाना		拥抱	ထွေးပွေ့ရန်		embrace, hug (v)	
287	emerge:to	1076	EMERGE (APPEAR)	to emerge	emerge	ᴇᴍᴇʀɢᴇ	3			To move from a hidden or internal place into view.		उभरना		浮现	ပေါ်ထွက်လာရန်			emerge
2066	empathetic:to.be			to be empathetic	empathetic	ᴇᴍᴘᴀᴛʜᴇᴛɪᴄ	7			To understand and share the feelings or emotions of another person.								
445	empty:to.be	1624	EMPTY	to be empty	empty	ᴇᴍᴘᴛʏ	4			To contain nothing inside; to have no objects or substances within a container or space.	空っぽの	खाली होना		空	ဗလာဖြစ်		(be) empty	
2306	end..conclude:to	–	–	to end (conclude)	end	ᴇɴᴅ	7			To bring something to a final point or to make it stop happening.	終わる							
1388	end..conclusion			end (conclusion)	end	ᴇɴᴅ	7			The final part or the point where something finishes or stops.								
2307	endure:to	833	ENDURE	to endure	endure	ᴇɴᴅᴜʀᴇ	7			To suffer through a difficult, painful, or unpleasant situation without giving up or complaining.	我慢する							
583	enemy	1358	ENEMY	enemy	enemy	ᴇɴᴇᴍʏ	5			A person or group that is a rival or an opponent in a conflict, war, or fight.	敵	दुश्मन		敌人	ရန်သူ		enemy	
806	enough!sufficient:to.be	1881	ENOUGH	to be enough, sufficient	enough	ᴇɴᴏᴜɢʜ	5			To be as much as is required or needed for a particular purpose.		काफी होना		足够	လုံလောက်တယ်၊ လုံလောက်တယ်။		enough	
472	enter:to	749	ENTER	to enter	enter	ᴇɴᴛᴇʀ	4		verbs	To move from the outside to the inside of a place, such as a room, a building, or a container.	入る	अंदर जाना		进入	ဝင်ရန်		to enter (house)	
1389	epilepsy			epilepsy	epilepsy	ᴇᴘɪʟᴇᴘꜱʏ	7			A medical condition characterized by sudden, uncontrolled seizures or fits caused by abnormal electrical activity in the brain.								
807	equal:to.be	1570	EQUAL	to be equal	equal	ᴇꞯᴜᴀʟ	5			To have the same size, amount, value, or quality as something else.		समान होना		相等	ပမာဏ ညီမျှစေရန်		(be) equal	
873	erect:to	1840	BUILD	to erect	erect	ᴇʀᴇᴄᴛ	5			To construct or build a structure, such as a house, a wall, or a monument, by putting parts together.		खड़े होना		直立	တည့်မတ်ရန်		build	
2177	erect!upright:to.become			to become erect, upright	erect	ᴇʀᴇᴄᴛ	7			To move from a lying or bent position into a vertical or straight position.								
397	ereyesterday	1180	DAY BEFORE YESTERDAY	ereyesterday	ereyesterday	ᴇʀᴇʏᴇꜱᴛᴇʀᴅᴀʏ	4			The day that occurred two days before today.	おととい	परसों		前天	မနေ့က		day before yesterday	
2308	escape:to			to escape	escape	ᴇꜱᴄᴀᴘᴇ	7			To break free from a place of confinement or to avoid being captured by someone.								
1390	euphorbia.neriifolia..spurge:::			Euphorbia neriifolia (spurge)	spurge	ꜱᴘᴜʀɢᴇ	7			A succulent plant with thick, fleshy stems that often have spines and contains a milky white sap.								
2309	evade:to			to evade	evade	ᴇᴠᴀᴅᴇ	7			To escape or avoid something, such as a person, an object, or a situation, often by using cleverness or quick movement.								
398	evening	1629	EVENING	evening	evening	ᴇᴠᴇɴɪɴɢ	4			The period of time at the end of the day, occurring after the afternoon and before the night.	夕方	शाम		晚上	ညနေ			
584	evening.star	3341	EVENING STAR	evening star	evening.star	ᴇᴠᴇɴɪɴɢ.ꜱᴛᴀʀ	5			The largest and brightest planet visible in the sky during the period after sunset.								
585	every..each	3416	EVERY (EACH)	every (each)	every	ᴇᴠᴇʀʏ	5			A single member of a group, considered one by one, rather than the group as a whole.		हर		每个	တစ်ခုချင်းစီ၊ တိုင်း			
1392	everybody			everybody	everybody	ᴇᴠᴇʀʏʙᴏᴅʏ	7			Every person in a group or all people in a specific place.								
1393	everyday	–	–	everyday	everyday	ᴇᴠᴇʀʏᴅᴀʏ	7			An event or occurrence that happens each day or is part of a regular routine.	毎日							
1394	everything			everything	everything	ᴇᴠᴇʀʏᴛʜɪɴɢ	7			The totality of all things, including every object, person, and event.								
1395	everywhere			everywhere	everywhere	ᴇᴠᴇʀʏᴡʜᴇʀᴇ	7			In every place or in all locations.								
874	exchange:to	2509	EXCHANGE	to exchange	exchange	ᴇxᴄʜᴀɴɢᴇ	5			To give something to another person and receive something else in return.		विनिमय		交换	လဲလှယ်ရန်		to exchange	
2310	exercise:to			to exercise	exercise	ᴇxᴇʀᴄɪꜱᴇ	7			To engage in physical activity to improve health, strength, or fitness.								
2311	exhale:to			to exhale	exhale	ᴇxʜᴀʟᴇ	7			To push air out of the lungs through the mouth or nose.	息をはく							
2312	exist:to			to exist	exist	ᴇxɪꜱᴛ	7			To have reality or to be present in the world.								
2313	exorcise..spirit:to			to exorcise (spirit)	exorcise	ᴇxᴏʀᴄɪꜱᴇ	7			To drive or expel a supernatural being or spirit away from a person or a place.								
2067	expensive:to.be	1426	EXPENSIVE	to be expensive	expensive	ᴇxᴘᴇɴꜱɪᴠᴇ	7			To have a high price or to cost a lot of money.	高い						(be) expensive	
2068	experienced:to.be			to be experienced	experienced	ᴇxᴘᴇʀɪᴇɴᴄᴇᴅ	7			To have a lot of knowledge or skill gained through many years of practice or involvement in a particular activity.								
2314	explain:to			to explain	explain	ᴇxᴘʟᴀɪɴ	7			To make a concept or idea clear to someone by providing details, reasons, or instructions.								
875	explode:to	3976	EXPLODE	to explode	explode	ᴇxᴘʟᴏᴅᴇ	5			To burst or shatter suddenly and violently, often with a loud noise, due to internal pressure.		फटना		爆炸	မီးထဲတွင် ဝါးကဲ့သို့ ပေါက်ကွဲသည်။			
288	extinguish..fire:to	127	EXTINGUISH	to extinguish (fire)	extinguish	ᴇxᴛɪɴɢᴜɪꜱʜ	3		verbs	To make a fire stop burning by using water, sand, or by smothering it.	火を消す	बुझाना		熄灭	ငြိမ်းအေးရန်		to extinguish (fire)	extinguish
5	eye	1248	EYE	eye	eye	ᴇʏᴇ	1		body parts	The organ on the face used for seeing and perceiving light.	目	आँख		眼睛	မျက်လုံး		eye	eye
399	eye::brow	1173	EYEBROW	eyebrow	eyebrow	ᴇʏᴇʙʀᴏᴡ	4		body parts	The strip of hair growing on the bone above the eye.	まゆげ	भौं		眉毛	မျက်ခုံးမွေး		eyebrow	
586	eye::lash	1540	EYELASH	eyelash	eyelash	ᴇʏᴇʟᴀꜱʜ	5		body parts	A single hair growing along the edge of the eyelid.	まつげ	पलक की झपकी		睫毛	မျက်တောင်		eyelash	
400	eye::lid	17	EYELID	eyelid	eyelid	ᴇʏᴇʟɪᴅ	4		body parts	The skin that covers and protects the eye, which can be raised or lowered.	まぶた	पलक		眼皮	မျက်ခွံ		eyelid	
710	eye.:pupil	1658	PUPIL	pupil	pupil	ᴘᴜᴘɪʟ	5		body parts	The black, circular opening in the center of the eye.		पुपिल		瞳孔	မျက်စိ၏ကျောင်းသား			
401	face	1560	FACE	face	face	ꜰᴀᴄᴇ	4		body parts	The front part of a person's head, including the eyes, nose, mouth, and ears.	顔	चेहरा		脸	မျက်နှာ		face	
2315	fade:to			to fade	fade	ꜰᴀᴅᴇ	7			To lose brightness, color, or intensity gradually until the object becomes pale or indistinct.								
2069	faded:to.be			to be faded	faded	ꜰᴀᴅᴇᴅ	7			To lose brightness, color, or intensity, such as a piece of cloth or a drawing that was once vibrant but is now pale.								
402	faeces..excrement	675	FAECES (EXCREMENT)	faeces (excrement)	faeces	ꜰᴀᴇᴄᴇꜱ	4			The waste matter that is discharged from the body through the anus after digestion.	d						excrement	
2316	fail:to			to fail	fail	ꜰᴀɪʟ	7			To be unsuccessful in achieving a goal, an objective, or a desired result.								
2317	faint:to			to faint	faint	ꜰᴀɪɴᴛ	7			To lose consciousness temporarily and fall down, often due to a sudden drop in blood pressure or emotional shock.								
2070	fair!just:to.be			to be fair, just	fair	ꜰᴀɪʀ	7			To act in a way that is impartial, equitable, and follows the rules without favoritism or bias.								
289	fall..of.objects:to	1280	FALL	to fall (of objects)	fall	ꜰᴀʟʟ	3			To move downward from a higher position to a lower position due to gravity.	落ちる	गिरना		落下	အရွက်များကဲ့သို့ ကြွေကျခြင်း၊		to fall (from a height)	fall (from a height)
2318	fall..of.people:to			to fall (of people)	fall	ꜰᴀʟʟ	7			To move downward rapidly and lose one's balance, resulting in a person landing on the ground or a lower surface.								
2319	fall.out..of.hair:to			to fall out (of hair)	fall.out	ꜰᴀʟʟ.ᴏᴜᴛ	7			To lose hair from the head or body.								
808	false:to.be	3069	FALSE	to be false	false	ꜰᴀʟꜱᴇ	5			To not be true or correct; to be contrary to the facts or reality.		गलत होना		错误的	မှားသည်ဖြစ်စေ မှားသည်ဖြစ်စေ			
1396	family..extended	194	FAMILY	family (extended)	family	ꜰᴀᴍɪʟʏ	7			A group of people related by blood or marriage, including not only parents and children but also more distant relatives such as aunts, uncles, cousins, and grandparents.								
403	family..household	194	FAMILY	family (household)	family	ꜰᴀᴍɪʟʏ	4			A group of people who live together in the same house and are related by blood, marriage, or adoption.	家族	परिवार		家庭	မိသားစု		family	
1397	family..nuclear	194	FAMILY	family (nuclear)	family	ꜰᴀᴍɪʟʏ	7			A social unit consisting of a pair of parents and their children, rather than a larger group of relatives.								
2608	famine:to.suffer			to suffer famine	suffer.famine	ꜱᴜꜰꜰᴇʀ.ꜰᴀᴍɪɴᴇ	7			To experience a period of time when there is very little or no food available for a large group of people or a community.								
1398	fan	1971	FAN (OBJECT)	fan	fan	ꜰᴀɴ	7			A device used to create a current of air by waving it or by using a motor.	扇						fan (v)	
2320	fan:to	360	FAN (ACTION)	to fan	fan	ꜰᴀɴ	7			To move air toward oneself or another object using a handheld tool or a piece of material.								
1399	fan..bellows			fan (bellows)	fan	ꜰᴀɴ	7			A device used to blow air by hand, often made of leather or wood, to start or sustain a fire.								
237	far:to.be	1406	FAR	to be far	far	ꜰᴀʀ	3			To be at a great distance in space or time, rather than being near or close.	遠い	दूर		远	ဝေးဖို့		to be far (village many miles away)	far
1400	farmer			farmer	farmer	ꜰᴀʀᴍᴇʀ	7			A person who works on a piece of land to grow crops or raise animals for food or sale.								
2321	fart:to	1159	FART	to fart	fart	ꜰᴀʀᴛ	7			To expel gas from the body through the anus.	おならする						to fart	
446	fast:to.be	1631	FAST	to be fast	fast	ꜰᴀꜱᴛ	4			To move or happen at a high speed, covering a distance in a short amount of time.	速い	तेज		快	မြန်တယ်၊ မြန်တယ်။		to be fast	
2322	fast..abstain:to			to fast (abstain)	fast	ꜰᴀꜱᴛ	7			To refrain from eating or drinking any food or liquids for a specific period of time, often for religious or health reasons.								
2323	fasten..load:to			to fasten (load)	fasten	ꜰᴀꜱᴛᴇɴ	7			To secure or attach a heavy object or cargo to a vehicle, a container, or the ground so that it does not move or fall during transport.								
238	fat:to.be	1279	FAT (OBESE)	to be fat	fat	ꜰᴀᴛ	3			To have an excess of body flesh or fat, such that the body appears large or heavy.	太った, 太い	मोटा		肥	အဆီကျဖို့		to be fat (person)	fat
128	fat..substance	323	FAT (ORGANIC SUBSTANCE)	fat (substance)	fat	ꜰᴀᴛ	3			An oily, greasy substance found in animal or plant bodies used for energy or cooking.								fat/grease
51	father	1217	FATHER	father	father	ꜰᴀᴛʜᴇʀ	2			A male parent.	父	पिता		父亲	အဖေ		father	
1401	father.in.law	1055	FATHER-IN-LAW	father in law	father.in.law	ꜰᴀᴛʜᴇʀ.ɪɴ.ʟᴀᴡ	7			The male parent of one's spouse.	義父						father-in-law	
290	fear:to	1419	FEAR (BE AFRAID)	to fear	fear	ꜰᴇᴀʀ	3			To experience a strong, unpleasant emotion caused by the presence or possibility of danger, harm, or a threat.	恐れる	डरना		害怕	ကြောက်ဖို့ကောင်းတယ်။		fear (n)	fear/frighten
1402	feast			feast	feast	ꜰᴇᴀꜱᴛ	7			A large, celebratory meal shared by many people, often held to mark a special occasion or festival.								
2324	feast:to			to feast	feast	ꜰᴇᴀꜱᴛ	7			To eat a large, elaborate meal, often shared by many people to celebrate a special occasion.								
129	feather	1201	FEATHER	feather	feather	ꜰᴇᴀᴛʜᴇʀ	2		body parts	A single, light part of a bird's body covering that is used for flight or warmth.	羽毛	पंख		羽毛	အမွေး		feather (body hair)	
2325	feed..animals:to			to feed (animals)	feed	ꜰᴇᴇᴅ	7			To give food to an animal or livestock.								
876	feed..infant:to	739	FEED	to feed (infant)	feed	ꜰᴇᴇᴅ	5			To give food or milk to a very young child or baby.		खिलाना		喂	ကျွေးဖို့		feed (animals)	
2326	feel..something:to			to feel (something)	feel	ꜰᴇᴇʟ	7			To experience a physical or emotional sensation through the senses or the mind.								
2329	fell.trees:to			to fell trees	fell.trees	ꜰᴇʟʟ.ᴛʀᴇᴇꜱ	7			To cut down a large woody plant so that it falls to the ground.								
2071	feminine:to.be			to be feminine	feminine	ꜰᴇᴍɪɴɪɴᴇ	7			To have qualities, characteristics, or a biological sex that is typically associated with women or girls.								
1403	feminine.marker			feminine marker	feminine.marker	ꜰᴇᴍɪɴɪɴᴇ.ᴍᴀʀᴋᴇʀ	7			A grammatical element used to indicate that a noun, person, or pronoun is female.								
404	fence	1690	FENCE	fence	fence	ꜰᴇɴᴄᴇ	4			A structure made of wood, metal, or stone that surrounds an area of land or a building to mark a boundary or provide security.		बाड़		围栏	ခြံစည်းရိုး		fence (n)	
2330	fence.in:to			to fence in	fence.in	ꜰᴇɴᴄᴇ.ɪɴ	7			To enclose a specific area or a group of animals within a boundary, such as a wall or a wooden barrier, to keep them from escaping or entering.								
291	ferment..alcohol:to			to ferment (alcohol)	ferment	ꜰᴇʀᴍᴇɴᴛ	3			To undergo a chemical process where sugars are converted into alcohol by yeast, often resulting in a beverage.								
2331	ferment..foods:to			to ferment (foods)	ferment	ꜰᴇʀᴍᴇɴᴛ	7			To undergo a chemical change caused by bacteria or yeast, often used to preserve food or change its flavor and texture.								
1410	fern:fiddle.head			fiddle head fern	fiddle.head.fern	ꜰɪᴅᴅʟᴇ.ʜᴇᴀᴅ.ꜰᴇʀɴ	7			A young, coiled part of a fern plant that is eaten as a vegetable.								
1406	fern..general			fern (general)	fern	ꜰᴇʀɴ	7			A non-flowering plant that typically has feathery or divided leaves and grows in moist or shady areas.								
1407	fertile..of.soil			fertile (of soil)	fertile	ꜰᴇʀᴛɪʟᴇ	7			The quality of land or soil that is able to produce many plants or crops easily.								
130	festival	131	FESTIVAL	festival	festival	ꜰᴇꜱᴛɪᴠᴀʟ	3			A large, organized public celebration or social gathering, often involving traditional rituals, music, or food, held on a specific day or period.	祭	त्योहार		节日	ပွဲတော်			
2332	fetch:to			to fetch	fetch	ꜰᴇᴛᴄʜ	7			To go to a place or a person, take an object, and bring it back to the current location.								
2333	fetch.water:to			to fetch water	fetch.water	ꜰᴇᴛᴄʜ.ᴡᴀᴛᴇʀ	7			To go to a source of liquid, such as a river, well, or container, and bring it back to a specific place.								
886	fever:to.have	1534	FEVER	to have fever	fever	ꜰᴇᴠᴇʀ	5			To have a body temperature that is higher than normal.		बुखार होना		发烧	အဖျားရှိရန်		fever (not malaria)	
447	few..in.number:to.be	1242	FEW	to be few (in number)	few	ꜰᴇᴡ	4			To exist in a small quantity or a small number of individuals, rather than a large amount.	少ない	कुछ		少	အနည်းငယ်ဖြစ်ရန်		to be few (people)	
1408	fiancé			fiancé	fiancé	ꜰɪᴀɴᴄᴇ́	7			A person to whom someone is engaged to be married.								
1409	fiancée			fiancée	fiancée	ꜰɪᴀɴᴄᴇ́ᴇ	7			A woman to whom a person is engaged to be married.								
161	field:jhum	2794	FIELD (UPLAND)	jhum field	jhum.field	ᴊʜᴜᴍ.ꜰɪᴇʟᴅ	3			A piece of land used for farming that is created by cutting down forest vegetation and burning it.	焼畑	झुम का खेत		烧林放牧	ခုတ်ထစ်ခြင်းနှင့် မီးရှို့ခြင်းအကွက်		dry (burned) field	swidden
198	field:paddy	140	PADDY FIELD	paddy field	paddy.field	ᴘᴀᴅᴅʏ.ꜰɪᴇʟᴅ	3			A piece of land covered in water where rice is grown.		धान का खेत		水稻田	လယ်ကွင်း		wet rice field	irrigated paddy field
1411	field..burnt			field (burnt)	field	ꜰɪᴇʟᴅ	7			An area of land that has been cleared of vegetation by setting it on fire.								
588	field..general	212	FIELD	field (general)	field	ꜰɪᴇʟᴅ	5			An area of land used for growing crops or for grazing animals.	田畑	खेत		田地	လယ်ကွင်း			field
1022	field.hut	1678	HUT	field hut	field.hut	ꜰɪᴇʟᴅ.ʜᴜᴛ	6			A small, simple shelter located in a rural area or a place where crops are grown.	焼畑小屋						shelter (n)	
1729	field.square:paddy			paddy field square	paddy.field.square	ᴘᴀᴅᴅʏ.ꜰɪᴇʟᴅ.ꜱꞯᴜᴀʀᴇ	7			A piece of land used for growing rice that is shaped like a square or rectangle.								
1730	field.square:paddy.wall			paddy wall field square	paddy.wall.field.square	ᴘᴀᴅᴅʏ.ᴡᴀʟʟ.ꜰɪᴇʟᴅ.ꜱꞯᴜᴀʀᴇ	7			A low barrier made of earth or mud that surrounds a plot of land used for growing rice.								
2072	fierce..ferocious:to.be			to be fierce (ferocious)	fierce	ꜰɪᴇʀᴄᴇ	7			To act in a violent, aggressive, or wild manner that causes fear.								
1412	fig..fruit			fig (fruit)	fig	ꜰɪɢ	7			A small, soft fruit with a sweet interior and many tiny seeds, often shaped like a teardrop and frequently eaten dried.								
1413	fig..tree			fig (tree)	fig	ꜰɪɢ	7			A fruit from a tree that is often soft and sweet, containing many small seeds inside.								
2334	fight:to	1423	FIGHT	to fight	fight	ꜰɪɢʜᴛ	7			To engage in a physical struggle or conflict between two or more people or groups.	戦争する	लड़ाई करना		打架	တိုက်ခိုက်ရန်		to fight (hand-to-hand)	
2335	fight.with.stick:to			to fight with stick	fight.with.stick	ꜰɪɢʜᴛ.ᴡɪᴛʜ.ꜱᴛɪᴄᴋ	7			To engage in a physical struggle or combat using a long, hard piece of wood as a weapon.								
1414	figure..shape	3747	SHAPE	figure (shape)	figure	ꜰɪɢᴜʀᴇ	7			The external form, outline, or contour of an object or a person.	形							
2336	fill:to			to fill	fill	ꜰɪʟʟ	7			To make a container or an empty space full by adding something into it.								
1416	fin..of.fish			fin (of fish)	fin	ꜰɪɴ	7			A limb or appendage on the body of a fish or other aquatic animal used for swimming or balance.								
2337	find:to	719	FIND	to find	find	ꜰɪɴᴅ	7			To come into possession of something that was lost or hidden, or to discover something by chance or through searching.	みつける						find	
2338	fine..punishment:to			to fine (punishment)	fine	ꜰɪɴᴇ	7			To charge a person a specific amount of money as a punishment for breaking a law or a rule.								
52	finger	1303	FINGER	finger	finger	ꜰɪɴɢᴇʀ	2		body parts	The long, slender part of a hand located between the palm and the tip.	指	उंगली	আঙুল	手指	လက်ညှိုး		finger	finger/toe
131	finger::nail	1258	FINGERNAIL	fingernail	fingernail	ꜰɪɴɢᴇʀɴᴀɪʟ	3		body parts	The hard, protective plate located at the very tip of a finger.	爪	नाखून		指甲	လက်သည်း		fingernail	
1546	finger:index			index finger	index.finger	ɪɴᴅᴇx.ꜰɪɴɢᴇʀ	7			The digit on the hand located between the thumb and the middle finger.								
1590	finger:little			little finger	little.finger	ʟɪᴛᴛʟᴇ.ꜰɪɴɢᴇʀ	7			The smallest finger on the human hand, located next to the ring finger.								
1641	finger:middle			middle finger	middle.finger	ᴍɪᴅᴅʟᴇ.ꜰɪɴɢᴇʀ	7			The third digit of the human hand, located between the index finger and the ring finger.								
1328	finger.:cuticle			cuticle	cuticle	ᴄᴜᴛɪᴄʟᴇ	7			The thin, protective outer layer of a leaf or a stem.								
1564	finger.:knuckle			knuckle	knuckle	ᴋɴᴜᴄᴋʟᴇ	7			The joint of a finger or a toe where the skin forms a prominent bump.								
225	finger.:thumb	1781	THUMB	thumb	thumb	ᴛʜᴜᴍʙ	3			The short digit of the human hand, located next to the fingers.		अंगूठा	আঙুঠ	拇指	လက်မ		thumb	
1417	finger.gaps			finger gaps	finger.gaps	ꜰɪɴɢᴇʀ.ɢᴀᴘꜱ	7			The space or gap located between two adjacent digits on a hand.								
1418	fingernail.gaps			fingernail gaps	fingernail.gaps	ꜰɪɴɢᴇʀɴᴀɪʟ.ɢᴀᴘꜱ	7			The space or gap found between the edge of a person's finger and the hard covering at the tip.								
6	fire	221	FIRE	fire	fire	ꜰɪʀᴇ	1			The heat and light produced when something burns.	火	आग		火	မီး		fire	fire
406	fire::place..hearth	185	FIREPLACE	fireplace (hearth)	fireplace	ꜰɪʀᴇᴘʟᴀᴄᴇ	4			A structure, often made of stone or brick, used for containing a fire for warmth or cooking inside a building.		चूल्हा		炉灶	မီးဖို		fireplace	
592	fire::place.shelf	–	–	fireplace shelf	fireplace.shelf	ꜰɪʀᴇᴘʟᴀᴄᴇ.ꜱʜᴇʟꜰ	5			A flat, horizontal surface attached to a wall above a hearth or a place for making a fire.		मंडप		炉架	မီးဖိုထက်တွင် စင် သို့မဟုတ် စင်			
132	fire::wood	10	FIREWOOD	firewood	firewood	ꜰɪʀᴇᴡᴏᴏᴅ	3			Wood or other organic material that is used as fuel for making a fire.	薪	लकड़ी		柴火	ထင်း		firewood	
405	firefly	206	FIREFLY	firefly	firefly	ꜰɪʀᴇꜰʟʏ	4		fauna	A small insect that flies at night and produces a light from its body.		जुगनू		萤火虫	ပိုးစုန်းကြူး			
2073	firm:to.be			to be firm	firm	ꜰɪʀᴍ	7			To be hard or solid to the touch and not easily shaped or compressed.								
809	first:to.be	728	FIRST	to be first	first	ꜰɪʀꜱᴛ	5			To occupy the earliest position in a sequence, a list, or a race.	最初に	पहला		第一	ပထမ		(be) first	
1419	firstborn.child			firstborn child	firstborn.child	ꜰɪʀꜱᴛʙᴏʀɴ.ᴄʜɪʟᴅ	7			The first child born to a person or a couple.								
133	fish	227	FISH	fish	fish	ꜰɪꜱʜ	3		fauna	An aquatic animal that breathes through gills and lives in water.	魚	मछली		鱼	ငါး		fish (v)	fish
1404	fish:fermented			fermented fish	fermented.fish	ꜰᴇʀᴍᴇɴᴛᴇᴅ.ꜰɪꜱʜ	7			A food made by preserving fish in salt or through a fermentation process.								
1903	fish:snakehead			snakehead fish	snakehead.fish	ꜱɴᴀᴋᴇʜᴇᴀᴅ.ꜰɪꜱʜ	7			A predatory freshwater fish with a long, cylindrical body and a large head, often found in tropical areas.								
854	fish:to.catch	2638	FISHING	to catch fish	catch.fish	ᴄᴀᴛᴄʜ.ꜰɪꜱʜ	5			To capture or trap aquatic animals such as fish from a body of water.	釣る							
1420	fish..dried			fish (dried)	fish	ꜰɪꜱʜ	7			A fish that has been preserved through drying, often in the sun or with salt.								
1421	fish.bone			fish bone	fish.bone	ꜰɪꜱʜ.ʙᴏɴᴇ	7			The hard, bony parts found inside the body of a water animal used for eating.								
1422	fish.dam			fish dam	fish.dam	ꜰɪꜱʜ.ᴅᴀᴍ	7			A structure built across a river or stream to trap or collect aquatic animals.								
1423	fish.gill	1916	GILL	fish gill	fish.gill	ꜰɪꜱʜ.ɢɪʟʟ	7			The respiratory organ of a fish, used for breathing underwater.							gill	
1424	fish.hook			fish hook	fish.hook	ꜰɪꜱʜ.ʜᴏᴏᴋ	7			A curved tool used for catching fish by attaching it to a line.								
1426	fish.sauce			fish sauce	fish.sauce	ꜰɪꜱʜ.ꜱᴀᴜᴄᴇ	7			A liquid seasoning made from fermented fish and salt.	魚醤							
1427	fish.scale	266	SCALE	fish scale	fish.scale	ꜰɪꜱʜ.ꜱᴄᴀʟᴇ	7			The small, thin, hard plate covering the skin of a water animal.	鱗						fish-scale	
1428	fisherman			fisherman	fisherman	ꜰɪꜱʜᴇʀᴍᴀɴ	7			A person who catches fish for food or for sale.								
1429	fishing.line			fishing line	fishing.line	ꜰɪꜱʜɪɴɢ.ʟɪɴᴇ	7			A thin, strong cord used for catching fish.								
2339	fit:to			to fit	fit	ꜰɪᴛ	7			To be the right size or shape so that an object can be placed inside or onto something else.								
1430	flag			flag	flag	ꜰʟᴀɢ	7			A rectangular piece of cloth with a specific design or color that is used as a symbol of a country, an organization, or a particular group.								
596	flame	889	FLAME	flame	flame	ꜰʟᴀᴍᴇ	5			The visible, glowing part of a fire caused by burning fuel.		ज्वाला		火焰	မီးတောက်		flame	
2340	flap..of.wings:to			to flap (of wings)	flap	ꜰʟᴀᴘ	7			To move wings up and down quickly and repeatedly, especially to fly or to stay in the air.								
1431	flask			flask	flask	ꜰʟᴀꜱᴋ	7			A container with a narrow neck used for holding liquids.								
239	flat:to.be	1633	FLAT	to be flat	flat	ꜰʟᴀᴛ	3			To have a smooth, even surface without any bumps, curves, or raised parts.	平たい	समतल		平的	ပြားချပ်		(be) flat	
2341	flatten:to			to flatten	flatten	ꜰʟᴀᴛᴛᴇɴ	7			To make something flat or level by applying pressure or force to its surface.								
1432	flavour			flavour	flavour	ꜰʟᴀᴠᴏᴜʀ	7			The characteristic taste of a food or drink, such as sweetness, saltiness, or bitterness.								
408	flea	232	FLEA	flea	flea	ꜰʟᴇᴀ	4		fauna	A small, wingless, jumping insect that lives as a parasite on the skin of mammals or birds and sucks their blood.	蚤	उम्मड़		跳蚤	လှေး၊		flea	
292	flee..run.away:to	956	FLEE	to flee (run away)	flee	ꜰʟᴇᴇ	3			To run or move quickly away from a place or a person, often because of danger, fear, or a desire to avoid being caught.	逃げる	भागना		奔跑 / 逃跑	ပြေး၊ ပြေး		flee, run away from	run/flee
2074	flexible:to.be			to be flexible	flexible	ꜰʟᴇxɪʙʟᴇ	7			To bend easily without breaking.								
877	float:to	1574	FLOAT	to float	float	ꜰʟᴏᴀᴛ	5			To rest or move on the surface of a liquid without sinking.	浮かぶ	तैरना		漂浮	မျှော			
1433	flock.of.birds			flock of birds	flocks	ꜰʟᴏᴄᴋꜱ	7			A large group of birds that fly or move together.								
1434	flock.of.sheep			flock of sheep	flock.of.sheep	ꜰʟᴏᴄᴋ.ᴏꜰ.ꜱʜᴇᴇᴘ	7			A large group of sheep that live, eat, or move together.								
473	flood:to	–	–	to flood	flood	ꜰʟᴏᴏᴅ	4			To have a large amount of water cover an area of land that is usually dry.		बाढ़		洪水	ရေလွှမ်းမိုး			
597	floor	1632	FLOOR	floor	floor	ꜰʟᴏᴏʀ	5			The flat, horizontal surface of a room or a building that people walk upon.		मंज़िल		地板	ကြမ်းပြင်		floor	
1435	flour	1594	FLOUR	flour	flour	ꜰʟᴏᴜʀ	7			A powder made by grinding a grain, such as rice or wheat, used for cooking.	粉						flour	
474	flow..of.water:to	2003	FLOW	to flow (of water)	flow	ꜰʟᴏᴡ	4			To move continuously in a stream or current, such as a river or water from a tap.		बहना		流	စီးဆင်းရန်၊ ရေ		to flow (river)	
7	flower	239	FLOWER	flower	flower	ꜰʟᴏᴡᴇʀ	1		flora	The reproductive part of a plant, often colorful and fragrant, used for making seeds.	花	फूल		花	ပန်း		flower	flower
536	flower.:bud	1684	BUD	bud	bud	ʙᴜᴅ	5		flora	A small, undeveloped part of a plant that will grow into a leaf or a flower.		कली		花蕾	ပန်းဖူး		bud	
1436	flute			flute	flute	ꜰʟᴜᴛᴇ	7			A musical instrument consisting of a thin tube that produces sound when air is blown across a hole or through a mouthpiece.								
87	fly:to	1441	FLY (MOVE THROUGH AIR)	to fly	fly	ꜰʟʏ	2			To move through the air using wings or by means of flight.	飛ぶ	उड़ना		飞	ပျံသန်းရန်			fly
1437	foam			foam	foam	ꜰᴏᴀᴍ	7			A mass of small bubbles formed on the surface of a liquid, such as when soap is used or when a liquid is agitated.								
1438	foetus			foetus	foetus	ꜰᴏᴇᴛᴜꜱ	7			An unborn human or animal that is developing inside the mother's womb.								
135	fog..mist	249	FOG	fog (mist)	fog	ꜰᴏɢ	3			A thick cloud of tiny water droplets suspended in the air near the ground that makes it difficult to see clearly.	霧	कोहरा		雾	မြူ၊ မြူ		mist/fog	
475	fold:to	1470	FOLD	to fold	fold	ꜰᴏʟᴅ	4			To bend something, such as a piece of cloth or paper, so that one part lies on top of another.	折る	मोड़ना		折叠	ခေါက်ရန်၊ အထည်		fold (v)	
1439	folktale			folktale	folktale	ꜰᴏʟᴋᴛᴀʟᴇ	7			A traditional story passed down through generations by word of mouth rather than being written down.								
878	follow:to	1085	FOLLOW	to follow	follow	ꜰᴏʟʟᴏᴡ	5			To move behind or after someone or something that is going in the same direction.		अनुसरण करना		跟随	လိုက်နာရန်		follow	
1440	food..general	256	FOOD	food (general)	food	ꜰᴏᴏᴅ	7			Any substance that is eaten or swallowed to provide nourishment for the body.	食べ物						food	
1441	food..in.teeth			food (in teeth)	food	ꜰᴏᴏᴅ	7			The particles of a substance that remain stuck between the teeth after eating.								
601	foot::print	318	FOOTPRINT	footprint	footprint	ꜰᴏᴏᴛᴘʀɪɴᴛ	5			The mark or shape left on a surface by a human foot or footgear.		पादचिह्न		足迹	ခြေရာ		footprint (human)	
1911	foot:sole.of			sole of foot	sole.of.foot	ꜱᴏʟᴇ.ᴏꜰ.ꜰᴏᴏᴛ	7			The bottom part of a human foot that touches the ground when walking.								
626	foot.:heel	980	HEEL	heel	heel	ʜᴇᴇʟ	5		body parts	The back part of a human foot, located below the ankle.	かかと	एड़ी		脚后跟	ဖနောင့်		heel	
1442	football			football	football	ꜰᴏᴏᴛʙᴀʟʟ	7			A game played by two teams of players who move a ball between goals using their feet.								
2342	forbid:to			to forbid	forbid	ꜰᴏʀʙɪᴅ	7			To command that someone must not do a specific action or to prohibit an act by authority.								
410	forest	420	FOREST	forest	forest	ꜰᴏʀᴇꜱᴛ	4			A large area of land covered with many trees and thick vegetation.	森	जंगल		森林	တော၊ တော		jungle/forest	
1443	forest..thick			forest (thick)	forest	ꜰᴏʀᴇꜱᴛ	7			A large area of land covered with many closely growing trees and dense vegetation.								
1444	forest..wild			forest (wild)	forest	ꜰᴏʀᴇꜱᴛ	7			A large area of land covered with many trees and natural vegetation, not used for farming or human settlement.								
2343	forge:to			to forge	forge	ꜰᴏʀɢᴇ	7			To shape or create an object, such as a tool or weapon, by heating metal and hitting it with a hammer.								
293	forget:to	1523	FORGET	to forget	forget	ꜰᴏʀɢᴇᴛ	3			To fail to remember a piece of information or a past event.	忘れる	भूलना		忘记	မေ့			forget
879	forgive:to	1528	FORGIVE	to forgive	forgive	ꜰᴏʀɢɪᴠᴇ	5			To stop feeling angry or resentful toward someone who has done something wrong or caused harm.	許す	माफ़ करना		原谅	ခွင့်လွှတ်ပါ။			
1445	fork..in.path			fork (in path)	fork	ꜰᴏʀᴋ	7			A place where a single path or road divides into two or more different directions.								
1446	fort			fort	fort	ꜰᴏʀᴛ	7			A large, strong building or wall built to protect a place from attack.								
1447	fortune.teller			fortune teller	fortune.teller	ꜰᴏʀᴛᴜɴᴇ.ᴛᴇʟʟᴇʀ	7			A person who predicts a person's future or tells what will happen to them.								
1457	forward..direction			forward (direction)	forward	ꜰᴏʀᴡᴀʀᴅ	7			In a direction toward the front or the direction one is facing.								
1458	foundation			foundation	foundation	ꜰᴏᴜɴᴅᴀᴛɪᴏɴ	7			The solid base of a building or structure that is buried underground to support it.								
137	fowl	265	FOWL	fowl	fowl	ꜰᴏᴡʟ	3		fauna	A bird that is kept on a farm for its meat or eggs.								fowl
411	fox	1312	FOX	fox	fox	ꜰᴏx	4		fauna	A small, wild carnivorous mammal with a pointed snout, a bushy tail, and a reddish-brown coat.	狐	लोमड़ी		狐狸	မြေခွေး			
412	freckle	530	FRECKLE	freckle	freckle	ꜰʀᴇᴄᴋʟᴇ	4		body parts	A small, dark spot or mark on the skin, often caused by sun exposure.								
2344	freeze:to	1431	FREEZE	to freeze	freeze	ꜰʀᴇᴇᴢᴇ	7			To undergo a change in state from a liquid to a solid due to a very low temperature.	凍る							
1459	friday	1692	FRIDAY	friday	friday	ꜰʀɪᴅᴀʏ	7			The day of the week that comes after Thursday and before Saturday.	金曜日							
607	friend	1325	FRIEND	friend	friend	ꜰʀɪᴇɴᴅ	5			A person whom one knows well and likes, often involving a relationship of mutual affection or trust rather than a family member.	友人	दोस्त		朋友	သူငယ်ချင်း		friend	
1185	friend:best			best friend	best.friend	ʙᴇꜱᴛ.ꜰʀɪᴇɴᴅ	7			A person to whom one has a very strong bond of affection and trust, more closely than to any other person.								
2345	frighten..tr:to			to frighten (tr)	frighten	ꜰʀɪɢʜᴛᴇɴ	7			To cause someone to feel sudden fear or alarm.								
138	frog	503	FROG	frog	frog	ꜰʀᴏɢ	3			An amphibian with smooth, moist skin and long hind legs used for jumping.	蛙	मेंढक		青蛙	ဖား		frog	frog
1460	frog..toad	894	TOAD	frog (toad)	frog	ꜰʀᴏɢ	7			A small, moist-skinned amphibian that lives near water and can jump.							toad	
1461	front..side	2194	FRONT (PART)	front (side)	front	ꜰʀᴏɴᴛ	7			The part of an object or a body that is located at the forward end, facing the direction of movement or the direction in which one is looking.	前						front (of something)	
1462	frontier.region			frontier region	frontier.region	ꜰʀᴏɴᴛɪᴇʀ.ʀᴇɢɪᴏɴ	7			A border area or a territory located at the edge of a country or a specific territory.								
8	fruit	1507	FRUIT	fruit	fruit	ꜰʀᴜɪᴛ	1		flora	The fleshy, edible part of a plant that contains seeds and grows from a flower.	実	फल		水果	အသီး		fruit (tree)	fruit
2346	fry..in.oil:to	991	FRY	to fry (in oil)	fry	ꜰʀʏ	7			To cook food by submerging it in or coating it with hot fat or oil.	炒める						fry	
1463	frying.pan			frying pan	frying.pan	ꜰʀʏɪɴɢ.ᴘᴀɴ	7			A flat metal container used for cooking food in hot oil or fat over a heat source.								
257	full.:satiated:to.be	106	SATIATED	to be satiated	satiated	ꜱᴀᴛɪᴀᴛᴇᴅ	3			To feel completely full or satisfied after eating or drinking, such that one cannot consume any more.	満腹である	भर जाना		饱	ပြည့်ဝ၊		to be full (after eating)	
240	full..container:to.be	1429	FULL	to be full (container)	full	ꜰᴜʟʟ	3			To contain as much as possible, such that no more can be added.	いっぱいの	भरा हुआ		满	ကွန်တိန်နာတစ်ခု၏အပြည့်		to be full (container)	full
2075	full..overeaten:to.be			to be full (overeaten)	full	ꜰᴜʟʟ	7			To feel a physical sensation of being unable to eat any more because a large amount of food has been consumed.	満腹である							
1464	funeral			funeral	funeral	ꜰᴜɴᴇʀᴀʟ	7			A ceremony or ritual performed for a person who has died, often involving the burial or cremation of the body.								
1465	fur..kiwi!moth			fur (kiwi, moth)	fur	ꜰᴜʀ	7			The thick, soft growth of hair that covers the skin of an animal.								
1466	gall..bile			gall (bile)	gall	ɢᴀʟʟ	7			A bitter, yellowish-green liquid produced by the liver and stored in the body.								
1467	gall.bladder			gall bladder	gall.bladder	ɢᴀʟʟ.ʙʟᴀᴅᴅᴇʀ	7			The small organ in the body that stores bile produced by the liver.								
1468	game			game	game	ɢᴀᴍᴇ	7			An activity played for enjoyment or competition, often involving rules and players.								
1469	game..traditional			game (traditional)	game	ɢᴀᴍᴇ	7			A traditional activity played for fun or competition, often involving specific rules and passed down through generations.								
1470	garbage.dump			garbage dump	garbage.dump	ɢᴀʀʙᴀɢᴇ.ᴅᴜᴍᴘ	7			A place where waste material and trash are collected or left to decay.								
608	garden	586	GARDEN	garden	garden	ɢᴀʀᴅᴇɴ	5			An area of land, often near a house, used for growing flowers, vegetables, or fruits.		बगीचा		花园	ဥယျာဉ်		garden	
609	garlic	2368	GARLIC	garlic	garlic	ɢᴀʀʟɪᴄ	5		flora	A bulbous plant used as a strong-smelling seasoning or spice in cooking.	ニンニク	लहसुन		大蒜	ကြက်သွန်ဖြူ		garlic	
1471	garlic.chives			garlic chives	garlic.chives	ɢᴀʀʟɪᴄ.ᴄʜɪᴠᴇꜱ	7			A green, edible plant with long, narrow leaves that tastes similar to an onion or garlic.								
1472	garlic.leaves			garlic leaves	garlic.leaves	ɢᴀʀʟɪᴄ.ʟᴇᴀᴠᴇꜱ	7			The green, long, narrow foliage of the plant used for flavoring food.								
610	gate	2940	GATE	gate	gate	ɢᴀᴛᴇ	5			A movable barrier used to close an opening in a wall, fence, or door.		दरवाज़ा		大门	ဂိတ်			
880	gather:to	7	GATHER	to gather	gather	ɢᴀᴛʜᴇʀ	5			To bring together or collect multiple items or people from different places into one group or pile.		इकट्ठा करना		收集	စုဆောင်းရန် သို့မဟုတ် စုဆောင်းရန်		gather	
1474	generation			generation	generation	ɢᴇɴᴇʀᴀᴛɪᴏɴ	7			A group of people born and living at about the same time, often consisting of a parent and their children.								
1681	generation:new			new generation	new.generation	ɴᴇᴡ.ɢᴇɴᴇʀᴀᴛɪᴏɴ	7			A group of people born and living at the same time, especially those who are younger than the current adult population.								
2076	generous:to.be			to be generous	generous	ɢᴇɴᴇʀᴏᴜꜱ	7			To give or share money, goods, or food freely without expecting anything in return.								
2077	gentle:to.be	1954	GENTLE	to be gentle	gentle	ɢᴇɴᴛʟᴇ	7			To act or behave in a mild, calm, or soft manner without using force or violence.	優しい							
1475	ghat			ghat	ghat	ɢʜᴀᴛ	7			A series of steps leading down to a river or a body of water.	ガート							
611	ghost..of.deceased	1175	GHOST	ghost (of deceased)	ghost	ɢʜᴏꜱᴛ	5			The spirit or soul of a person who has died.		भूत		鬼魂	တစ္ဆေ		ghost (visible apparition)	
1476	ghost..visible.apparition	1175	GHOST	ghost (visible apparition)	ghost	ɢʜᴏꜱᴛ	7			The spirit or soul of a dead person that can be seen by the living.								
139	gibbon:.hoolock	2511	GIBBON	gibbon	gibbon	ɢɪʙʙᴏɴ	3		fauna	A small, slender-bodied ape that lives in trees and moves by swinging from branch to branch.		गिबन		长臂猿	မျောက်လွှဲကျော်		gibbon	
1477	gift			gift	gift	ɢɪꜰᴛ	7			An object or amount of money that is given to someone without payment or expectation of return.								
140	ginger	2500	GINGER	ginger	ginger	ɢɪɴɢᴇʀ	3		flora	A rhizome of a plant used as a spice or flavoring, characterized by a pungent taste and a light brown skin.	生姜	अदरक		姜	ဂျင်း		ginger	
2799	girl:young	1646	GIRL	young girl	young.girl	ʏᴏᴜɴɢ.ɢɪʀʟ	7			A female human child or adolescent.	少女						girl	
1479	girlfriend			girlfriend	girlfriend	ɢɪʀʟꜰʀɪᴇɴᴅ	7			A female person with whom someone is in a romantic or sexual relationship, but who is not a spouse.								
88	give:to	1447	GIVE	to give	give	ɢɪᴠᴇ	2			To transfer possession of an object or a thing from oneself to another person.	与える	देना		给	ပေးရန်			give
2347	give..imperative:to			to give (imperative)	give	ɢɪᴠᴇ	7			To hand something to someone or cause them to receive an object or information.								
2348	give.birth..animals:to			to give birth (animals)	give.birth	ɢɪᴠᴇ.ʙɪʀᴛʜ	7			To produce offspring and bring them out of the body. This refers specifically to the process for non-human creatures.								
2349	give.birth..humans:to			to give birth (humans)	give.birth	ɢɪᴠᴇ.ʙɪʀᴛʜ	7			To produce a baby or offspring from one's body during labor.								
2350	give.speech..to.audience:to			to give speech (to audience)	give.speech	ɢɪᴠᴇ.ꜱᴘᴇᴇᴄʜ	7			To deliver a formal spoken address to a group of people.								
1480	gizzard			gizzard	gizzard	ɢɪᴢᴢᴀʀᴅ	7			The muscular part of a bird's stomach used for grinding food.								
1481	glasses			glasses	glasses	ɢʟᴀꜱꜱᴇꜱ	7			The pair of lenses held in a frame that a person wears over their eyes to help them see more clearly.	眼鏡							
1482	glue..local.type			glue (local type)	glue	ɢʟᴜᴇ	7			A sticky substance used to join two objects together, often made from natural materials like plants or animals.								
294	go..general:to	695	GO	to go (general)	go	ɢᴏ	3			To move or travel from one place to another.	行く						go	
881	go..level:to	–	–	to go (level)	go	ɢᴏ	5			To move from a lower position to a higher position, such as climbing a hill or ascending stairs.								
2352	go..to.work.fields:to			to go (to work fields)	go	ɢᴏ	7			To travel or move from one's home to a place where crops are grown for the purpose of farming or manual labor.								
882	go.around..circumvent:to	–	–	to go around (circumvent)	go.around	ɢᴏ.ᴀʀᴏᴜɴᴅ	5			To move in a circle or a curved path to avoid a central point or an obstacle.		घूमना		绕路	သွားပါ။			
295	go.downriver:to	–	–	to go downriver	go.downriver	ɢᴏ.ᴅᴏᴡɴʀɪᴠᴇʀ	3			To move in the direction that the water flows in a river.		ऊपर नदी में जाना		上游	အညာ			
2353	go.out..exit:to	1107	GO OUT	to go out (exit)	go.out	ɢᴏ.ᴏᴜᴛ	7			To move from the inside of a place, such as a house or a room, to the outside.	出る						to go out/exit (house)	
296	go.upriver:to	–	–	to go upriver	go.upriver	ɢᴏ.ᴜᴘʀɪᴠᴇʀ	3			To move in the direction of the river's source, traveling against the flow of the water.		नीचे नदी में जाना		下游	မြစ်ထဲဆင်းဖို့			
1666	goat:mountain			mountain goat	mountain.goat	ᴍᴏᴜɴᴛᴀɪɴ.ɢᴏᴀᴛ	7			A wild, hoofed mammal that lives on high, rocky slopes and has thick fur.								
1189	goat.:billy			billy	billy	ʙɪʟʟʏ	7			A male goat.								
1352	goat.:doe			doe	doe	ᴅᴏᴇ	7			A female deer.								
1353	goat.:doeling			doeling	doeling	ᴅᴏᴇʟɪɴɢ	7			"Please provide the English concept you would like me to define. You have provided the gloss ""doeling,"" but I need the English equivalent to write the definition."								
1559	goat.:kid			kid	kid	ᴋɪᴅ	7			A young human being or a child.								
612	goat..general	1502	GOAT	goat (general)	goat	ɢᴏᴀᴛ	5		fauna	A domesticated mammal with horns that is often kept on a farm for its milk or meat.	山羊	बकरी		山羊	ဆိတ်		goat	
1483	god..deity			god (deity)	god	ɢᴏᴅ	7			A supernatural being or spirit that is worshipped and believed to have power over nature or human affairs.								
613	goiter	1957	GOITER	goiter	goiter	ɢᴏɪᴛᴇʀ	5			A swelling of the neck caused by an enlargement of the thyroid gland.							goiter	
141	gold..metal	1369	GOLD	gold (metal)	gold	ɢᴏʟᴅ	3			A yellow, heavy, precious metal that is used to make jewelry or coins.	金	सोना		黄金	ရွှေ		gold	
142	gong	2502	GONG	gong	gong	ɢᴏɴɢ	3			A metal percussion instrument that is struck with a mallet to produce a loud, resonant sound.		घंटी		锣	ဂုံး		gong	
448	good:to.be	1035	GOOD	to be good	good	ɢᴏᴏᴅ	4			To have a positive or pleasing quality, or to be morally right and virtuous.	良い	अच्छा होना		好	ကောင်းဖို့		to be good	
614	goose	1187	GOOSE	goose	goose	ɢᴏᴏꜱᴇ	5		fauna	A large water bird with a long neck and webbed feet, often kept on a farm for its eggs or meat.		हंस		鹅	ဘဲငန်း			
1484	gooseberry			gooseberry	gooseberry	ɢᴏᴏꜱᴇʙᴇʀʀʏ	7			A small, round, edible fruit that is often green or red and has a tart or sour taste.								
2354	gossip:to			to gossip	gossip	ɢᴏꜱꜱɪᴘ	7			To talk about the private lives or actions of other people, often in a way that is unkind or spreading rumors.								
615	gourd..general	411	GOURD	gourd (general)	gourd	ɢᴏᴜʀᴅ	5		flora	A hard-skinned fruit from a climbing plant, often used as a container or for food.		लौकी		葫芦	ဘူးသီး			
571	grain:ear.of	3244	EAR (OF GRAIN)	ear of grain	ear.of.grain	ᴇᴀʀ.ᴏꜰ.ɢʀᴀɪɴ	5		flora	The part of a cereal plant that contains the seeds or grains.		अनाज की खांड		谷粒	စပါးနှံ			
616	grain..general.term	605	GRAIN	grain (general term)	grain	ɢʀᴀɪɴ	5			A single, small, hard seed of a cereal plant, such as rice, wheat, or corn.		अनाज		谷物	စပါး			
414	granary	3657	GRANARY	granary	granary	ɢʀᴀɴᴀʀʏ	4			A structure or container used for storing harvested grain or rice.		अनाजखाना		粮仓	ကျီ		granary (to store rice)	
143	grandchild			grandchild	grandchild	ɢʀᴀɴᴅᴄʜɪʟᴅ	3			The offspring of a person's child.								
1485	granddaughter	1619	GRANDDAUGHTER	granddaughter	granddaughter	ɢʀᴀɴᴅᴅᴀᴜɢʜᴛᴇʀ	7		kinship	The female child of one's son or daughter.	孫							
144	grandfather	1383	GRANDFATHER	grandfather	grandfather	ɢʀᴀɴᴅꜰᴀᴛʜᴇʀ	3		kinship	The male parent of one's mother or father.	祖父	दादा		爷爷	အဖိုး			
145	grandmother	1496	GRANDMOTHER	grandmother	grandmother	ɢʀᴀɴᴅᴍᴏᴛʜᴇʀ	3		kinship	The female parent of one's mother or father.	祖母	दादी		奶奶	အဖွား			
1486	grandson	1618	GRANDSON	grandson	grandson	ɢʀᴀɴᴅꜱᴏɴ	7		kinship	The male child of one's own child.	孫	नाती		孙子	မြေး			grandchild (nephew)
1487	grape			grape	grape	ɢʀᴀᴘᴇ	7			A small, round or oval fruit that grows in clusters on a woody vine and is often used to make wine.								
883	grasp..grab:to	–	–	to grasp (grab)	grasp	ɢʀᴀꜱᴘ	5			To seize or take hold of something firmly and suddenly with the hand.	とる	पकड़ना		抓	ဖမ်း၊ ဆုပ်ကိုင်			
146	grass	606	GRASS	grass	grass	ɢʀᴀꜱꜱ	3		flora	A green plant with narrow leaves that grows closely to the ground and covers fields or lawns.	草			草	မြက်		grass (field/jungle)	grass
617	grasshopper	607	GRASSHOPPER	grasshopper	grasshopper	ɢʀᴀꜱꜱʜᴏᴘᴘᴇʀ	5		fauna	An insect with a long body, large hind legs used for jumping, and often wings.		टिड्डी		蚂蚱	နှံကောင်		grasshopper	
147	grave!tomb	1773	GRAVE	grave, tomb	grave	ɢʀᴀᴠᴇ	3			A hole dug in the ground or a structure used for the burial of a dead body.	墓	कब्र		坟墓	သင်္ချိုင်း၊ သင်္ချိုင်း		gravel	
618	gravel	3028	GRAVEL	gravel	gravel	ɢʀᴀᴠᴇʟ	5			A collection of small, loose, hard pieces of rock or stone.		कंकड़		碎石	ကျောက်စရစ်			
1488	grease..substance			grease (substance)	grease	ɢʀᴇᴀꜱᴇ	7			An oily or fatty substance used for cooking or lubrication.	脂							
2078	great..powerful:to.be			to be great (powerful)	great	ɢʀᴇᴀᴛ	7			To have a high degree of power, strength, or influence.								
2079	greedy:to.be			to be greedy	greedy	ɢʀᴇᴇᴅʏ	7			To act with an excessive or selfish desire to have more than one needs, especially regarding food or money.								
2355	greet.someone:to			to greet someone	greet.someone	ɢʀᴇᴇᴛ.ꜱᴏᴍᴇᴏɴᴇ	7			To express a polite or friendly recognition of a person when meeting or seeing them.								
297	grind:to	1033	GRIND	to grind	grind	ɢʀɪɴᴅ	3			To reduce a solid substance into smaller particles, powder, or a paste by rubbing it against a hard surface or between two stones.	すりつぶす						to grind	grind
2356	groan..with.pain:to			to groan (with pain)	groan	ɢʀᴏᴀɴ	7			To make a low, long, involuntary sound in the throat because of physical suffering or discomfort.								
1489	groom			groom	groom	ɢʀᴏᴏᴍ	7			A man on the day of his wedding.								
1490	ground			ground	ground	ɢʀᴏᴜɴᴅ	7			The solid surface of the earth under one's feet.								
1491	group..of.animals			group (of animals)	group	ɢʀᴏᴜᴘ	7			A collection of several animals of the same species living or moving together.								
620	group..of.people	–	–	group (of people)	group	ɢʀᴏᴜᴘ	5			A collection of several people who are together in one place or share a common purpose.		लोगों का समूह		人群	လူအုပ်စု			
884	grow..of.plants:to	479	GROW	to grow (of plants)	grow	ɢʀᴏᴡ	5			To increase in size or develop from a seed or sprout into a mature plant.	生える	उगना		生长	အပင်ကြီးထွားရန်			
2357	grow.up:to	552	GROW UP	to grow up	grow.up	ɢʀᴏᴡ.ᴜᴘ	7			To change from a child or infant into an adult.	育つ						grow up	
1492	growl..of.dogs			growl (of dogs)	growl	ɢʀᴏᴡʟ	7			To make a low, guttural sound in the throat to express anger or a warning.								
2358	grumble..complain:to			to grumble (complain)	grumble	ɢʀᴜᴍʙʟᴇ	7			To speak in a low, unhappy voice to express dissatisfaction or annoyance about something.								
2359	grunt..from.effort:to			to grunt (from effort)	grunt	ɢʀᴜɴᴛ	7			To make a short, low, guttural sound in the throat while performing a heavy or difficult physical task.								
1493	guava	3981	GUAVA	guava	guava	ɢᴜᴀᴠᴀ	7			A tropical fruit with a hard or soft center containing many small seeds, often eaten raw or used in cooking.	グワバ						guava	
621	guest	1782	GUEST	guest	guest	ɢᴜᴇꜱᴛ	5			A person who is invited to a home or a social gathering, or someone who stays temporarily at a place they do not live.		मेहमान		客人	ဧည့်သည်		guest, visitor	
2360	guide:to	43	LEAD (GUIDE)	to guide	guide	ɢᴜɪᴅᴇ	7			To direct the movement or progress of a person or group toward a specific destination or goal.								
1494	guideline			guideline	guideline	ɢᴜɪᴅᴇʟɪɴᴇ	7			A set of rules or instructions that provide direction on how to act or how to complete a task.								
2080	guilty:to.be			to be guilty	guilty	ɢᴜɪʟᴛʏ	7			To be responsible for a crime or a wrong action.								
1495	guitar..instrument			guitar (instrument)	guitar	ɢᴜɪᴛᴀʀ	7			A musical instrument with six strings that is played by plucking or strumming with the fingers or a pick.								
415	gums	139	GUMS	gums	gums	ɢᴜᴍꜱ	4		body parts	The pink or reddish tissue that surrounds and covers the roots of the teeth.		मुंह की मसूड़े		牙龈	သွားဖုံးများ		gums	
622	gun	1566	GUN	gun	gun	ɢᴜɴ	5			A weapon that uses an explosion of powder to launch a projectile from a metal tube.	銃	बंदूक		枪	သေနတ်		gun	
2361	haggle:to			to haggle	haggle	ʜᴀɢɢʟᴇ	7			To argue or negotiate repeatedly about the price of an item in order to reach a lower amount.								
149	hail..precipitation	609	HAIL	hail (precipitation)	hail	ʜᴀɪʟ	3			Small, hard balls of ice that fall from the sky during a storm.		बर्फ़ का गोला		冰雹	မိုးသီး		hail	
150	hair:body	580	FUR	body hair	body.hair	ʙᴏᴅʏ.ʜᴀɪʀ	3		body parts	The hair that grows on the skin of a human being.	毛			毛皮	တိရစ္ဆာန်သားမွေး			hair (body)
1803	hair:pubic			pubic hair	pubic.hair	ᴘᴜʙɪᴄ.ʜᴀɪʀ	7			The hair growing on the genital area between the legs.								
2767	hair:white			white hair	white.hair	ᴡʜɪᴛᴇ.ʜᴀɪʀ	7			The hair on a person's head that has lost its natural color due to aging.	白髪							
1496	hair..armpit			hair (armpit)	hair	ʜᴀɪʀ	7			The hair that grows in the armpit area of the human body.								
1497	hair..buttocks			hair (buttocks)	hair	ʜᴀɪʀ	7			The hair growing on the human buttocks and around the genital area.								
1804	hair..female:pubic			pubic hair (female)	pubic.hair	ᴘᴜʙɪᴄ.ʜᴀɪʀ	7			The hair growing on the genital area of a woman.	女性の陰毛							
1805	hair..male:pubic			pubic hair (male)	pubic.hair	ᴘᴜʙɪᴄ.ʜᴀɪʀ	7			The hair growing on the genital area of a man.	男性の陰毛							
151	hair..of.head	2648	HAIR (HEAD)	hair (of head)	hair	ʜᴀɪʀ	3		body parts	The fine, thread-like strands that grow from the scalp on top of a person's head.	髪の毛	सिर के बाल		头发	ဦးခေါင်းဆံပင်		hair (head)	hair (head)
1498	hair..underarm			hair (underarm)	hair	ʜᴀɪʀ	7			The hair growing on a person's armpit.								
1499	hair.band			hair band	hair.band	ʜᴀɪʀ.ʙᴀɴᴅ	7			A thin, flexible strip used to tie or hold hair in place.								
1500	hair.clip			hair clip	hair.clip	ʜᴀɪʀ.ᴄʟɪᴘ	7			A small device used to hold a person's hair in place.								
1501	hair.coil			hair coil	hair.coil	ʜᴀɪʀ.ᴄᴏɪʟ	7			A structure made by winding or twisting long strands of hair into a circular or spiral shape on the head.	丸髷							
1502	hair.oil			hair oil	hair.oil	ʜᴀɪʀ.ᴏɪʟ	7			A liquid substance applied to the head to lubricate, protect, or groom the strands.								
1503	hair.stick			hair stick	hair.stick	ʜᴀɪʀ.ꜱᴛɪᴄᴋ	7			A long, thin tool used to hold a person's hair in place.	かんざし							
623	half..portion	816	HALF	half (portion)	half	ʜᴀʟꜰ	5			One of two equal parts into which a whole is divided.	半分	आधा		一半	တစ်ဝက်		half (quantity)	
625	hammer	1481	HAMMER	hammer	hammer	ʜᴀᴍᴍᴇʀ	5			A tool consisting of a heavy, weighted head on a handle, used for striking objects such as nails or metal.	槌	हथौड़ा		锤子	တူ		hammer	
1504	hammer..to			hammer (to)	hammer	ʜᴀᴍᴍᴇʀ	7			To strike an object with a heavy tool, typically made of metal, to drive a nail or shape a material.								
519	hand:backside.of	–	–	backside of hand	backside.of.hand	ʙᴀᴄᴋꜱɪᴅᴇ.ᴏꜰ.ʜᴀɴᴅ	5		body parts	The surface of the hand that is not the palm.	手の甲	कर का पीछा		手背	လက်၏နောက်ကျော			
199	hand:palm.of	1183	PALM OF HAND	palm of hand	palm.of.hand	ᴘᴀʟᴍ.ᴏꜰ.ʜᴀɴᴅ	3		body parts	The inner surface of the hand between the wrist and the fingers.	手のひら	हथेली	হাতৰ তল	手掌	လက်ဖဝါး		palm	
1316	hand.:creases			creases	creases	ᴄʀᴇᴀꜱᴇꜱ	7			The lines or folds that appear on a surface, such as on skin, fabric, or paper.								
594	hand.:fist	1473	FIST	fist	fist	ꜰɪꜱᴛ	5	CONCEPTICON has the meaning of understanding, i.e. to grast a concept.	body parts	A closed hand with the fingers curled into the palm and the thumb wrapped around them.	こぶし	मुट्ठी		拳头	လက်သီး		fist	
1505	hand..from.wrist	1277	HAND	hand (from wrist)	hand	ʜᴀɴᴅ	7		body parts	The part of the arm located between the wrist and the fingers.	手	हाथ	হাত	手	လက်			hand/arm
1507	handle			handle	handle	ʜᴀɴᴅʟᴇ	7			A part of an object, such as a cup, a door, or a tool, that is designed to be held or grasped by the hand.								
2362	handle..object:to			to handle (object)	handle	ʜᴀɴᴅʟᴇ	7			To grasp, hold, or manipulate an object with the hands.								
2081	handsome:to.be			to be handsome	handsome	ʜᴀɴᴅꜱᴏᴍᴇ	7			To have a pleasing or attractive physical appearance, typically used for a man.								
476	hang..something:to	2884	HANG	to hang (something)	hang	ʜᴀɴɢ	4			To attach an object from above so that it is suspended in the air and supported by a single point.	掛ける	लटकना		悬挂	ဆွဲထားရန်			
2363	hang.up:to			to hang up	hang.up	ʜᴀɴɢ.ᴜᴘ	7			To attach a piece of clothing or an object to a hook, a nail, or a line so that it is suspended in the air.								
242	happy:to.be	1495	HAPPY	to be happy	happy	ʜᴀᴘᴘʏ	3			To feel or experience pleasure, joy, or contentment.	うれしい	खुश होना		开心	ပျော်ရွှင်ဖို့		(be) happy, (be) joyful	
449	hard..firm:to.be	1884	HARD	to be hard (firm)	hard	ʜᴀʀᴅ	4			To have a firm or solid texture that cannot be easily compressed or shaped by pressure.	固い	कठोर होना		硬	ပျော့ပျောင်းသည်မဟုတ်။		to be hard (rock)	
2364	harden:to			to harden	harden	ʜᴀʀᴅᴇɴ	7			To become or make something firm, rigid, or solid instead of soft or flexible.								
1508	harp..instrument			harp (instrument)	harp	ʜᴀʀᴘ	7			A musical instrument consisting of a frame with several strings that are plucked with the fingers.								
2365	harvest..crops:to			to harvest (crops)	harvest	ʜᴀʀᴠᴇꜱᴛ	7			To gather or cut mature crops from the field for use or sale.								
1509	harvest.season			harvest season	harvest.season	ʜᴀʀᴠᴇꜱᴛ.ꜱᴇᴀꜱᴏɴ	7			The period of time during which crops are gathered from the fields.								
1510	hat..headwear	771	HAT	hat (headwear)	hat	ʜᴀᴛ	7			A piece of clothing worn on the head to cover or protect it.	帽子						hat	
2366	hatch:to			to hatch	hatch	ʜᴀᴛᴄʜ	7			To emerge from an egg by breaking the shell.								
885	hate:to	1607	HATE	to hate	hate	ʜᴀᴛᴇ	5			To feel a strong, intense dislike or hostility toward a person, object, or idea.	嫌う，憎む	नफ़रत करना		憎恨	မုန်းဖို့		to hate	
2367	have..possess:to	773	HAVE	to have (possess)	(possess)	(ᴘᴏꜱꜱᴇꜱꜱ)	7			To hold or own something, or to have it as a part of oneself.	持つ						have, possess	
9	head	1256	HEAD	head	head	ʜᴇᴀᴅ	1		body parts	The part of the body that contains the brain, eyes, nose, mouth, and ears, located at the very top of the neck.	頭	सिर		头	ခေါင်း		head	head
558	head.:crown:.of	–	–	crown	crown	ᴄʀᴏᴡɴ	5	CONCEPTICON has an apparent mismatch between the definition and the ID for 1943.	body parts	The top part of a human head.								
136	head.:forehead	123	FOREHEAD	forehead	forehead	ꜰᴏʀᴇʜᴇᴀᴅ	3		body parts	The part of the face above the eyes and below the hairline.	ひたい	माथा		前额	နဖူး		forehead	
518	head..occiput:back.of	523	BACK OF HEAD	back of head (occiput)	back.of.head	ʙᴀᴄᴋ.ᴏꜰ.ʜᴇᴀᴅ	5		body parts	The posterior part of the skull, located at the very back of the head.		बलदेव		枕部	ဦးခေါင်း၏ occiputal ဧရိယာ			
1511	headache			headache	headache	ʜᴇᴀᴅᴀᴄʜᴇ	7			A pain or discomfort felt in the head.								
1512	healer..traditional!female			healer (traditional, female)	healer	ʜᴇᴀʟᴇʀ	7			A woman who uses traditional or spiritual methods to treat illnesses and injuries.								
1513	healer..traditional!male			healer (traditional, male)	healer	ʜᴇᴀʟᴇʀ	7			A man who uses traditional methods, such as herbs or spiritual rituals, to treat illnesses and injuries.								
2082	healthy:to.be			to be healthy	healthy	ʜᴇᴀʟᴛʜʏ	7			To be in a state of good physical or mental well-being, free from disease or injury.								
1514	heap..pile			heap (pile)	heap	ʜᴇᴀᴘ	7			An accumulation of objects or substances placed one on top of another in a mound or pile.								
2374	heap.up:to			to heap up	heap.up	ʜᴇᴀᴘ.ᴜᴘ	7			To pile things on top of each other to form a mound or a large pile.								
298	hear:to	1408	HEAR	to hear	hear	ʜᴇᴀʀ	3			To perceive sound through the ears.		सुनना		听	ကြားဖို့			ear/hear
55	heart	1223	HEART	heart	heart	ʜᴇᴀʀᴛ	2		body parts	The muscular organ inside the chest that pumps blood through the body.	心臓	दिल		心脏	နှလုံး		heart	heart
2375	heat:to	1341	HEAT UP	to heat	heat	ʜᴇᴀᴛ	7			To increase the temperature of something or to make it warmer.		गरम करना		加热	အပူပေးရန်			
79	heavy:to.be	1210	HEAVY	to be heavy	heavy	ʜᴇᴀᴠʏ	2			To have a great weight or to be difficult to lift.	重い	भारी होना		重	လေးလံဖို့၊		to be heavy	heavy
1515	hedge			hedge	hedge	ʜᴇᴅɢᴇ	7			A row of closely planted shrubs or bushes used as a fence or boundary.	垣根							
887	help.someone:to	1897	HELP	to help someone	help.someone	ʜᴇʟᴘ.ꜱᴏᴍᴇᴏɴᴇ	5			To assist or provide aid to another person in order to complete a task or overcome a difficulty.	手伝う	मदद करना		帮助	ကူညီဖို့		help	
1517	helper..domestic			helper (domestic)	helper	ʜᴇʟᴘᴇʀ	7			A person who is employed to perform household chores and tasks within a home.								
1518	hem..on.cloth			hem (on cloth)	hem	ʜᴇᴍ	7			The edge of a piece of cloth or clothing that has been folded over and sewn to prevent fraying.								
2376	herd..livestock:to			to herd (livestock)	herd	ʜᴇʀᴅ	7			To move or guide a group of animals, such as cattle, sheep, or goats, from one place to another.								
1520	herd..of.cattle			herd (of cattle)	herd	ʜᴇʀᴅ	7			A large group of animals, such as cows or oxen, that live and move together as a single unit.								
1521	here...prox.dem	136	HERE	here	prox.dem	ᴘʀᴏx.ᴅᴇᴍ	7			The location or place where the speaker is currently situated.	ここに						here	
1522	heron	758	HERON	heron	heron	ʜᴇʀᴏɴ	7			A large, long-legged water bird with a long, pointed bill that hunts in shallow water.	アオサギ						heron	
2377	hesitate:to			to hesitate	hesitate	ʜᴇꜱɪᴛᴀᴛᴇ	7			To pause or delay in action or speech because of uncertainty, doubt, or indecision.								
2378	hiccough:to			to hiccough	hiccough	ʜɪᴄᴄᴏᴜɢʜ	7			To experience sudden, involuntary contractions of the diaphragm that cause a short, sharp sound from the throat.								
627	hide..oneself	2485	HIDE (ONESELF)	hide (oneself)	hide	ʜɪᴅᴇ	5			To move out of sight or place oneself in a location where one cannot be seen by others.	隠す	चिरा		饭团	ထမင်းထောင်း		to hide oneself	hide
1523	hide.and.seek..game			hide and seek (game)	hide.and.seek	ʜɪᴅᴇ.ᴀɴᴅ.ꜱᴇᴇᴋ	7			A game where one person closes their eyes and counts while others go to find a place to remain out of sight.								
243	high:to.be	1265	HIGH	to be high	high	ʜɪɢʜ	3			To be at or located at a great distance above the ground or a base level.	高い	उच्च होना		高	မြင့်မားရန်		(be) high	
1525	hill	614	HILL	hill	hill	ʜɪʟʟ	7			A landform that rises above the surrounding ground but is smaller and less steep than a mountain.	丘							
1526	hindu			hindu	hindu	ʜɪɴᴅᴜ	7			A person who follows the religion of Hinduism.	ヒンドゥー教徒							
628	hip	1745	HIP	hip	hip	ʜɪᴘ	5		body parts	The part of the human body located on each side of the lower abdomen, between the waist and the upper leg.		कूल्हा		臀部	တင်ပါးဆုံ		hip	
1100	hire:to			to hire	hire	ʜɪʀᴇ	6			To give someone money in exchange for their labor or services for a specific period of time.								
1101	hiss..of.snake:to			to hiss (of snake)	hiss	ʜɪꜱꜱ	6			To make a sharp, whistling sound by forcing air through the mouth, typically produced by a snake.								
1050	history:oral			oral history	oral.history	ᴏʀᴀʟ.ʜɪꜱᴛᴏʀʏ	6			The spoken account of past events or traditions passed down through generations rather than being recorded in writing.								
1527	history..the.past	–	–	history (the past)	history	ʜɪꜱᴛᴏʀʏ	7			The series of past events that have happened in a specific place or involving specific people.		इतिहास		历史	သမိုင်း			
1528	history..the.record			history (the record)	history	ʜɪꜱᴛᴏʀʏ	7			A record of past events, including the lives of people and the development of a society or nation.								
299	hit..something:to	1433	HIT	to hit (something)	hit	ʜɪᴛ	3			To strike or deliver a blow to something or someone with a hand, a tool, or an object.	殴る	मारना		打	ရိုက်နှက်ရန်			
152	hoe	284	HOE	hoe	hoe	ʜᴏᴇ	3			A hand tool used for digging or moving soil, consisting of a long handle with a metal blade at one end.	鍬						hoe (n)	
1102	hoe:to			to hoe	hoe	ʜᴏᴇ	6			To use a long-handled tool with a metal blade to loosen or move soil in a field or garden.								
2379	hold..between.legs:to			to hold (between legs)	hold	ʜᴏʟᴅ	7			To grip or secure an object between one's thighs or knees.								
888	hold..in.hand:to	1448	HOLD	to hold (in hand)	hold	ʜᴏʟᴅ	5			To grasp or keep an object in one's hand or between the fingers.		पकड़ना		握住	လက်၌ကိုင်ထားရန်		hold	
629	hole..general	1667	HOLE	hole (general)	hole	ʜᴏʟᴇ	5			An empty space or opening in a solid object or surface.	穴	छेद		洞	အပေါက်		hole	
1530	hole..in.fabric			hole (in fabric)	hole	ʜᴏʟᴇ	7			A gap or opening in a piece of cloth or clothing that was not intended to be there.								
1531	hole..in.ground			hole (in ground)	hole	ʜᴏʟᴇ	7			A hollow space or cavity located beneath the surface of the earth.								
1024	holiday			holiday	holiday	ʜᴏʟɪᴅᴀʏ	6			A day or period of time when a person does not have to work or go to school.								
2083	hollow:to.be	3701	HOLLOW	to be hollow	hollow	ʜᴏʟʟᴏᴡ	7			To have an empty space or a cavity inside, rather than being solid throughout.	くぼみ						(be) hollow	
1103	hollow.out:to			to hollow out	hollow.out	ʜᴏʟʟᴏᴡ.ᴏᴜᴛ	6			To remove the inner material from the inside of a solid object to create a hole or a cavity.								
1532	holy.spirit			holy spirit	holy.spirit	ʜᴏʟʏ.ꜱᴘɪʀɪᴛ	7			The divine or supernatural presence of a deity that inhabits or influences a person or the world.								
1083	honest:to.be	1120	HONEST	to be honest	honest	ʜᴏɴᴇꜱᴛ	6			To tell the truth or to act in a way that is truthful and sincere, rather than being deceptive or lying.	正直な						(be) honest	
153	honey	942	HONEY	honey	honey	ʜᴏɴᴇʏ	3			A sweet, thick, yellowish liquid produced by bees from the nectar of flowers.	蜂蜜	शहद		蜜糖	ပျားရည်		honey	
1104	honour..someone:to			to honour (someone)	honour	ʜᴏɴᴏᴜʀ	6			To show great respect or high regard for a person, often through a formal ceremony or specific actions.								
1025	hoof			hoof	hoof	ʜᴏᴏꜰ	6			The hard, thick part of the foot of an animal such as a horse, cow, or deer.								
630	hook	1071	HOOK	hook	hook	ʜᴏᴏᴋ	5			A curved tool used for catching fish or fastening things together.		कांटा		钩子	ချိတ်			
1105	hope:to			to hope	hope	ʜᴏᴘᴇ	6			To feel a desire for a specific outcome or a wish that something will happen in the future.								
631	horizon	2287	HORIZON	horizon	horizon	ʜᴏʀɪᴢᴏɴ	5			The line where the earth or sea appears to meet the sky.		क्षितिज		地平线	မိုးကုပ်စက်ဝိုင်း			
1084	horizontal:to.be			to be horizontal	horizontal	ʜᴏʀɪᴢᴏɴᴛᴀʟ	6			To be in a position parallel to the ground or a flat surface, rather than standing up or being vertical.								
1533	horn..intstrument			horn (intstrument)	horn	ʜᴏʀɴ	7			A musical instrument that produces sound by blowing air into it, often made from the curved part of an animal's head.								
56	horn..of.animal	1393	HORN (ANATOMY)	horn (of animal)	horn	ʜᴏʀɴ	2		body parts	A hard, pointed growth protruding from the head of certain animals, such as a cow or a goat.	角	सींग		角	ဦးချို		horn (of buffalo)	horn
619	hornbill:great	–	–	great hornbill	great.hornbill	ɢʀᴇᴀᴛ.ʜᴏʀɴʙɪʟʟ	5		fauna	A large, black bird with a massive yellow and black casque on its beak, commonly found in tropical forests.		बड़ा बेंटेली		大犀鸟	ငှက်ကြီး၊			
748	hornbill:small	–	–	small hornbill	small.hornbill	ꜱᴍᴀʟʟ.ʜᴏʀɴʙɪʟʟ	5		fauna	A bird with a large, curved beak and a prominent casque on top of its head, which is smaller than other species of this type.		मिट्टी		泥土	မြေဆီလွှာ			
154	hornbill..general	3260	HORNBILL	hornbill (general)	hornbill	ʜᴏʀɴʙɪʟʟ	3		fauna	A large tropical bird with a long, curved bill and a prominent casque on top of its head.		बेंटेली		犀鸟	ငှက်ငယ်		hornbill	
1048	horse:mane.of			mane of horse	mane.of.horse	ᴍᴀɴᴇ.ᴏꜰ.ʜᴏʀꜱᴇ	6			The long hair growing along the neck of an equine animal.								
1297	horse.:colt			colt	colt	ᴄᴏʟᴛ	7			A young male horse that has not yet reached adulthood.								
1415	horse.:filly			filly	filly	ꜰɪʟʟʏ	7			A young female horse.								
1473	horse.:gelding			gelding	gelding	ɢᴇʟᴅɪɴɢ	7			A male horse that has been castrated and can no longer reproduce.								
1617	horse.:mare			mare	mare	ᴍᴀʀᴇ	7			An adult female horse.								
1938	horse.:stallion			stallion	stallion	ꜱᴛᴀʟʟɪᴏɴ	7			An adult male horse used for breeding or riding.								
1534	horse..female			horse (female)	horse	ʜᴏʀꜱᴇ	7			An adult female equine animal.								
155	horse..general	615	HORSE	horse (general)	horse	ʜᴏʀꜱᴇ	3		fauna	A large, strong animal with four legs and a long mane, often used for riding or pulling heavy loads.	馬	घोड़ा		马	မြင်း		horse	horse
1535	horse..male			horse (male)	horse	ʜᴏʀꜱᴇ	7			An adult male of the equid species used for riding or pulling loads.								
1026	host..of.event			host (of event)	host	ʜᴏꜱᴛ	6			A person who organizes and manages a social gathering, party, or formal event.								
244	hot:to.be	1286	HOT	to be hot	hot	ʜᴏᴛ	3			To have a high temperature or to feel a high level of heat.	熱い							
1099	hot..of.person:to.feel			to feel hot (of person)	feel.hot	ꜰᴇᴇʟ.ʜᴏᴛ	6			To experience an uncomfortable increase in body temperature or a sensation of warmth caused by the environment or physical activity.								
2807	hot..of.person:to.feel			to feel hot (of person)	feel.hot	ꜰᴇᴇʟ.ʜᴏᴛ	7			To experience an uncomfortable increase in body temperature or a sensation of heat on the skin.								
1085	hot..of.water:to.be			to be hot (of water)	hot	ʜᴏᴛ	6			To have a high temperature in a liquid, such as a liquid used for drinking or cooking.	湯							
811	hot..of.weather:to.be	3693	HOT WEATHER	to be hot (of weather)	hot	ʜᴏᴛ	5			To describe the state of the air or the environment when it has a high temperature.		गर्म होना  मौसम का		炎热	ရာသီဥတုပူ၊		hot weather [hot season]	
10	house	1252	HOUSE	house	house	ʜᴏᴜꜱᴇ	1			A permanent structure used as a place for people to live in.	家	घर		房子	အိမ်		house	house
416	housefly..common	1504	FLY (INSECT)	housefly (common)	housefly	ʜᴏᴜꜱᴇꜰʟʏ	4		fauna	A small flying insect with two wings that is commonly found near human dwellings and food.	蝿	मक्खी		家蝇	ယင်ကောင်		fly	
1538	how..q			how (q)	how	ʜᴏᴡ	7			In what manner or by what means does an action occur?								
1106	hum:to			to hum	hum	ʜᴜᴍ	6			To make a continuous, low sound with the mouth closed, often by vibrating the vocal cords.								
1086	humble:to.be			to be humble	humble	ʜᴜᴍʙʟᴇ	6			To act or feel modest and not proud, showing a lack of arrogance or superiority toward others.								
156	hummingbird			hummingbird	hummingbird	ʜᴜᴍᴍɪɴɢʙɪʀᴅ	3			A very small bird with rapidly beating wings that can hover in mid-air and feeds on the nectar of flowers.								
1027	hump..of.animal			hump (of animal)	hump	ʜᴜᴍᴘ	6			A raised mass of flesh or fat on the back of an animal, such as a camel or certain breeds of cattle.								
245	hungry:to.be	1533	BE HUNGRY	to be hungry	hungry	ʜᴜɴɢʀʏ	3			To feel a physical need or desire to eat food.	空腹である	भूख लगना		饥饿	ဆာလောင်မှုကိုခံစားရရန်		to be hungry	
300	hunt:to	1435	HUNT	to hunt	hunt	ʜᴜɴᴛ	3			To chase, catch, or kill wild animals for food or for sport.	猟をする	शिकार करना		狩猎	အမဲလိုက်ရန်		chase (v)	drive/hunt
1543	hunter			hunter	hunter	ʜᴜɴᴛᴇʀ	7			A person who pursues and kills wild animals for food or sport.								
2625	hurry:tell.to:to			to tell to hurry	tell.to.hurry	ᴛᴇʟʟ.ᴛᴏ.ʜᴜʀʀʏ	7			To command or request someone to move faster or to complete an action more quickly.								
1107	hurry:to			to hurry	hurry	ʜᴜʀʀʏ	6			To move or act with great speed in order to reach a destination or complete a task quickly.								
1108	hurt.oneself:to			to hurt oneself	hurt.oneself	ʜᴜʀᴛ.ᴏɴᴇꜱᴇʟꜰ	6			To cause physical harm or injury to one's own body.								
632	husband	1200	HUSBAND	husband	husband	ʜᴜꜱʙᴀɴᴅ	5			A man who is married to a woman.	夫	पति		丈夫	ခင်ပွန်း		husband	
633	ice	617	ICE	ice	ice	ɪᴄᴇ	5			The solid, cold state of water that forms when the temperature falls below zero degrees Celsius.	氷							
1087	idle..sluggish:to.be			to be idle (sluggish)	idle	ɪᴅʟᴇ	6			To move or act in a slow, lazy, or lacking energy manner.								
1028	if..cond			if (cond)	if	ɪꜰ	6			A word used to introduce a condition that must be met for another event to happen.	もし							
477	ignite..something:to	737	LIGHT (IGNITE)	to ignite (something)	ignite	ɪɢɴɪᴛᴇ	4			To cause something to start burning or catch fire.	火をつける	जलना		点燃	မီးလောင်ရန်		light (fire) (v)	
246	ill..sick:to.be	1847	SICK	to be ill (sick)	ill	ɪʟʟ	3			To experience a state of poor health or a physical or mental ailment that prevents normal functioning.		बीमार होना		生病	နေမကောင်းဖြစ်ခြင်း။		(be) sick, (be) ill	ill
1088	illiterate:to.be			to be illiterate	illiterate	ɪʟʟɪᴛᴇʀᴀᴛᴇ	6			To be unable to read or write written characters or letters.								
1029	illness..disease	1986	DISEASE	illness (disease)	illness	ɪʟʟɴᴇꜱꜱ	6			A condition of the body or mind that causes pain, discomfort, or a loss of health.	病気						illness, disease	
1030	image..picture			image (picture)	image	ɪᴍᴀɢᴇ	6			A visual representation of a person, object, or scene, such as a drawing, painting, or photograph.								
2380	imitate:to			to imitate	imitate	ɪᴍɪᴛᴀᴛᴇ	7			To copy the actions, speech, or mannerisms of another person or animal.								
1089	impatient:to.be			to be impatient	impatient	ɪᴍᴘᴀᴛɪᴇɴᴛ	6			To feel or act with a lack of patience, such as being unable to wait for something or feeling restless when a delay occurs.								
1090	important:to.be			to be important	important	ɪᴍᴘᴏʀᴛᴀɴᴛ	6			To have great value, significance, or influence over something or someone.								
2084	impoverished:to.be			to be impoverished	impoverished	ɪᴍᴘᴏᴠᴇʀɪꜱʜᴇᴅ	7			To be in a state of extreme poverty, lacking the basic necessities of life such as food, clothing, or money.								
1552	in::law			inlaw	inlaw	ɪɴʟᴀᴡ	7			A person who is a member of one's family by marriage rather than by blood.								
812	in.front.of:to.be	1883	IN FRONT OF	to be in front of	in.front.of	ɪɴ.ꜰʀᴏɴᴛ.ᴏꜰ	5			To be positioned at the front of something or someone, rather than behind or beside them.		सामने		在...前面	ရှေ့တွင်		in front of, before	
1091	inactive:to.be			to be inactive	inactive	ɪɴᴀᴄᴛɪᴠᴇ	6			To be in a state of not moving, not working, or not performing any action.								
2085	incorrect:to.be	1390	WRONG	to be incorrect	incorrect	ɪɴᴄᴏʀʀᴇᴄᴛ	7			To not be true, accurate, or right.	間違う						to be wrong	
1109	increase:to	1041	INCREASE	to increase	increase	ɪɴᴄʀᴇᴀꜱᴇ	6			To become greater in size, amount, number, or intensity.	増える						increase (intr)	
1110	incubate:to			to incubate	incubate	ɪɴᴄᴜʙᴀᴛᴇ	6			To sit on or cover eggs with body heat in order to help them develop and hatch.								
1547	indian.people			Indian people	Indian.people	Iɴᴅɪᴀɴ.ᴘᴇᴏᴘʟᴇ	7			A person who is a citizen or inhabitant of the country of India.								
1111	indicate..point:to			to indicate (point)	indicate	ɪɴᴅɪᴄᴀᴛᴇ	6			To use a finger or an object to show the direction or location of something.								
2086	inexpensive:to.be	1887	CHEAP	to be inexpensive	inexpensive	ɪɴᴇxᴘᴇɴꜱɪᴠᴇ	7			To have a low price or cost a small amount of money.	安い						cheap	
634	infection			infection	infection	ɪɴꜰᴇᴄᴛɪᴏɴ	5			A condition where a person or animal becomes ill because of bacteria, viruses, or other harmful germs entering the body.								
2087	infertile..of.animal:to.be			to be infertile (of animal)	infertile	ɪɴꜰᴇʀᴛɪʟᴇ	7			To be unable to produce offspring or young.								
2088	infertile..of.people:to.be			to be infertile (of people)	infertile	ɪɴꜰᴇʀᴛɪʟᴇ	7			To be unable to have children or produce offspring.								
1092	infertile..of.soil:to.be			to be infertile (of soil)	infertile	ɪɴꜰᴇʀᴛɪʟᴇ	6			To describe land or earth that is unable to produce crops or plants.								
1031	information			information	information	ɪɴꜰᴏʀᴍᴀᴛɪᴏɴ	6			The facts, data, or knowledge provided or learned about a specific subject or situation.								
1032	inhabitant..resident			inhabitant (resident)	inhabitant	ɪɴʜᴀʙɪᴛᴀɴᴛ	6			A person who lives in a specific place or dwelling permanently or for a long time.								
2381	inhale:to	2705	INHALE	to inhale	inhale	ɪɴʜᴀʟᴇ	7			To draw air or gas into the lungs through the nose or mouth.	息をすう							
1112	inherit:to			to inherit	inherit	ɪɴʜᴇʀɪᴛ	6			To receive property, money, or a title from someone after they have died.								
1549	inheritance			inheritance	inheritance	ɪɴʜᴇʀɪᴛᴀɴᴄᴇ	7			The property, money, or land that is passed down from a deceased person to their living relatives or heirs.								
2382	inject:to			to inject	inject	ɪɴᴊᴇᴄᴛ	7			To force a liquid or substance into a body or a container using a needle or a hollow tool.								
1550	injury..general			injury (general)	injury	ɪɴᴊᴜʀʏ	7			An instance of physical harm or damage to a person's body.								
1093	innocent:to.be			to be innocent	innocent	ɪɴɴᴏᴄᴇɴᴛ	6			To be free from guilt, crime, or wrongdoing.								
1094	insane:to.be			to be insane	insane	ɪɴꜱᴀɴᴇ	6			To have a mental condition that prevents a person from thinking or acting normally or rationally.								
1553	insanity			insanity	insanity	ɪɴꜱᴀɴɪᴛʏ	7			A state of being mentally ill or having a disordered mind that prevents a person from thinking or acting normally.								
159	insect	620	INSECT	insect	insect	ɪɴꜱᴇᴄᴛ	3		fauna	A small animal that has six legs and often has wings.	虫	कीट		昆虫	ပိုးမွှား		insect	insect, bug, vermin
529	insect.:beetle	2242	BEETLE	beetle	beetle	ʙᴇᴇᴛʟᴇ	5		fauna	An insect with a hard, shell-like covering over its wings.								
2383	insert:to	3071	INSERT	to insert	insert	ɪɴꜱᴇʀᴛ	7			To put one object inside another object.	入れる							
1554	inside	1606	INSIDE	inside	inside	ɪɴꜱɪᴅᴇ	7			The interior or inner part of a container, a building, or a defined space.	中							
2089	inside:to.be	1606	INSIDE	to be inside	inside	ɪɴꜱɪᴅᴇ	7			To be located or contained within the interior of a space, container, or object.	中						inside	
1113	inspect:to			to inspect	inspect	ɪɴꜱᴘᴇᴄᴛ	6			To look at something or someone very closely and carefully, often to check for problems, mistakes, or to gather specific information.								
2090	inspired:to.be			to be inspired	inspired	ɪɴꜱᴘɪʀᴇᴅ	7			To experience a sudden feeling of creativity or a strong urge to do something, often caused by an idea or an external influence.								
913	instrument:to.play	3124	PLAY (INSTRUMENT)	to play instrument	play.instrument	ᴘʟᴀʏ.ɪɴꜱᴛʀᴜᴍᴇɴᴛ	5			To produce musical sounds by striking, blowing, plucking, or otherwise manipulating a musical tool.		संगीत बजाना		演奏音乐	သီချင်းဖွင့်ရန်		play instrument	
1555	insult..offence			insult (offence)	insult	ɪɴꜱᴜʟᴛ	7			A disrespectful or hurtful remark or action intended to offend someone.								
1114	insult..something:to			to insult (something)	insult	ɪɴꜱᴜʟᴛ	6			To speak or act in a disrespectful, rude, or offensive way toward a person or thing to hurt their feelings or reputation.								
1095	intelligent:to.be			to be intelligent	intelligent	ɪɴᴛᴇʟʟɪɢᴇɴᴛ	6			To possess high mental capacity or the ability to learn and understand things quickly.								
2369	intercourse:to.have	549	COPULATE	to have intercourse	intercourse	ɪɴᴛᴇʀᴄᴏᴜʀꜱᴇ	7			To engage in sexual activity between two people.	性交する							
1033	interest			interest	interest	ɪɴᴛᴇʀᴇꜱᴛ	6			The feeling of wanting to know more about something or pay attention to it because it is important or enjoyable.								
2384	interrupt:to			to interrupt	interrupt	ɪɴᴛᴇʀʀᴜᴘᴛ	7			To break the continuity of a conversation or an action by speaking or doing something while another person is currently engaged in it.								
160	intestines	1991	INTESTINES	intestines	intestines	ɪɴᴛᴇꜱᴛɪɴᴇꜱ	3		body parts	The long, tube-like organs inside the abdomen that process food after it is swallowed.	腸	अंतःशोषक		肠子	အူ		intestines	guts
1115	invite:to	1611	INVITE	to invite	invite	ɪɴᴠɪᴛᴇ	6			To ask someone to come to a place, a social event, or a gathering.	招待する						invite	
57	iron	621	IRON	iron	iron	ɪʀᴏɴ	2			A hard, heavy, dark grey metal used to make tools, weapons, or machinery.	鉄	लोहा		铁	သံ		iron	iron
636	island	622	ISLAND	island	island	ɪꜱʟᴀɴᴅ	5			A piece of land that is completely surrounded by water.	島	द्वीप		岛屿	ကျွန်း		island	
247	itchy:to.be	149	ITCHY	to be itchy	itchy	ɪᴛᴄʜʏ	3			To experience a sensation on the skin that makes one want to scratch.	かゆい	खुजली होना		痒	ယားတယ်။			itchy
637	jackal	3313	JACKAL	jackal	jackal	ᴊᴀᴄᴋᴀʟ	5		fauna	A wild canine that looks similar to a dog or a wolf, often found in open areas or forests and known for scavenging.		सियार		豺狼	မြေခွေး		jackal	
1557	jackfruit	2655	JACKFRUIT	jackfruit	jackfruit	ᴊᴀᴄᴋꜰʀᴜɪᴛ	7			A large, heavy tropical fruit with a thick, bumpy, spiky skin and sweet, yellow flesh inside.	ジャックフルーツ						jackfruit (fruit)	
1034	jaggery			jaggery	jaggery	ᴊᴀɢɢᴇʀʏ	6			A type of unrefined sugar made from cooked juice, often in a solid block or lump, with a dark color and a rich flavor.								
417	jaw	798	JAW	jaw	jaw	ᴊᴀᴡ	4		body parts	The part of the mouth consisting of the bone and teeth that allows for chewing and movement of the mouth.	あご	जबड़ा		下巴	မေးရိုး		jaw	
1096	jealous:to.be			to be jealous	jealous	ᴊᴇᴀʟᴏᴜꜱ	6			To feel resentment or anger toward someone because they have something you want, or because they are showing affection to another person.								
1035	jobs.tears			jobs tears	jobs.tears	ᴊᴏʙꜱ.ᴛᴇᴀʀꜱ	6			The liquid that comes out of the eyes when a person is sad or crying.								
2385	join.together..something:to			to join together (something)	join.together	ᴊᴏɪɴ.ᴛᴏɢᴇᴛʜᴇʀ	7			To connect two or more separate things so that they become one unit or are held closely together.								
162	joint..skeletal	999	JOINT	joint (skeletal)	joint	ᴊᴏɪɴᴛ	3		body parts	The place where two bones meet and can move.		जोड़		关节	ခန္ဓာကိုယ်၏အဆစ်		joint	joint
1036	journey			journey	journey	ᴊᴏᴜʀɴᴇʏ	6			An act of traveling from one place to another, typically over a long distance.								
2091	joyful:to.be			to be joyful	joyful	ᴊᴏʏꜰᴜʟ	7			To feel or show great pleasure, happiness, or delight.								
1116	judge:to			to judge	judge	ᴊᴜᴅɢᴇ	6			To form an opinion or reach a conclusion about someone or something after considering facts or evidence.								
2386	judge..case:to			to judge (case)	judge	ᴊᴜᴅɢᴇ	7			To act as a legal authority who listens to evidence and makes a formal decision about a crime or a legal dispute.								
638	jug	270	JUG	jug	jug	ᴊᴜɢ	5			A container with a narrow neck and a handle, used for holding and pouring liquids.		जग		壶	အိုး သို့မဟုတ် အိုး			
163	juice..of.fruit	1499	JUICE	juice (of fruit)	juice	ᴊᴜɪᴄᴇ	3			The liquid that is inside a fruit.		रस		果汁	ဖျော်ရည်		juice	medicine/juice
889	jump:to	1829	JUMP	to jump	jump	ᴊᴜᴍᴘ	5			To push oneself off the ground or a surface using the legs to move into the air.	跳ねる	कूदना		跳	ခုန်ရန်		jump (v)	
164	jungle	3808	JUNGLE	jungle	jungle	ᴊᴜɴɢʟᴇ	3			A dense, tropical forest area with thick vegetation and many trees.		मिट्टी		土壤	မြေဆီလွှာ			
566	jungle:dense			dense jungle	dense.jungle	ᴅᴇɴꜱᴇ.ᴊᴜɴɢʟᴇ	5			A forest area with very thick vegetation and many trees growing closely together.								
1037	jurisdiction			jurisdiction	jurisdiction	ᴊᴜʀɪꜱᴅɪᴄᴛɪᴏɴ	6			The legal power or authority of a person, institution, or government to make decisions and enforce laws within a specific geographic area or over a specific group of people.								
639	jute..plant!fibre	–	–	jute (plant, fibre)	jute	ᴊᴜᴛᴇ	5		flora	A plant used to make coarse cloth or rope from its strong fibers.		जूट		黄麻	ဂုန်လျှော်ပင်			
165	kalij.pheasant	3060	PHEASANT	kalij pheasant	kalij.pheasant	ᴋᴀʟɪᴊ.ᴘʜᴇᴀꜱᴀɴᴛ	3			A large, ground-dwelling bird with colorful plumage, often found in forests, belonging to the pheasant family.								
640	kapok	2499	KAPOK TREE	kapok	kapok	ᴋᴀᴘᴏᴋ	5		flora	A tree that produces soft, white, fluffy fibers used for stuffing.		सेमल		棉花	ခေါက်ရိုး		kapok	
890	keep:to	1477	KEEP	to keep	keep	ᴋᴇᴇᴘ	5			To retain possession of an object or to continue holding something in one's hands or control.		रखना		保留	ထိန်းသိမ်းရန်၊ ထိန်းသိမ်းရန်		keep, save	
2387	keep.separate:to			to keep separate	keep.separate	ᴋᴇᴇᴘ.ꜱᴇᴘᴀʀᴀᴛᴇ	7			To prevent two or more things from touching, mixing, or being together in one group.								
1038	kettle			kettle	kettle	ᴋᴇᴛᴛʟᴇ	6			A metal or ceramic container with a lid and a handle, used for heating and boiling water.								
891	kick..and.propel:to	1135	KICK	to kick (and propel)	kick	ᴋɪᴄᴋ	5			To strike or push something away using the foot.	蹴る	किक		踢	ကန်ဖို့			kick
2388	kick..general:to			to kick (general)	kick	ᴋɪᴄᴋ	7			To strike or push something using the foot.								
301	kick..stationary.item:to	1135	KICK	to kick (stationary item)	kick	ᴋɪᴄᴋ	3			To strike a stationary object with the foot.	蹴る	लात मारना		踢	ကန်ဖို့			kick
1039	kidney			kidney	kidney	ᴋɪᴅɴᴇʏ	6			An organ in the body that filters blood and produces urine.								
302	kill:to	1417	KILL	to kill	kill	ᴋɪʟʟ	3			To cause a living thing to die by means of an action or injury.	殺す	मारना		杀	သတ်ရန်			kill
2389	kill..by.stabbing:to			to kill (by stabbing)	kill	ᴋɪʟʟ	7			To end the life of a person or animal by driving a sharp, pointed tool or weapon into their body.								
2390	kill..with.arrow:to			to kill (with arrow)	kill	ᴋɪʟʟ	7			To end the life of a person or animal by shooting a projectile from a bow.								
1051	kiln:pottery			pottery kiln	pottery.kiln	ᴘᴏᴛᴛᴇʀʏ.ᴋɪʟɴ	6			An enclosed structure or oven used for heating and hardening clay objects to make them durable.								
1097	kind:to.be	3299	KIND	to be kind	kind	ᴋɪɴᴅ	6			To act or feel in a friendly, generous, or caring way toward others.	親切な						(be) kind	
1040	kingfisher			kingfisher	kingfisher	ᴋɪɴɢꜰɪꜱʜᴇʀ	6			A brightly colored water bird with a long, pointed bill that dives into water to catch fish.								
303	kiss:to			to kiss	kiss	ᴋɪꜱꜱ	3			To press one's lips against another person or an object as a sign of affection, greeting, or passion.								
1041	kitchen			kitchen	kitchen	ᴋɪᴛᴄʜᴇɴ	6			A room or area in a house where food is prepared and cooked.								
1562	kitten..cat			kitten (cat)	kitten	ᴋɪᴛᴛᴇɴ	7			A very young, small domestic feline that is the offspring of a cat.								
892	kneel:to	66	KNEEL	to kneel	kneel	ᴋɴᴇᴇʟ	5			To rest on one or both knees instead of standing or sitting.		घुटने टेकना		跪	ဒူးထောက်ရန်		to kneel	
166	knife	1352	KNIFE	knife	knife	ᴋɴɪꜰᴇ	3			A sharp tool used for cutting or slicing things.	包丁	चाकू		刀	ဓား		knife/blade	
575	knife:edge.of	–	–	edge of knife	edge.of.knife	ᴇᴅɢᴇ.ᴏꜰ.ᴋɴɪꜰᴇ	5			The sharp side of a blade used for cutting.	刃	चाकू का काटना		刀刃	ဓားတစ်ချောင်း			
2391	knit:to	2905	KNIT	to knit	knit	ᴋɴɪᴛ	7			To make a fabric or garment by interlocking loops of yarn or thread using long needles.	編む							
1117	knock.down:to			to knock down	knock.down	ᴋɴᴏᴄᴋ.ᴅᴏᴡɴ	6			To strike or hit something so that it falls from an upright position to the ground.								
1118	knot:to.tie			to tie knot	tie.knot	ᴛɪᴇ.ᴋɴᴏᴛ	6			To make a fastening by looping a cord, string, or rope around itself or another object.								
1042	knot..in.rope			knot (in rope)	knot	ᴋɴᴏᴛ	6			A fastening made by tying a piece of cord or rope into a specific shape.								
1043	knot..in.wood			knot (in wood)	knot	ᴋɴᴏᴛ	6			A hard, dark, circular part of a tree trunk or branch that is embedded in the wood.								
893	know..how:to	2238	KNOW HOW	to know (how)	know	ᴋɴᴏᴡ	5			To have the practical skill or ability to perform a specific task or activity.		कुछ करने का ज्ञान होना		会	တစ်ခုခုလုပ်နည်းသိရန်			
894	know..someone:to	2248	KNOW (SOMEBODY)	to know (someone)	know	ᴋɴᴏᴡ	5			To be acquainted with a person or to have a personal relationship with them.		कुछ जानना		知道	တစ်ခုခုသိဖို့			
304	know..something:to	1410	KNOW (SOMETHING)	to know (something)	know	ᴋɴᴏᴡ	3			To have information or knowledge about a specific fact, object, or situation in one's mind.	知る	कुछ समझना		理解	တစ်ခုခုကိုနားလည်ရန်			know
1563	knowledge			knowledge	knowledge	ᴋɴᴏᴡʟᴇᴅɢᴇ	7			The information, facts, or skills acquired through experience or education.								
1565	labour.pains			labour pains	labour.pains	ʟᴀʙᴏᴜʀ.ᴘᴀɪɴꜱ	7			The strong, rhythmic contractions of the uterus that occur during childbirth.								
895	lack:to	2329	LACK (NOT HAVE)	to lack	lack	ʟᴀᴄᴋ	5			To not have something or to be without a specific thing that is needed or desired.		कुछ अभाव होना		缺乏	တစ်ခုခုချို့တဲ့ဖို့		lack (v)	
167	ladder..stairs	2689	LADDER OR STAIRS	ladder (stairs)	ladder	ʟᴀᴅᴅᴇʀ	3			A structure consisting of a series of steps or rungs used for climbing up or down between different levels.		सीढ़ियाँ		阶梯	လှေကားထစ်များ၊			
1044	ladle	2657	LADLE	ladle	ladle	ʟᴀᴅʟᴇ	6			A large, deep-bowled spoon used for serving liquids such as soup or water.	おたま						ladle	
168	lake	624	LAKE	lake	lake	ʟᴀᴋᴇ	3			A large body of water that is surrounded by land.		झील		湖泊	ရေကန်		lake	
1566	lamb			lamb	lamb	ʟᴀᴍʙ	7			A young animal that is the offspring of a sheep.								
2092	lame:to.be	320	LAME	to be lame	lame	ʟᴀᴍᴇ	7			To walk with difficulty or an uneven gait because of an injury or physical disability in a leg or foot.	びっこの							
642	land..area	626	LAND	land (area)	land	ʟᴀɴᴅ	5			The solid part of the earth's surface that is not covered by water.		भूमि		土地	မြေဧရိယာ၊			
11	language	1307	LANGUAGE	language	language	ʟᴀɴɢᴜᴀɢᴇ	1			A system of sounds, words, and grammar used by a group of people to communicate.	ことば	भाषा		语言	ဘာသာစကား		language	
1045	lantern..lamp			lantern (lamp)	lantern	ʟᴀɴᴛᴇʀɴ	6			A portable device that produces light, often enclosed in a protective cover or casing.								
1567	larynx			larynx	larynx	ʟᴀʀʏɴx	7			The part of the throat that contains the vocal cords and is used for breathing and making sound.								
2093	last:to.be			to be last	last	ʟᴀꜱᴛ	7			To be at the end of a series, a sequence, or a group of things.								
2813	last.night			last night	last.night	ʟᴀꜱᴛ.ɴɪɢʜᴛ	7			The night or evening immediately preceding the current day.								
450	late:to.be	477	LATE	to be late	late	ʟᴀᴛᴇ	4			To arrive at a place or finish an action after the expected or scheduled time.		शाम होना		傍晚	နေ့ဘက်နောက်ကျမည်။		late	
2094	later:to.be	–	–	to be later	later	ʟᴀᴛᴇʀ	7			To occur or happen at a time after the present or after a specific point in time.	後で							
1568	latrine!toilet			latrine, toilet	latrine	ʟᴀᴛʀɪɴᴇ	7			A structure or place used for discharging human waste and urinating.								
305	laugh:to	1355	LAUGH	to laugh	laugh	ʟᴀᴜɢʜ	3			To make sounds and move the mouth or face in a way that shows amusement or joy.	笑う	हंसना		笑	ရယ်ဖို့			laugh
1569	law..regulation			law (regulation)	law	ʟᴀᴡ	7			A system of rules created and enforced by a government or authority to regulate behavior and maintain order in a society.								
1570	lawn			lawn	lawn	ʟᴀᴡɴ	7			An area of land covered with short, closely mown grass, often found in a garden or near a house.								
2392	lay.down:to			to lay down	lay.down	ʟᴀʏ.ᴅᴏᴡɴ	7			To move from a standing or sitting position into a flat, horizontal position on a surface.	寝かせる							
2393	lay.eggs:to	2464	LAY EGGS	to lay eggs	lay.eggs	ʟᴀʏ.ᴇɢɢꜱ	7			To produce and deposit an egg from the body of a female animal.	卵を産む						lay (eggs)	
645	layer	–	–	layer	layer	ʟᴀʏᴇʀ	5			A single thickness or level of a material that is spread or placed over another surface.		तह		层	တစ်ခုခု၏အလွှာ			
813	lazy:to.be	1564	LAZY	to be lazy	lazy	ʟᴀᴢʏ	5			To be unwilling to work or exert effort; to lack the desire to be active or productive.	怠惰な	आलसी होना		懒	ပျင်းဖို့ကောင်းတယ်။		(be) lazy	
1571	lead..material	627	LEAD (CHEMICAL ELEMENT)	lead (material)	lead	ʟᴇᴀᴅ	7			A heavy, soft, bluish-gray metal that is often used as a weight or for protection against radiation.								
1572	leader..of.group			leader (of group)	leader	ʟᴇᴀᴅᴇʀ	7			A person who is in charge of a group of people or an organization.								
1573	leader.of.community			leader of community	leader.of.community	ʟᴇᴀᴅᴇʀ.ᴏꜰ.ᴄᴏᴍᴍᴜɴɪᴛʏ	7			A person who has authority or holds a position of power over a specific group of people living in the same area or social unit.								
1574	leaf..general	628	LEAF	leaf (general)	leaf	ʟᴇᴀꜰ	7			The flat, often green part of a plant that grows from a stem or branch.	葉							
169	leaf..tree	628	LEAF	leaf (tree)	leaf	ʟᴇᴀꜰ	3		flora	The flat, often green part of a plant or tree that grows from a stem or branch.	葉	पत्ता		叶子	အရွက်		leaf (tree)	leaf
2394	leak:to			to leak	leak	ʟᴇᴀᴋ	7			To allow a liquid or gas to escape slowly through a small hole, crack, or gap in a container or surface.								
2395	lean:to			to lean	lean	ʟᴇᴀɴ	7			To incline the body or an object from a vertical position so that it rests at an angle against a support.								
896	learn:to	504	LEARN	to learn	learn	ʟᴇᴀʀɴ	5			To acquire knowledge, skills, or information through study, practice, or experience.	学ぶ	सीखना		学	သင်ယူရန်		learn	
646	leather	629	LEATHER	leather	leather	ʟᴇᴀᴛʜᴇʀ	5			A material made from the skin of an animal that has been treated and prepared for use.		चमड़ा		皮革	သားရေ			
2396	leave.behind..tr:to			to leave behind (tr)	leave.behind	ʟᴇᴀᴠᴇ.ʙᴇʜɪɴᴅ	7			To cause an object or a person to remain in a place while you go away.								
103	leech:aquatic	949	WATER LEECH	aquatic leech	aquatic.leech	ᴀꞯᴜᴀᴛɪᴄ.ʟᴇᴇᴄʜ	3		fauna	An aquatic worm-like creature that lives in water and attaches itself to animals or humans to suck their blood.	蛭	जल जुएँ		水蛭	ရေမျှော့		water leech	water leech
1690	leech:nose			nose leech	nose.leech	ɴᴏꜱᴇ.ʟᴇᴇᴄʜ	7			A small, blood-sucking worm that attaches itself to the skin, often found in wet environments and sometimes entering a person's nostril.								
75	leech:terrestrial	2273	LEECH	terrestrial leech	terrestrial.leech	ᴛᴇʀʀᴇꜱᴛʀɪᴀʟ.ʟᴇᴇᴄʜ	2		fauna	An earth-dwelling, blood-sucking worm that lives on land rather than in water.	蛭	ज़मीनी जुएँ		陆寄生	ကုန်းနေ မျှော့		land leech	leech
170	left.side	244	LEFT	left side	left.side	ʟᴇꜰᴛ.ꜱɪᴅᴇ	3			The side of the body that is not the right side.	左	बाएं तरफ		左侧	ဘယ်ဘက်		left side	left side
1575	leftovers			leftovers	leftovers	ʟᴇꜰᴛᴏᴠᴇʀꜱ	7			The food that remains uneaten after a meal has been finished.								
358	leg.:ankle	803	ANKLE	ankle	ankle	ᴀɴᴋʟᴇ	4		body parts	The joint that connects the foot to the leg.	足首	टखना	পা তল	脚踝	ခြေချင်းဝတ်		ankle	
539	leg.:calf	498	CALF OF LEG	calf	calf	ᴄᴀʟꜰ	5		body parts	The back part of the lower leg between the knee and the ankle.	ふくらはぎ	टखना		小腿	ခြေသလုံး၏ခြေသလုံး		calf	
409	leg.:foot	1301	FOOT	foot	foot	ꜰᴏᴏᴛ	4		body parts	The part of the leg below the ankle that is used for standing and walking.	足	पैर		脚	ခြေ			foot
418	leg.:knee	1371	KNEE	knee	knee	ᴋɴᴇᴇ	4		body parts	The joint in the middle of the leg that allows it to bend.	ひざ	घुटना		膝盖	ဒူး		knee	
641	leg.:knee.pit	–	–	knee pit	knee.pit	ᴋɴᴇᴇ.ᴘɪᴛ	5		body parts	The hollow area on the back of the leg, located between the calf and the thigh.		घुटने की पीठ		膝弯	ဒူး၏နောက်ဘက်			
737	leg.:shin	186	SHIN	shin	shin	ꜱʜɪɴ	5		body parts	The front part of the lower leg between the knee and the ankle.		टांग की सामुद्रिक भाग		小腿	shin		shin	
775	leg.:thigh	800	THIGH	thigh	thigh	ᴛʜɪɢʜ	5		body parts	The part of the leg between the hip and the knee.	もも	जांघ		大腿	ပေါင်		thigh	
1576	leg..general	1297	LEG	leg (general)	leg	ʟᴇɢ	7			The limb used for standing, walking, or moving the body from one place to another, extending from the hip to the foot.	脚						leg	
58	leg..lower.limb	2098	FOOT OR LEG	leg (lower limb)	leg	ʟᴇɢ	2			The part of the body between the hip and the ankle.								
2370	leg.disability:to.have			to have leg disability	leg.disability	ʟᴇɢ.ᴅɪꜱᴀʙɪʟɪᴛʏ	7			To be unable to walk or move one's lower limb normally due to an injury, illness, or physical condition.								
1577	lemon..fruit	3091	LEMON	lemon (fruit)	lemon	ʟᴇᴍᴏɴ	7			A small, oval, yellow citrus fruit that is very sour and acidic.	レモン						lemon	
2397	lend:to	582	LEND	to lend	lend	ʟᴇɴᴅ	7			To give something to another person for a period of time, with the expectation that they will return it later.	貸す						lend	
2398	lengthen..stretch:to			to lengthen (stretch)	lengthen	ʟᴇɴɢᴛʜᴇɴ	7			To make something longer or more extended in distance or length.								
1578	leopard			leopard	leopard	ʟᴇᴏᴘᴀʀᴅ	7			A large wild cat with a yellowish or tan coat covered in dark spots or rosettes.								
1579	leprosy			leprosy	leprosy	ʟᴇᴘʀᴏꜱʏ	7			A chronic infectious disease that causes skin lesions, nerve damage, and can lead to physical disfigurement.								
1580	letter..of.alphabet			letter (of alphabet)	letter	ʟᴇᴛᴛᴇʀ	7			A single character or symbol used in a writing system to represent a sound or a word.								
1581	letter..to.send			letter (to send)	letter	ʟᴇᴛᴛᴇʀ	7			To write a written message on paper or a similar material and send it to someone.								
814	level:to.be	–	–	to be level	level	ʟᴇᴠᴇʟ	5	different from CONCEPTICON		To be in a position where a surface is flat and horizontal, without any slopes, bumps, or curves.		समान		平坦	အဆင့်၊			
2411	level:to.make			to make level	make.level	ᴍᴀᴋᴇ.ʟᴇᴠᴇʟ	7			To make a surface flat or even, such as ground or a piece of wood, so that it is no longer sloped or bumpy.								
1582	liar			liar	liar	ʟɪᴀʀ	7			A person who tells things that are not true.								
1583	lichee			lichee	lichee	ʟɪᴄʜᴇᴇ	7			A small, round fruit with a hard, reddish-brown shell and sweet, translucent white flesh inside.								
306	lick:to	319	LICK	to lick	lick	ʟɪᴄᴋ	3			To pass the tongue over a surface, often to taste something or to clean it.	舐める	चाटना		舔	စို့ရန်			lick
897	lie..decieve:to	601	LIE (MISLEAD)	to lie (decieve)	lie	ʟɪᴇ	5			To say something that is not true with the intention of tricking or deceiving someone.	嘘をつく	झूठ बोलना		撒谎	လိမ်ဖို့၊ လှည့်စားတယ်။		to lie/fib	
307	lie.down:to	215	LIE DOWN	to lie down	lie.down	ʟɪᴇ.ᴅᴏᴡɴ	3			To move from a standing or sitting position into a horizontal position on a surface.	横たわる	लेट जाना		躺下	အိပ်ရန်		lie down	sleep/lie down
2399	lie.down..older.people:to			to lie down (older people)	lie.down	ʟɪᴇ.ᴅᴏᴡɴ	7			To move from a standing or sitting position into a horizontal position on a surface, such as a bed or the ground.								
1584	life..lifetime	210	LIFE	life (lifetime)	life	ʟɪꜰᴇ	7			The total duration of time from the moment of birth until the moment of death.		जीवन		生命	ဘဝ		life	breath/life
1585	life..of.someone			life (of someone)	life	ʟɪꜰᴇ	7			The period of time from a person's birth until their death.								
898	lift:to	501	LIFT	to lift	lift	ʟɪꜰᴛ	5			To move something from a lower position to a higher position by applying force upward.		उठाना		举	လွှင့်တင်ရန်		bring up (a child)	
1586	light..brightness	630	LIGHT (RADIATION)	light (brightness)	light	ʟɪɢʜᴛ	7			The quality of being bright or having a lot of illumination. This is the opposite of darkness.	光							
2400	lightly.touch.then.go:to			to lightly touch then go	lightly.touch.then.go	ʟɪɢʜᴛʟʏ.ᴛᴏᴜᴄʜ.ᴛʜᴇɴ.ɢᴏ	7			To move one's hand or a part of the body against a surface or person with very little pressure, and then immediately move away.								
171	lightning..in.sky	1654	LIGHTNING	lightning (in sky)	lightning	ʟɪɢʜᴛɴɪɴɢ	3			A flash of bright light in the sky during a storm, often accompanied by thunder.		बिजली		闪电	လျှပ်စီးကြောင်း		lightning (flashing)	
1587	lightning..striking	–	–	lightning (striking)	lightning	ʟɪɢʜᴛɴɪɴɢ	7			A flash of bright light in the sky caused by an electrical discharge during a storm.	稲妻							
80	lightweight:to.be	1052	LIGHT (WEIGHT)	to be lightweight	lightweight	ʟɪɢʜᴛᴡᴇɪɢʜᴛ	2			To have very little weight or mass.	軽い	हल्का होना		轻巧	ပေါ့ပါးစေရန်		to be light	lightweight
2401	like:to	1117	LIKE	to like	like	ʟɪᴋᴇ	7			To feel or have a sense of pleasure, enjoyment, or positive regard toward someone or something.	好む							
1588	like.this	–	–	like this	like.this	ʟɪᴋᴇ.ᴛʜɪꜱ	7			To use or act in a manner similar to the object or situation currently being shown or discussed.	そのように							
647	lime..betelnut	2540	LIME (MATERIAL)	lime (betelnut)	lime	ʟɪᴍᴇ	5			A white, powdery substance made from calcium hydroxide, often used as a component in chewing mixtures.	石灰	चूना		石灰	သံပုရာသီး (ပစ္စည်း)		lime (for betel chew)	
2402	limp:to			to limp	limp	ʟɪᴍᴘ	7			To walk with an uneven or awkward gait, typically because one leg or foot is injured or painful.								
1589	lion	1386	LION	lion	lion	ʟɪᴏɴ	7			A large, powerful wild cat with a thick mane of hair around its neck, typically found living in groups on the plains of Africa.	ライオン						lion	
172	lip..of.mouth	478	LIP	lip (of mouth)	lip	ʟɪᴘ	3			The fleshy, flexible edges of the mouth that surround the opening.	唇	होंठ		嘴唇	နှုတ်ခမ်း			
1600	lip..of.mouth:lower	478	LIP	lower lip (of mouth)	lower.lip	ʟᴏᴡᴇʀ.ʟɪᴘ	7			The fleshy, movable part of the mouth located below the teeth.	下唇	होंठ		嘴唇	နှုတ်ခမ်း			
2717	lip..of.mouth:upper	478	LIP	upper lip (of mouth)	upper.lip	ᴜᴘᴘᴇʀ.ʟɪᴘ	7			The fleshy, flexible edge of the mouth located above the teeth.	上唇	होंठ		嘴唇	နှုတ်ခမ်း		lip	
648	liquid	58	LIQUID	liquid	liquid	ʟɪꞯᴜɪᴅ	5			A substance that flows freely and takes the shape of its container, such as water or oil, rather than being a solid or a gas.		तरल		液体	အရည်			
308	listen:to	1608	LISTEN	to listen	listen	ʟɪꜱᴛᴇɴ	3			To direct one's attention toward a sound in order to hear it.	聞く							
2403	live..somewhere:to	2309	LIVE	to live (somewhere)	live	ʟɪᴠᴇ	7			To reside or dwell in a particular place permanently or for a long period of time.	住む							
173	liver	1224	LIVER	liver	liver	ʟɪᴠᴇʀ	3		body parts	The large, dark reddish-brown organ in the abdomen that filters blood and aids in digestion.	肝臓	जिगर		肝脏	အသည်း		liver	liver
1536	lizard:house	2355	GECKO	house lizard	house.lizard	ʜᴏᴜꜱᴇ.ʟɪᴢᴀʀᴅ	7			A small reptile with a long tail that is commonly found inside human dwellings on walls or ceilings.	ヤモリ						gecko	
661	lizard:monitor	3017	MONITOR LIZARD	monitor lizard	monitor.lizard	ᴍᴏɴɪᴛᴏʀ.ʟɪᴢᴀʀᴅ	5		fauna	A large, heavy-bodied reptile with a long tail and a pointed snout, often found near water.		गोह		霸王龙	မျောက်တွေကို စောင့်ကြည့်ပါ။		monitor lizard	
1258	lizard.:chameleon			chameleon	chameleon	ᴄʜᴀᴍᴇʟᴇᴏɴ	7			A large lizard that can change its skin color to match its surroundings.								
1591	lizard..gecko			lizard (gecko)	lizard	ʟɪᴢᴀʀᴅ	7			A small reptile with a long tail, often found on walls or ceilings in houses, known for making a chirping sound.								
649	lizard..general	632	LIZARD	lizard (general)	lizard	ʟɪᴢᴀʀᴅ	5		fauna	A reptile with a long body, four legs, and a tail, often found in warm environments or near human dwellings.	トカゲ	छिपकली		蜥蜴	အိမ်မြှောင်		house lizard	
2404	load:to			to load	load	ʟᴏᴀᴅ	7			To place objects, goods, or weight onto a vehicle, container, or animal for transport.								
1592	load..burden			load (burden)	load	ʟᴏᴀᴅ	7			A heavy object or weight that is being carried or placed on something.								
1593	loan	–	–	loan	loan	ʟᴏᴀɴ	7			An amount of money or an object that is given to someone with the agreement that it will be returned later.								
1594	locative.marker...loc			locative marker	loc	ʟᴏᴄ	7			A word or particle used to indicate a place or position where something or someone is located.								
650	locust	810	LOCUST	locust	locust	ʟᴏᴄᴜꜱᴛ	5		fauna	A large, jumping insect that often travels in massive groups and can destroy crops.		टिड्डी		蝗虫	ကျိုင်းကောင်		locust	
651	log	–	–	log	log	ʟᴏɢ	5			A piece of wood that has been cut from a tree, typically in a cylindrical shape.		लॉग		圆木	မှတ်တမ်း			
1595	log.drum			log drum	log.drum	ʟᴏɢ.ᴅʀᴜᴍ	7			A large, hollowed-out piece of wood that is struck with a mallet to produce a loud, resonant sound.								
1596	loincloth			loincloth	loincloth	ʟᴏɪɴᴄʟᴏᴛʜ	7			A piece of cloth wrapped around the waist and between the legs to cover the genitals.								
248	long:to.be	1203	LONG	to be long	long	ʟᴏɴɢ	3			To have a great distance from one end to the other, rather than being short.	長い	लम्बा		长	ရှည်		to be long	long/tall
2096	long..of.time:to.be			to be long (of time)	long	ʟᴏɴɢ	7			To last for a great amount of time or a large number of years, days, or hours.								
2405	look.after:to			to look after	look.after	ʟᴏᴏᴋ.ᴀꜰᴛᴇʀ	7			To take care of someone or something, such as a child, an animal, or a plant, to ensure they are safe and healthy.								
899	look.at:to	1819	LOOK	to look at	look.at	ʟᴏᴏᴋ.ᴀᴛ	5			To direct one's eyes toward a specific object, person, or place.		कुछ देखना		看	တစ်ခုခုကိုကြည့်ဖို့		to look at	
900	look.for..seek:to	1468	LOOK FOR	to look for (seek)	look.for	ʟᴏᴏᴋ.ꜰᴏʀ	5			To search for something or someone that is lost or needed.	探す	खोजना		寻找	ရှာရန်		look for	
2406	look.from.afar:to			to look from afar	look.from.afar	ʟᴏᴏᴋ.ꜰʀᴏᴍ.ᴀꜰᴀʀ	7			To direct one's sight toward something or someone that is at a great distance.								
174	loom:backstrap	–	–	backstrap loom	backstrap.loom	ʙᴀᴄᴋꜱᴛʀᴀᴘ.ʟᴏᴏᴍ	3			A tool used for weaving fabric where one end is tied to a fixed object and the other end is secured around the waist of the weaver to provide tension.		तकिया		织布机	ရက်ကန်းစင်			
2809	loom:table..framed	1787	LOOM	table (framed loom)	table	ᴛᴀʙʟᴇ	7			A frame used for weaving cloth by interlacing threads.								
2810	loom:warp.weighted			warp weighted loom	warp.weighted.loom	ᴡᴀʀᴘ.ᴡᴇɪɢʜᴛᴇᴅ.ʟᴏᴏᴍ	7			A device used for weaving cloth where the vertical threads are kept under tension by weights attached to the bottom.								
815	loose:to.be	2506	LOOSE	to be loose	loose	ʟᴏᴏꜱᴇ	5			To be in a state where something is not tight, fixed, or firmly attached.	ゆるい	ढीला होना		松	ချောင်		to be loose	
2407	loosen:to			to loosen	loosen	ʟᴏᴏꜱᴇɴ	7			To make something less tight or to release it from a state of being fixed or bound.								
2408	lose..competition:to			to lose (competition)	lose	ʟᴏꜱᴇ	7			To be defeated in a game, a contest, or a match.	負ける							
478	lose..something:to	–	–	to lose (something)	lose	ʟᴏꜱᴇ	4			To no longer have or possess something that was previously held or owned.	失う	हारना		丢失	ဆုံးရှုံးရန်			
451	lost:to.be	3667	LOST	to be lost	lost	ʟᴏꜱᴛ	4			To be unable to find one's way or to be unable to return to a known location.							(be) lost	
816	loud:to.be	377	LOUD	to be loud	loud	ʟᴏᴜᴅ	5			To produce a high volume of sound that is easily heard.		उच्छ्रण होना		大声	အသံကျယ်ဖို့			
12	louse..head	1392	LOUSE	louse (head)	louse	ʟᴏᴜꜱᴇ	1		fauna	A small, parasitic insect that lives on a human scalp and feeds on blood.	虱	जूं		虱子	ကြွက်			louse
2808	louse..shirt			louse (shirt)	louse	ʟᴏᴜꜱᴇ	7			A small, parasitic insect that lives on the human body and feeds on blood, specifically one that is found on clothing.								
309	love:to	923	LOVE	to love	love	ʟᴏᴠᴇ	3			To feel a strong sense of affection, deep liking, or emotional attachment toward a person, animal, or thing.		प्यार करना		爱	ချစ်ဖို့		to love	
2097	low:to.be	721	LOW	to be low	low	ʟᴏᴡ	7			To be at a small distance from the ground or a base level, rather than being high or tall.	低い						(be) low	
2409	lower..tr:to			to lower (tr)	lower	ʟᴏᴡᴇʀ	7			To move something from a higher position to a lower position or closer to the ground.								
1601	luffa.acutangula..ridge.gourd:::			Luffa acutangula (ridge gourd)	ridge.gourd	ʀɪᴅɢᴇ.ɢᴏᴜʀᴅ	7			A fruit of a climbing plant with a long, green, cylindrical body that has distinct longitudinal ridges on its skin.								
1602	lump..clay			lump (clay)	lump	ʟᴜᴍᴘ	7			A piece of soft, moist earth or clay that can be shaped by hand.								
652	lung	688	LUNG	lung	lung	ʟᴜɴɢ	5			The organ in the chest used for breathing air into the body.	肺	फेफड़ा		肺	အဆုတ်		lung	
1603	lungs			lungs	lungs	ʟᴜɴɢꜱ	7			The pair of organs inside the chest that are used for breathing air into the body.								
1604	lychee	3731	LYCHEE	lychee	lychee	ʟʏᴄʜᴇᴇ	7			A small, sweet, edible fruit with a hard, reddish-brown bumpy skin and translucent white flesh.	ライチ							
175	macaque:.stump.tailed	–	–	macaque	macaque	ᴍᴀᴄᴀꞯᴜᴇ	3			A small to medium-sized monkey with a short tail that is often found in forests or near human settlements in Asia.								
176	machete..dao	2680	MACHETE	machete (dao)	machete	ᴍᴀᴄʜᴇᴛᴇ	3			A large, heavy knife used as a tool for cutting vegetation or wood.		तलवार		砍刀	ဓားခုတ်		machete, cutlass	
1605	machine	144	MACHINE	machine	machine	ᴍᴀᴄʜɪɴᴇ	7			A mechanical device that uses power to perform a specific task or function.	機械							
1606	maggot	–	–	maggot	maggot	ᴍᴀɢɢᴏᴛ	7			The larva of a fly, typically found in decaying organic matter or feces.	蛆虫							
1607	magnet			magnet	magnet	ᴍᴀɢɴᴇᴛ	7			An object that attracts certain metals, such as iron, and can pull them toward itself.								
1609	maize..cob			maize (cob)	maize	ᴍᴀɪᴢᴇ	7			The central part of a grain plant that holds the individual kernels on a long, cylindrical structure.								
1046	maize..corn	506	MAIZE	maize (corn)	maize	ᴍᴀɪᴢᴇ	6		flora	A cereal plant that produces large kernels on a cob, often eaten as a staple food.	トウモロコシ	मक्का		玉米	ပြောင်း		corn	
1610	maize..husk			maize (husk)	maize	ᴍᴀɪᴢᴇ	7			The outer covering of a grain crop that protects the kernels on the cob.								
1611	maize..popped			maize (popped)	maize	ᴍᴀɪᴢᴇ	7			The edible grain of a cereal plant that has been heated until it swells and bursts into a white, crunchy kernel.								
1612	maize.kernel			maize kernel	maize.kernel	ᴍᴀɪᴢᴇ.ᴋᴇʀɴᴇʟ	7			A single seed of a corn plant, typically used as food for humans or animals.								
2410	make.hole:to			to make hole	make.hole	ᴍᴀᴋᴇ.ʜᴏʟᴇ	7			To create an opening or a hollow space in a solid object by removing material.								
2413	make.tea:to			to make tea	make.tea	ᴍᴀᴋᴇ.ᴛᴇᴀ	7			To prepare a drink by soaking dried leaves in hot water.								
1613	malaria..fever			malaria (fever)	malaria	ᴍᴀʟᴀʀɪᴀ	7			A disease caused by a parasite that is transmitted by mosquitoes, characterized by recurring bouts of high fever and chills.								
1614	male..affix			male (affix)	male	ᴍᴀʟᴇ	7			A person or animal that is of the sex that can produce offspring.								
680	man:old	406	OLD MAN	old man	old.man	ᴏʟᴅ.ᴍᴀɴ	5			A male human who is in the final stage of a human life cycle due to advanced age.		बुजुर्ग		老人	အဘိုးကြီး			
177	man..male.person	1554	MAN	man (male person)	man	ᴍᴀɴ	3			An adult human male.	男	मनुष्य		男人	လူ		man	
654	mango	2398	MANGO	mango	mango	ᴍᴀɴɢᴏ	5		flora	A large, fleshy tropical fruit with a single large stone or pit inside, often eaten ripe and sweet.	マンゴー	आम		芒果	သရက်သီး		mango (fruit)	
1615	mantis			mantis	mantis	ᴍᴀɴᴛɪꜱ	7			An insect with a long, slender body and large front legs used for grasping prey.								
452	many:to.be	1198	MANY	to be many	many	ᴍᴀɴʏ	4			To exist in a large number or a great quantity rather than being one or a few.	多い	बहुत		许多	အများကြီး			
1616	map			map	map	ᴍᴀᴘ	7			A visual representation of an area, such as a country or a city, showing roads, rivers, or boundaries on a flat surface.								
1618	marigold..flower			marigold (flower)	marigold	ᴍᴀʀɪɢᴏʟᴅ	7			A bright yellow or orange flower with many thin petals, often used for decoration or religious offerings.								
902	mark..something:to	–	–	to mark (something)	mark	ᴍᴀʀᴋ	5			To make a visible sign, scratch, or indentation on a surface to distinguish it or provide information.		निशान लगाना		标记	အမှတ်အသားလုပ်ဖို့			
419	market	633	MARKET	market	market	ᴍᴀʀᴋᴇᴛ	4			A place where people gather to buy and sell various goods and food.	市場	बाजार		市场	စျေးကွက်		market (n)	
1619	marrow..vegetable			marrow (vegetable)	marrow	ᴍᴀʀʀᴏᴡ	7			A large, fleshy fruit from a vine that is often long and green, used as a vegetable in cooking.								
903	marry:to	203	MARRY	to marry	marry	ᴍᴀʀʀʏ	5			To take a person as a spouse or partner in a formal or legal union.	結婚する	शादीशुदा होना		结婚	လက်ထပ်ရန်		marry	
1620	masculine			masculine	masculine	ᴍᴀꜱᴄᴜʟɪɴᴇ	7			A quality or characteristic associated with men or boys.								
1621	masculine.marker			masculine marker	masculine.marker	ᴍᴀꜱᴄᴜʟɪɴᴇ.ᴍᴀʀᴋᴇʀ	7			A grammatical element used to indicate that a person or noun is male.								
1622	mask			mask	mask	ᴍᴀꜱᴋ	7			A covering worn over the face to hide a person's appearance.								
2414	massage:to			to massage	massage	ᴍᴀꜱꜱᴀɢᴇ	7			To rub or press a person's body with the hands to help them relax or relieve pain.								
1623	master..of.something	383	MASTER	master (of something)	master	ᴍᴀꜱᴛᴇʀ	7			A person who has complete control, ownership, or authority over someone or something.	主人						master	
2415	master..something:to			to master (something)	master	ᴍᴀꜱᴛᴇʀ	7			To gain complete knowledge or skill in a particular subject or activity through study or practice.								
178	mat	195	MAT	mat	mat	ᴍᴀᴛ	3			A flat piece of material, such as fabric, straw, or plastic, used as a floor covering or to sit upon.	ござ	चटाई		席子	ဖျာ		mat	
2416	match:to			to match	match	ᴍᴀᴛᴄʜ	7			To make two things equal or similar in appearance, quality, or character.								
655	match..stick	1133	MATCH	match (stick)	match	ᴍᴀᴛᴄʜ	5			A small, thin piece of wood or cardboard that is ignited by friction to produce a flame.		माचिस		火柴	ပွဲစဉ်တစ်ခု			
1630	mathematics			mathematics	mathematics	ᴍᴀᴛʜᴇᴍᴀᴛɪᴄꜱ	7			The study of numbers, quantities, shapes, and the logical relationships between them.								
2098	matured:to.be			to be matured	matured	ᴍᴀᴛᴜʀᴇᴅ	7			To reach a stage of full growth or development, such as a fruit being ready to eat or a person becoming an adult.								
1631	maybe			maybe	maybe	ᴍᴀʏʙᴇ	7			A word used to express that something is possible or might happen, but is not certain.								
1391	meal:evening			evening meal	evening.meal	ᴇᴠᴇɴɪɴɢ.ᴍᴇᴀʟ	7			The food eaten at the end of the day, typically in the late afternoon or at night.								
1640	meal:midday			midday meal	midday.meal	ᴍɪᴅᴅᴀʏ.ᴍᴇᴀʟ	7			The food eaten during the middle of the day, typically around noon.								
1657	meal:morning			morning meal	morning.meal	ᴍᴏʀɴɪɴɢ.ᴍᴇᴀʟ	7			The first meal eaten after waking up in the early part of the day.								
1632	meaning			meaning	meaning	ᴍᴇᴀɴɪɴɢ	7			The idea or concept that a word, sign, or symbol represents.								
2417	measure:to	1506	MEASURE	to measure	measure	ᴍᴇᴀꜱᴜʀᴇ	7			To determine the size, length, weight, or amount of an object or substance using a standard unit or tool.	はかる							
179	meat..flesh	634	MEAT	meat (flesh)	meat	ᴍᴇᴀᴛ	3			The flesh of an animal used as food.	肉	मांस		肉	အသား		meat/flesh (edible)	meat/animal
2418	mediate..intercede:to			to mediate (intercede)	mediate	ᴍᴇᴅɪᴀᴛᴇ	7			To act as an intermediary or go-between to settle a dispute or help two parties reach an agreement.								
180	medicine	1372	MEDICINE	medicine	medicine	ᴍᴇᴅɪᴄɪɴᴇ	3			A substance, such as a liquid, powder, or pill, used to treat an illness, cure a disease, or relieve pain.	薬	दवा		药	ဆေးဝါး		medicine	medicine/juice
1633	medium..spiritual			medium (spiritual)	medium	ᴍᴇᴅɪᴜᴍ	7			A person who acts as a bridge or channel between the human world and the spirit world.								
904	meet..someone:to	1831	MEET	to meet (someone)	meet	ᴍᴇᴇᴛ	5			To come into the presence of a person or group of people, often by chance or by arrangement.	会う	मिलना		见面	တွေ့ဖို့			
2419	melt:to	2334	MELT	to melt	melt	ᴍᴇʟᴛ	7			To change from a solid state into a liquid state due to heat.	溶ける						melt (intr)	
1635	member..group			member (group)	member	ᴍᴇᴍʙᴇʀ	7			A person who belongs to a specific group, organization, or collection of people.								
1636	memory			memory	memory	ᴍᴇᴍᴏʀʏ	7			The ability to store and recall information, experiences, or knowledge in the mind.								
905	mend:to	2243	REPAIR	to mend	mend	ᴍᴇɴᴅ	5			To restore something that is broken, torn, or damaged to a functional or whole state.		ठीक करना		修理	ပြုပြင်ရန် သို့မဟုတ် ပြုပြင်ရန်		mend, repair	
1637	menstrual.period			menstrual period	menstrual.period	ᴍᴇɴꜱᴛʀᴜᴀʟ.ᴘᴇʀɪᴏᴅ	7			The monthly discharge of blood from the uterus in a person of reproductive age.								
420	menstruation			menstruation	menstruation	ᴍᴇɴꜱᴛʀᴜᴀᴛɪᴏɴ	4			The monthly shedding of the lining of the uterus in a female, resulting in blood flowing from the body.								
1638	message			message	message	ᴍᴇꜱꜱᴀɢᴇ	7			A piece of information or a communication sent from one person to another.								
1639	messenger			messenger	messenger	ᴍᴇꜱꜱᴇɴɢᴇʀ	7			A person who carries a message or information from one place or person to another.								
656	metal	2244	METAL	metal	metal	ᴍᴇᴛᴀʟ	5			A hard, shiny material that is often used to make tools, containers, or jewelry and can be shaped by heat.		धातु		金属	သတ္တု			
1642	midnight			midnight	midnight	ᴍɪᴅɴɪɢʜᴛ	7			The time when the day changes from one to the next, specifically at twelve o'clock at night.								
657	midway	–	–	midway	midway	ᴍɪᴅᴡᴀʏ	5			The middle point or halfway mark between two locations or two objects.								
1643	midwife			midwife	midwife	ᴍɪᴅᴡɪꜰᴇ	7			A person, typically a woman, who assists a person during childbirth and provides care for the newborn.								
2099	mighty:to.be			to be mighty	mighty	ᴍɪɢʜᴛʏ	7			To possess great physical strength, power, or dominance over others.								
2420	migrate:to			to migrate	migrate	ᴍɪɢʀᴀᴛᴇ	7			To move from one region or country to another, often to settle in a new place for a long period of time.								
181	milk	635	MILK	milk	milk	ᴍɪʟᴋ	3			The white liquid produced by the mammary glands of mammals and used as food.	乳	दूध		牛奶	နို့			vagina or breast/milk
2421	milk:to			to milk	milk	ᴍɪʟᴋ	7			To draw liquid from the udder of a female animal, such as a cow or a goat.								
658	mill	636	MILL	mill	mill	ᴍɪʟʟ	5			A machine or device used to crush, grind, or crush grains, seeds, or other materials into a powder or smaller pieces.		आटा चक्की		磨坊	စပါးကြိတ်			
591	millet:finger	3265	FINGER MILLET	finger millet	finger.millet	ꜰɪɴɢᴇʀ.ᴍɪʟʟᴇᴛ	5		flora	A small, cereal grain used for food that grows on a stalk with several small, finger-like spikes.								
606	millet:foxtail	3266	FOXTAIL MILLET	foxtail millet	foxtail.millet	ꜰᴏxᴛᴀɪʟ.ᴍɪʟʟᴇᴛ	5		flora	A type of small-seeded cereal grain used as a food crop, often characterized by its long, slender seed heads.								
659	millet..general	931	MILLET	millet (general)	millet	ᴍɪʟʟᴇᴛ	5		flora	A small-seeded cereal grain used as a food staple, belonging to a group of grasses that includes varieties like pearl or finger millet.	きび	बाजरा		小米	ပြောင်းဆန်			
1644	millet.spike			millet spike	millet.spike	ᴍɪʟʟᴇᴛ.ꜱᴘɪᴋᴇ	7			The seed-bearing part of a millet plant that grows at the top of the stem.								
1645	million			million	million	ᴍɪʟʟɪᴏɴ	7			The number representing one thousand thousands.								
1541	million:hundred			hundred million	hundred.million	ʜᴜɴᴅʀᴇᴅ.ᴍɪʟʟɪᴏɴ	7			The number consisting of a one followed by eight zeros.								
1980	million:ten			ten million	ten.million	ᴛᴇɴ.ᴍɪʟʟɪᴏɴ	7			The number that follows nine million and comes before eleven million.								
1646	millipede			millipede	millipede	ᴍɪʟʟɪᴘᴇᴅᴇ	7			A many-legged, long-bodied arthropod that crawls on the ground and often curls into a spiral when threatened.								
2422	mimic:to			to mimic	mimic	ᴍɪᴍɪᴄ	7			To copy the movements, sounds, or speech of a person or animal, often for the purpose of imitation or humor.								
1647	mint			mint	mint	ᴍɪɴᴛ	7			An aromatic plant used as a culinary herb or for its refreshing scent.								
1648	mirror	1171	MIRROR	mirror	mirror	ᴍɪʀʀᴏʀ	7			A reflective surface, often made of glass or metal, used to see one's own image.	鏡							
2371	miscarriage:to.have			to have miscarriage	miscarriage	ᴍɪꜱᴄᴀʀʀɪᴀɢᴇ	7			To lose a developing fetus or an unborn baby during pregnancy before it can survive outside the womb.								
2423	miss:to			to miss	miss	ᴍɪꜱꜱ	7			To fail to hit, reach, or catch a target or object.								
2424	miss.out:to			to miss out	miss.out	ᴍɪꜱꜱ.ᴏᴜᴛ	7			To fail to experience or participate in something, such as an opportunity, an event, or a beneficial situation.								
901	mistake:to.make	1293	MISTAKE	to make mistake	make.mistake	ᴍᴀᴋᴇ.ᴍɪꜱᴛᴀᴋᴇ	5			To perform an action incorrectly or to fail to do something as intended.		गलती करना		犯错误	အမှားလုပ်ရန်			
479	mix:to	2017	MIX	to mix	mix	ᴍɪx	4			To combine two or more separate substances or ingredients together so that they become a single mass or a uniform mixture.	混ぜる						mix (v)	
2100	mixed:to.be			to be mixed	mixed	ᴍɪxᴇᴅ	7			To combine two or more different substances or elements together so that they are no longer separate.								
1650	molasses			molasses	molasses	ᴍᴏʟᴀꜱꜱᴇꜱ	7			A thick, dark, and viscous liquid sweetener produced during the refining of sugar.	糖蜜							
1651	mole..animal			mole (animal)	mole	ᴍᴏʟᴇ	7			A small, burrowing mammal with dark fur and strong forepaws used for digging underground.								
1652	mole..on.skin			mole (on skin)	mole	ᴍᴏʟᴇ	7			A small, dark, or pigmented spot on a person's skin.								
1653	monday	1697	MONDAY	monday	monday	ᴍᴏɴᴅᴀʏ	7			The first day of the week, occurring after Sunday and before Tuesday.	月曜日							
660	money	1559	MONEY	money	money	ᴍᴏɴᴇʏ	5			A medium of exchange used to purchase goods or services.	お金	पैसा		钱	ပိုက်ဆံ		money	
1654	mongoose			mongoose	mongoose	ᴍᴏɴɢᴏᴏꜱᴇ	7			A small, carnivorous mammal with a long body and tail, often found in warm climates and known for hunting snakes.								
1655	monk			monk	monk	ᴍᴏɴᴋ	7			A man who has taken religious vows and lives a life of celibacy and devotion, often residing in a monastery or temple.								
643	monkey.:langur	–	–	langur	langur	ʟᴀɴɢᴜʀ	5		fauna	A type of Old World monkey with a long tail, often found in forested areas of South and Southeast Asia.		लंगुर		叶猴	langur			
421	monkey..general	1350	MONKEY	monkey (general)	monkey	ᴍᴏɴᴋᴇʏ	4		fauna	A small or medium-sized primate that often lives in trees and has a long tail.	猿	बंदर		猴子	မျောက်		monkey	monkey
182	month	1370	MONTH	month	month	ᴍᴏɴᴛʜ	3			A period of time that is approximately thirty days long, used as a unit of time in a calendar.	月	माह		月份	လ		month	
2825	month:eighth			eighth month	eighth.month	ᴇɪɢʜᴛʜ.ᴍᴏɴᴛʜ	7			The eighth month of a calendar year.								
2828	month:eleventh			eleventh month	eleventh.month	ᴇʟᴇᴠᴇɴᴛʜ.ᴍᴏɴᴛʜ	7			The eleventh month of a calendar year.								
2822	month:fifth			fifth month	fifth.month	ꜰɪꜰᴛʜ.ᴍᴏɴᴛʜ	7			The fifth month of a calendar year.								
2818	month:first			first month	first.month	ꜰɪʀꜱᴛ.ᴍᴏɴᴛʜ	7			The first month of a year.								
2821	month:fourth			fourth month	fourth.month	ꜰᴏᴜʀᴛʜ.ᴍᴏɴᴛʜ	7			The fourth month of a calendar year.								
2830	month:intercalculary			intercalculary month	intercalculary.month	ɪɴᴛᴇʀᴄᴀʟᴄᴜʟᴀʀʏ.ᴍᴏɴᴛʜ	7			An extra month added to a calendar at regular intervals to keep it in alignment with the solar year.								
2826	month:ninth			ninth month	ninth.month	ɴɪɴᴛʜ.ᴍᴏɴᴛʜ	7			The ninth month of the year in a calendar.								
2819	month:second			second month	second.month	ꜱᴇᴄᴏɴᴅ.ᴍᴏɴᴛʜ	7			The second month of a year in a calendar.								
2824	month:seventh			seventh month	seventh.month	ꜱᴇᴠᴇɴᴛʜ.ᴍᴏɴᴛʜ	7			The seventh month of a calendar year.								
2823	month:sixth			sixth month	sixth.month	ꜱɪxᴛʜ.ᴍᴏɴᴛʜ	7			The sixth month of a calendar year.								
2827	month:tenth			tenth month	tenth.month	ᴛᴇɴᴛʜ.ᴍᴏɴᴛʜ	7			The tenth month of a calendar year.								
2820	month:third			third month	third.month	ᴛʜɪʀᴅ.ᴍᴏɴᴛʜ	7			The third month in a calendar year.								
2829	month:twelft			twelft month	twelft.month	ᴛᴡᴇʟꜰᴛ.ᴍᴏɴᴛʜ	7			The twelfth month of a year.								
13	moon	1313	MOON	moon	moon	ᴍᴏᴏɴ	1			The natural satellite that orbits the Earth and is visible in the night sky.	月	चांद		月亮	လ		moon	moon
413	moon:full	3690	FULL MOON	full moon	full.moon	ꜰᴜʟʟ.ᴍᴏᴏɴ	4			The phase of the lunar cycle when the entire visible surface of the natural satellite is illuminated by the sun.		पूर्णिमा		满月	လပြည့်		full moon	
624	moon:half	–	–	half moon	half.moon	ʜᴀʟꜰ.ᴍᴏᴏɴ	5			A shape of the celestial body that shines in the night sky, appearing as a curved sliver when only part of it is visible.		पृथ्वी		地球	ကမ္ဘာဂြိုဟ်			
426	moon:new	3691	NEW MOON	new moon	new.moon	ɴᴇᴡ.ᴍᴏᴏɴ	4			The phase of the lunar cycle when the moon is not visible in the night sky.		जमीन		地面	မြေပြင်		new moon	
1656	moonlight			moonlight	moonlight	ᴍᴏᴏɴʟɪɢʜᴛ	7			The light that comes from the moon at night.								
422	morning	1339	MORNING	morning	morning	ᴍᴏʀɴɪɴɢ	4			The period of time from sunrise or dawn until midday or noon.	朝	सुबह		早上	မနက်ခင်း		mourning	
662	mortar	224	MORTAR	mortar	mortar	ᴍᴏʀᴛᴀʀ	5			A heavy, hollow container used for crushing or grinding substances such as grain or spices with a pestle.	臼	मोर्टार		研钵	ငရုတ်ဆုံ		mortar (for peppers)	mortar
1658	mortar..for.rice			mortar (for rice)	mortar	ᴍᴏʀᴛᴀʀ	7			A heavy, hollow container used for pounding grain or rice to remove the outer shell.								
1659	mortar..for.spices			mortar (for spices)	mortar	ᴍᴏʀᴛᴀʀ	7			A heavy, hollow bowl used for crushing or grinding substances such as spices or grains into a powder or paste.								
423	morung..dormitory			morung (dormitory)	morung	ᴍᴏʀᴜɴɢ	4			A communal building used by young men for sleeping, social gatherings, and learning traditional customs.								
424	mosquito	1509	MOSQUITO	mosquito	mosquito	ᴍᴏꜱꞯᴜɪᴛᴏ	4		fauna	A small flying insect that sucks blood from humans and animals.	蚊	मच्छर		蚊子	ခြင်		mosquito	
1660	mosquito.net	2795	MOSQUITO NET	mosquito net	mosquito.net	ᴍᴏꜱꞯᴜɪᴛᴏ.ɴᴇᴛ	7			A thin, fabric covering used over a bed to protect a sleeping person from insects.	蚊帳							
663	moth	2828	MOTH	moth	moth	ᴍᴏᴛʜ	5		fauna	An insect with wings that is often active at night and is frequently attracted to artificial light.		तितली		蛾子	ပိုးဖလံ		moth	
14	mother	1216	MOTHER	mother	mother	ᴍᴏᴛʜᴇʀ	1			A female parent.	母	मां		母亲	အမေ		mother	
1661	mother..term.of.address			mother (term of address)	mother	ᴍᴏᴛʜᴇʀ	7			A term used to address one's female parent.								
1662	mother.in.law	1050	MOTHER-IN-LAW	mother in law	mother.in.law	ᴍᴏᴛʜᴇʀ.ɪɴ.ʟᴀᴡ	7			The female parent of one's spouse.	義母						mother-in-law	
1663	motorcycle			motorcycle	motorcycle	ᴍᴏᴛᴏʀᴄʏᴄʟᴇ	7			A motor vehicle with two wheels that is ridden by a person sitting on a seat.								
1664	mould..on.food			mould (on food)	mould	ᴍᴏᴜʟᴅ	7			A fuzzy or colorful growth that appears on food when it has gone bad or spoiled.								
1665	mould..pottery			mould (pottery)	mould	ᴍᴏᴜʟᴅ	7			A hollow container or form used to shape soft material, such as clay, into a specific shape.								
183	mountain	639	MOUNTAIN	mountain	mountain	ᴍᴏᴜɴᴛᴀɪɴ	3			A large natural elevation of the earth's surface that rises significantly above its surroundings.	山	पर्वत		山	တောင်		mountain	mountain
599	mountain:foot.of	2122	MOUNTAIN FOOT	foot of mountain	foot.of.mountain	ꜰᴏᴏᴛ.ᴏꜰ.ᴍᴏᴜɴᴛᴀɪɴ	5			The lowest part of a mountain or hill, where the slope meets the flat ground.		पहाड़ के पैर		山脚	တောင်ခြေရင်း			
548	mountain.:cliff	992	CLIFF	cliff	cliff	ᴄʟɪꜰꜰ	5			A steep, high rock face, often found at the edge of a mountain or near a body of water.	崖	उच्चखंड		悬崖	ချောက်ကမ်းပါး		cliff	
600	mountain.:foothills	–	–	foothills	foothills	ꜰᴏᴏᴛʜɪʟʟꜱ	5			The lower part of a mountain range, where the steep slopes begin to level out into flatter land.		पहाड़ियों के पादुका		丘陵	တောင်ခြေ			
746	mountain.:slope	3297	PRECIPICE OR SLOPE	slope	slope	ꜱʟᴏᴘᴇ	5			An inclined surface that is not level, such as a hill or a mountain side.		ढलान		坡	မြေပြင်၏စောင်း			
664	mountain.peak..summit	2205	PEAK	mountain peak (summit)	mountain.peak	ᴍᴏᴜɴᴛᴀɪɴ.ᴘᴇᴀᴋ	5			The highest point of a large natural elevation of the earth's surface.		पहाड़ की चोटी		山顶	တောင်ထိပ်		summit, highest point	
665	mountain.range	–	–	mountain range	mountain.range	ᴍᴏᴜɴᴛᴀɪɴ.ʀᴀɴɢᴇ	5			A series of connected mountains or hills that form a continuous chain.		पर्वत श्रृंखला		山脉	တောင်တန်း			
666	mountain.ridge	2123	MOUNTAIN RIDGE	mountain ridge	mountain.ridge	ᴍᴏᴜɴᴛᴀɪɴ.ʀɪᴅɢᴇ	5			A long, narrow elevated landform that forms the top part of a mountain range.		पहाड़ की ऊँची ढलान		山脊	တောင်ကြော			
2425	mourn:to			to mourn	mourn	ᴍᴏᴜʀɴ	7			To feel or express deep sadness or grief, especially following the death of a person.								
667	mouse	1491	MOUSE	mouse	mouse	ᴍᴏᴜꜱᴇ	5		fauna	A small rodent with a long tail and a pointed snout.	鼠							
1668	moustache	1165	MOUSTACHE	moustache	moustache	ᴍᴏᴜꜱᴛᴀᴄʜᴇ	7			The hair that grows on a person's upper lip, above the mouth.	口ひげ							
184	mouth	674	MOUTH	mouth	mouth	ᴍᴏᴜᴛʜ	3		body parts	The opening in the face used for eating and speaking.	口	मुंह		嘴巴	ပါးစပ်		mouth	mouth
2426	move..intransitive:to	2874	MOVE (ONESELF)	to move (intransitive)	move	ᴍᴏᴠᴇ	7			To change position or go from one place to another.	動く							
2427	move..something:to	765	MOVE	to move (something)	move	ᴍᴏᴠᴇ	7			To cause an object or a person to change position or location from one place to another.								
2428	move.away:to	229	MOVE AWAY	to move away	move.away	ᴍᴏᴠᴇ.ᴀᴡᴀʏ	7			To depart from a specific place or person, traveling toward a different location.							move away	
2429	move.roughly:to	2220	MOVE QUICKLY	to move roughly	move.roughly	ᴍᴏᴠᴇ.ʀᴏᴜɢʜʟʏ	7			To move with sudden, forceful, or violent motions rather than in a smooth or steady manner.								
2101	moving:to.be			to be moving	moving	ᴍᴏᴠɪɴɢ	7			To be in a state of motion or changing position rather than staying still.								
668	mud	640	MUD	mud	mud	ᴍᴜᴅ	5			A mixture of earth or soil and water that is thick and wet.	泥	कीचड़		泥土	ရွှံ့		mud	
1669	mug			mug	mug	ᴍᴜɢ	7			A large, heavy cup with a handle used for drinking hot liquids.								
2430	mumble:to			to mumble	mumble	ᴍᴜᴍʙʟᴇ	7			To speak in a low, indistinct way that makes it difficult for others to understand the words.								
185	muroid	2139	MUROID (MOUSE OR RAT)	muroid	muroid	ᴍᴜʀᴏɪᴅ	3		fauna	A small rodent with a long tail and pointed snout, such as a mouse or a rat.		जंगली चूहा		啮齿类动物	ကြွက်၊အထွေထွေအသုံးအနှုန်း			rat/rodent
669	muscle	1004	MUSCLE	muscle	muscle	ᴍᴜꜱᴄʟᴇ	5		body parts	The tissue in the body that can contract and expand to produce movement.		मांसपेशी		肌肉	ကြွက်သား		muscle	
1930	mushroom:split.gill			split gill mushroom	split.gill.mushroom	ꜱᴘʟɪᴛ.ɢɪʟʟ.ᴍᴜꜱʜʀᴏᴏᴍ	7			A type of edible fungus characterized by a cap that often cracks or splits as it grows, revealing the underside.								
2787	mushroom:wood.ear			wood ear mushroom	wood.ear.mushroom	ᴡᴏᴏᴅ.ᴇᴀʀ.ᴍᴜꜱʜʀᴏᴏᴍ	7			An edible fungus that is dark, thin, and jelly-like, often found growing on decaying trees and resembling a human ear in shape.								
1670	mushroom..general	641	MUSHROOM	mushroom (general)	mushroom	ᴍᴜꜱʜʀᴏᴏᴍ	7			A fleshy, spore-producing growth that typically grows on the ground or on decaying wood.	きのこ						mushroom	
186	mushroom..ground.type	–	–	mushroom (ground type)	mushroom	ᴍᴜꜱʜʀᴏᴏᴍ	3			A fungus that grows on or above the ground, rather than inside a plant or animal.		भूमधुमक		野菌	ကုန်းနေမှို			mushroom/fungus
187	mushroom..tree.type	–	–	mushroom (tree type)	mushroom	ᴍᴜꜱʜʀᴏᴏᴍ	3			A fleshy, spore-bearing growth that typically grows from decaying wood or soil.		बरगद का छत्ता		树菌	သစ်ပင်မှို			mushroom/fungus
1671	music			music	music	ᴍᴜꜱɪᴄ	7			An arrangement of sounds, such as rhythm or melody, that is often sung or played on instruments for pleasure or artistic expression.								
1672	muslim			muslim	muslim	ᴍᴜꜱʟɪᴍ	7			A person who follows the religion of Islam.	イスラム教徒							
1673	mustard.leaf			mustard leaf	mustard.leaf	ᴍᴜꜱᴛᴀʀᴅ.ʟᴇᴀꜰ	7			A green leaf from a plant used as a vegetable in cooking.								
1674	mustard.plant			mustard plant	mustard.plant	ᴍᴜꜱᴛᴀʀᴅ.ᴘʟᴀɴᴛ	7			A small plant with edible seeds or leaves, often used as a spice or vegetable.								
670	mustard.seed	–	–	mustard seed	mustard.seed	ᴍᴜꜱᴛᴀʀᴅ.ꜱᴇᴇᴅ	5	CONCEPTICON refers to the sauce, not the seed or plant	flora	A small, round, dark or yellowish seed from a plant used for seasoning or making oil.	辛子	सरसों		芥末	မုန်ညင်း			
2102	mute:to.be			to be mute	mute	ᴍᴜᴛᴇ	7			To be unable to speak or to be unable to produce sounds with the voice.	唖							
555	myna:crested	2346	CRESTED MYNA	crested myna	crested.myna	ᴄʀᴇꜱᴛᴇᴅ.ᴍʏɴᴀ	5		fauna	A medium-sized black bird with a small crest on its head and a yellow patch of skin around its eyes.								
671	myna..common	–	–	myna (common)	myna	ᴍʏɴᴀ	5	missing from CONCEPTICON	fauna	A small, social bird with dark plumage and a strong voice, often found near human settlements.		मैना		八哥	myna ငှက်			
1675	myrica.esculent..box.myrtle:::			Myrica esculent (box myrtle)	box.myrtle	ʙᴏx.ᴍʏʀᴛʟᴇ	7			A shrub or small tree with small, leathery leaves and edible berries, often found in temperate or montane regions.								
672	nail	502	NAIL (TOOL)	nail	nail	ɴᴀɪʟ	5			A small, thin piece of metal used to fasten wood or other materials together by being driven in with a hammer.	釘	नाखून		指甲	လက်သည်း			nail/claw
2431	nail:to	3306	NAIL	to nail	nail	ɴᴀɪʟ	7			To drive a thin, pointed metal spike into a piece of wood or another hard material.								
249	naked:to.be	590	NAKED	to be naked	naked	ɴᴀᴋᴇᴅ	3			To have no clothing or covering on the body.	はだか	नंगा होना		裸露	အဝတ်အချည်းစည်းဖြစ်			
188	name	1405	NAME	name	name	ɴᴀᴍᴇ	3			A word or set of words used to identify a person, place, or thing.	名前	नाम		名字	နာမည်		name	name
2432	name:to			to name	name	ɴᴀᴍᴇ	7			To give a specific word or title to a person, animal, place, or object to identify it.								
453	narrow:to.be	1267	NARROW	to be narrow	narrow	ɴᴀʀʀᴏᴡ	4			To have a small distance between two sides or edges, such as a path or a container.	狭い	संकुचित होना		狭窄	ကျဉ်းမြောင်းသည်။		to be narrow	
1677	natural.world..nature			natural world (nature)	natural.world	ɴᴀᴛᴜʀᴀʟ.ᴡᴏʀʟᴅ	7			The entire physical universe, including all living things, plants, animals, mountains, rivers, and the sky, excluding human-made objects.								
2103	naughty:to.be			to be naughty	naughty	ɴᴀᴜɢʜᴛʏ	7			To behave in a disobedient, mischievous, or poorly behaved manner, especially used to describe a child.								
189	navel	1838	NAVEL	navel	navel	ɴᴀᴠᴇʟ	3		body parts	The indentation or mark on a person's abdomen where the umbilical cord was attached at birth.	へそ	नाभि		肚脐	လည်ပင်း		navel	navel
250	near:to.be	1942	NEAR	to be near	near	ɴᴇᴀʀ	3			To be at a short distance from a person, place, or object.	横，側, 近い	पास होना		接近	နီးဖို့၊		to be near (village very near)	near
2104	necessary:to.be			to be necessary	necessary	ɴᴇᴄᴇꜱꜱᴀʀʏ	7			To be required or needed for a specific purpose or result.								
190	neck	1333	NECK	neck	neck	ɴᴇᴄᴋ	3		body parts	The part of the body that connects the head to the rest of the torso.	首	गला	ঘাল	脖子	လည်ပင်း		neck	neck
1678	neck::tie			necktie	necktie	ɴᴇᴄᴋᴛɪᴇ	7			A long piece of cloth worn around the neck and tied in a knot at the front, typically worn with a shirt and suit.								
673	neck:nape.of	1347	NAPE (OF NECK)	nape of neck	nape.of.neck	ɴᴀᴘᴇ.ᴏꜰ.ɴᴇᴄᴋ	5		body parts	The back part of the neck, located between the base of the skull and the top of the shoulders.		गरदन की नाप	ঘাল নাক	颈项	လည်ပင်း၏လည်ကုပ်			
674	neck..thyroid.area	–	–	neck (thyroid area)	neck	ɴᴇᴄᴋ	5		body parts	The front part of the body between the chin and the collarbone, specifically the area containing the windpipe and the thyroid gland.		थाइरॉइड क्षेत्र	ঘাল থাই্ৰইড এলাকা	甲状腺	လည်ပင်းသိုင်းရွိုက်ဧရိယာ			
425	necklace	1961	NECKLACE	necklace	necklace	ɴᴇᴄᴋʟᴀᴄᴇ	4			An ornament worn around the neck.		हार		项链	လည်ဆွဲ		necklace	
2433	need..require:to			to need (require)	need	ɴᴇᴇᴅ	7			To require something because it is necessary or essential for a purpose or survival.								
191	needle	1382	NEEDLE (FOR SEWING)	needle	needle	ɴᴇᴇᴅʟᴇ	3			A thin, pointed tool made of metal or bone used for sewing or stitching fabric.	針	सुई		针	အပ်			needle
2723	negator:verbal...neg			verbal negator	neg	ɴᴇɢ	7			A word used before or after a verb to indicate that an action or state is not happening or is not true.								
675	neighbour	1332	NEIGHBOUR	neighbour	neighbour	ɴᴇɪɢʜʙᴏᴜʀ	5			A person who lives near or next to another person or a specific house.		पड़ोसी		邻居	အိမ်နီးချင်း		neighbour	
1679	nephew	1063	NEPHEW	nephew	nephew	ɴᴇᴘʜᴇᴡ	7			A male child of one's brother or sister.	甥						nephew	
2105	nervous:to.be			to be nervous	nervous	ɴᴇʀᴠᴏᴜꜱ	7			To feel anxious, worried, or uneasy about a future event or an uncertain situation.								
365	nest:bird	3549	BIRD NEST	bird nest	bird.nest	ʙɪʀᴅ.ɴᴇꜱᴛ	4			The structure built by a bird to hold and protect its eggs and young offspring.	巣							
134	net:fishing	2963	NET	fishing net	fishing.net	ꜰɪꜱʜɪɴɢ.ɴᴇᴛ	3			A tool made of interlaced string or cord used for catching fish.	網	जाल		网	အသားတင်			
1946	nettle:stinging			stinging nettle	stinging.nettle	ꜱᴛɪɴɢɪɴɢ.ɴᴇᴛᴛʟᴇ	7			A plant with small leaves that causes a painful, stinging sensation on the skin when touched.								
1680	never			never	never	ɴᴇᴠᴇʀ	7			An adverb used to indicate that an event or action has not happened at any time in the past, does not happen in the present, and will not happen in the future.								
251	new:to.be	1231	NEW	to be new	new	ɴᴇᴡ	3			To exist in a state of not being old, used, or previously existing.	新しい	नया होना		新	အသစ်ဖြစ်ရန်		to be new (things)	new
1682	news..new.information			news (new information)	news	ɴᴇᴡꜱ	7			The new information or recent events that are reported or told to people.								
1683	nibling			nibling	nibling	ɴɪʙʟɪɴɢ	7			The child of one's brother or sister.								
1684	niece	1642	NIECE	niece	niece	ɴɪᴇᴄᴇ	7			A daughter of one's brother or sister.	姪						niece	
192	night.time	1233	NIGHT	night time	night.time	ɴɪɢʜᴛ.ᴛɪᴍᴇ	3			The period of darkness between sunset and sunrise.	夜	रात का समय		晚上	ညအချိန်		night	night
1685	nipple	796	NIPPLE	nipple	nipple	ɴɪᴘᴘʟᴇ	7			The small, raised part on the front of a breast used for feeding an infant.	乳首							
1686	no			no	no	ɴᴏ	7			A word used to express a negative response, disagreement, or refusal.								
1687	nobody			nobody	nobody	ɴᴏʙᴏᴅʏ	7			A person who does not exist or is not present.								
2434	nod:to			to nod	nod	ɴᴏᴅ	7			To move the head up and down, often to express agreement, affirmation, or recognition.								
1688	noise..sound	1811	SOUND OR NOISE	noise (sound)	noise	ɴᴏɪꜱᴇ	7			A loud, unpleasant, or disruptive sound that is not music or speech.	音							
817	noisy..boisterous:to.be	3883	NOISY	to be noisy (boisterous)	noisy	ɴᴏɪꜱʏ	5			To make a lot of loud, energetic, or rowdy sounds.	うるさい	शोर मचाना		吵	ဆူညံနေပါစေ။			
1689	none			none	none	ɴᴏɴᴇ	7			The state of being nothing or having no quantity, amount, or existence.	全然							
193	noon..midday	12	MIDDAY	noon (midday)	noon	ɴᴏᴏɴ	3			The time of day when the sun is at its highest point in the sky.	正午	दोपहर		中午	နေ့လယ်၊ နေ့လယ်			
678	north	1598	NORTH	north	north	ɴᴏʀᴛʜ	5			The direction that points towards the North Pole.	北	उत्तर		北方	မြောက်ဘက်			
60	nose	1221	NOSE	nose	nose	ɴᴏꜱᴇ	2		body parts	The part of the face located above the mouth and below the eyes that is used for breathing and smelling.	鼻	नाक		鼻子	နှာခေါင်း		nose	nose
2191	nose:to.block			to block nose	block.nose	ʙʟᴏᴄᴋ.ɴᴏꜱᴇ	7			To close or obstruct the nostrils, often with a finger or a cloth, so that air cannot enter or exit.								
2234	nose:to.clean			to clean nose	clean.nose	ᴄʟᴇᴀɴ.ɴᴏꜱᴇ	7			To remove mucus or dirt from the inside of the nostrils, often using a finger or a cloth.								
679	nostril	1178	NOSTRIL	nostril	nostril	ɴᴏꜱᴛʀɪʟ	5		body parts	One of the two openings on the nose used for breathing and smelling.	鼻の穴	नाक का छेद		鼻孔	နှာခေါင်းပေါက်			
1691	nothing			nothing	nothing	ɴᴏᴛʜɪɴɢ	7			The concept of no thing or no object. It refers to a total absence of anything.								
2435	notice..somethign:to			to notice (somethign)	notice	ɴᴏᴛɪᴄᴇ	7			To become aware of something through the senses, such as seeing, hearing, or feeling it.								
1692	novice.monk			novice monk	novice.monk	ɴᴏᴠɪᴄᴇ.ᴍᴏɴᴋ	7			A male person who has begun training in a religious order but has not yet completed all the requirements to become a full member.								
1693	now	1376	NOW	now	now	ɴᴏᴡ	7			The present moment or the time that is happening right at this instant.	今						now	
1694	nun			nun	nun	ɴᴜɴ	7			A woman who has taken religious vows and lives in a community, often in a convent or monastery.								
2436	nurse..baby:to			to nurse (baby)	nurse	ɴᴜʀꜱᴇ	7			To suckle a young infant from a mother's breast.								
1696	oar	3137	OAR	oar	oar	ᴏᴀʀ	7			A long, flat implement used as a lever to propel or steer a boat through water.	櫂							
1697	oath			oath	oath	ᴏᴀᴛʜ	7			A solemn promise or a formal vow, often made before a deity or a higher authority, to tell the truth or to perform a specific action.								
1698	oats			oats	oats	ᴏᴀᴛꜱ	7			A cereal grain from a specific grass used for food, often eaten as a porridge or grain.								
2106	obedient:to.be			to be obedient	obedient	ᴏʙᴇᴅɪᴇɴᴛ	7			To follow instructions, obey rules, or do what a person in authority tells you to do.								
2437	obey:to			to obey	obey	ᴏʙᴇʏ	7			To follow a command, a rule, or the will of an authority figure.								
1699	obligation			obligation	obligation	ᴏʙʟɪɢᴀᴛɪᴏɴ	7			A duty or a requirement that a person must perform because of a law, a rule, or a social custom.								
1700	obstruction			obstruction	obstruction	ᴏʙꜱᴛʀᴜᴄᴛɪᴏɴ	7			An object or barrier that blocks a passage, a path, or a movement.								
2438	obtain:to	694	GET	to obtain	obtain	ᴏʙᴛᴀɪɴ	7			To come into possession of something through effort, luck, or an exchange.	手に入れる						get, obtain	
906	occur..happen:to	248	HAPPEN	to occur (happen)	occur	ᴏᴄᴄᴜʀ	5			To take place or come into existence as an event or an incident.		होना		发生	ဖြစ်ပေါ်လာရန်၊			
1701	odour			odour	odour	ᴏᴅᴏᴜʀ	7			A smell or scent that is perceived through the nose.								
1702	off.season			off season	off.season	ᴏꜰꜰ.ꜱᴇᴀꜱᴏɴ	7			A period of time when a regular activity, sport, or business operation is not currently taking place.								
907	offer..something:to	–	–	to offer (something)	offer	ᴏꜰꜰᴇʀ	5			To present something to someone so that they may take it or accept it.		पेश करना		提供	ပူဇော်ရန်			
1703	office			office	office	ᴏꜰꜰɪᴄᴇ	7			A place of work, such as a room or building, where people perform professional tasks, handle administration, or conduct business.								
1704	often	1852	OFTEN	often	often	ᴏꜰᴛᴇɴ	7			An adverb describing an action that happens frequently or many times.	たびたび						soften	
1705	ogre			ogre	ogre	ᴏɢʀᴇ	7			A large, man-eating monster or giant that often lives in a forest or cave.								
194	oil..substance	2556	OIL (HYDROPHOBIC LIQUID)	oil (substance)	oil	ᴏɪʟ	3			A greasy, viscous liquid used for cooking, fuel, or lubrication that does not mix with water.	油	तेल		油	ချက်ပြုတ်ရန်အတွက် ဆီ သို့မဟုတ် ဆီ		oil	
2107	oily..greasy:to.be			to be oily (greasy)	oily	ᴏɪʟʏ	7			To have a surface or a substance covered in a thick, slippery liquid like oil or fat.								
2108	oily..of.food:to.be			to be oily (of food)	oily	ᴏɪʟʏ	7			To have a large amount of fat or liquid oil, especially when describing a dish or a piece of cooked food.								
1706	okra	1737	OKRA	okra	okra	ᴏᴋʀᴀ	7			A green, elongated vegetable with a fuzzy skin and small edible seeds inside, often used in cooking.	おくら						okra	
252	old..of.people:to.be	2112	OLD (AGED)	to be old (of people)	old	ᴏʟᴅ	3	Both CONCEPTICON forms refer to people, not things.		To have lived for a long time or to be in the later stages of a human life.	年とった	पुराना होना		老	အသက်ကြီးရန်			old
818	old..of.things:to.be	2113	OLD (USED)	to be old (of things)	old	ᴏʟᴅ	5			To have existed for a long time or to be from a past era. This refers to inanimate objects rather than living beings.	古い						to be old (things)	
1707	olden.times			olden times	olden.times	ᴏʟᴅᴇɴ.ᴛɪᴍᴇꜱ	7			A period of time in the distant past, often referring to a time long ago that is different from the present.								
1709	omen			omen	omen	ᴏᴍᴇɴ	7			An event or sign that is believed to predict the future, often indicating whether it will be good or bad.								
1710	once			once	once	ᴏɴᴄᴇ	7			A single time or one single occurrence of an event.								
683	onion	2366	ONION	onion	onion	ᴏɴɪᴏɴ	5		flora	A bulbous vegetable with several layers of fleshy skin that is often used in cooking for its strong flavor.	たまねぎ	प्याज		洋葱	ကြက်သွန်နီ		onion	
1711	onion..red			onion (red)	onion	ᴏɴɪᴏɴ	7			A bulbous vegetable with a strong smell and many layers, typically having a purple or reddish outer skin.	赤たまねぎ							
1712	onion..sweet			onion (sweet)	onion	ᴏɴɪᴏɴ	7			A bulbous vegetable with many layers that is often used in cooking and has a mild, sweet flavor when raw or cooked.								
1713	only			only	only	ᴏɴʟʏ	7			A single thing or person, without any others. Use this for a situation where nothing else is included or allowed.								
908	open..tr:to	1156	OPEN	to open (tr)	open	ᴏᴘᴇɴ	5			To move a door, a lid, or a container so that it is no longer closed or shut.	開ける	खोलना		打开	ဖွင့်လှစ်ရန်		open (tr)	
2439	open.curtains:to			to open curtains	open.curtains	ᴏᴘᴇɴ.ᴄᴜʀᴛᴀɪɴꜱ	7			To move a piece of fabric aside from a window or door to allow light or a view to enter.								
1714	opinion			opinion	opinion	ᴏᴘɪɴɪᴏɴ	7			A belief, judgment, or view held by a person about something or someone, which may or may not be based on fact.								
1715	opium			opium	opium	ᴏᴘɪᴜᴍ	7			A dried substance obtained from the milky juice of certain poppy flowers, often used as a drug.								
1716	opportunity			opportunity	opportunity	ᴏᴘᴘᴏʀᴛᴜɴɪᴛʏ	7			A favorable or advantageous situation that makes it possible to do something.								
1717	orange..fruit	2627	ORANGE (FRUIT)	orange (fruit)	orange	ᴏʀᴀɴɢᴇ	7			A round, citrus fruit with a thick, bright-colored rind and juicy, segmented flesh.	ミカン						orange	
684	orchid	–	–	orchid	orchid	ᴏʀᴄʜɪᴅ	5		flora	A type of flowering plant that often grows on trees or rocks and has a very distinct, often colorful, shape.		ऑर्किड		兰花	သစ်ခွ			
2440	order:to			to order	order	ᴏʀᴅᴇʀ	7			To give a command or a direction to someone, telling them what they must do.								
1718	organisation..committee			organisation (committee)	organisation	ᴏʀɢᴀɴɪꜱᴀᴛɪᴏɴ	7			A group of people who meet regularly to make decisions, manage affairs, or achieve a specific goal.								
2441	organise:to			to organise	organise	ᴏʀɢᴀɴɪꜱᴇ	7			To arrange things in a systematic or orderly way.								
685	origin	–	–	origin	origin	ᴏʀɪɢɪɴ	5			The place, person, or event where something begins or is created.		उत्पत्ति		起源	မူလ			
1719	ornaments			ornaments	ornaments	ᴏʀɴᴀᴍᴇɴᴛꜱ	7			The decorative items worn on the body, such as jewelry, to enhance appearance.								
1720	orphan	1149	ORPHAN	orphan	orphan	ᴏʀᴘʜᴀɴ	7			A child whose parents are both dead.	孤児						orphan	
1721	other.people			other people	other.people	ᴏᴛʜᴇʀ.ᴘᴇᴏᴘʟᴇ	7			The people who are not the speaker or the person being spoken to.								
1722	other.things			other things	other.things	ᴏᴛʜᴇʀ.ᴛʜɪɴɢꜱ	7			The remaining items or objects that are not the ones currently being discussed or focused on.								
195	otter	15	OTTER	otter	otter	ᴏᴛᴛᴇʀ	3		fauna	A semiaquatic mammal with thick fur and a long, powerful tail that lives near water.	カワウソ	ऊद		水獭	ဖျံ		otter	otter
686	outside	762	OUTSIDE	outside	outside	ᴏᴜᴛꜱɪᴅᴇ	5			The part or area that is external to a specific object, building, or enclosed space.		बाहर		外面	အပြင်မှာ		outside	
687	outsider..foreigner	–	–	outsider (foreigner)	outsider	ᴏᴜᴛꜱɪᴅᴇʀ	5			A person who is not a member of a specific group, community, or country.		पराया		局外人	အပြင်လူ			
2442	overact:to			to overact	overact	ᴏᴠᴇʀᴀᴄᴛ	7			To perform a role in a play or a movie in a way that is too dramatic, exaggerated, or unnatural.								
2443	overflow:to			to overflow	overflow	ᴏᴠᴇʀꜰʟᴏᴡ	7			To flow over the edge or rim of a container or a riverbank because there is too much liquid inside.								
196	overmorrow	1179	DAY AFTER TOMORROW	overmorrow	overmorrow	ᴏᴠᴇʀᴍᴏʀʀᴏᴡ	3			The day that comes after tomorrow.	あさって	परसों		后天	မနက်ဖြန်			
1724	overtake..pass			overtake (pass)	overtake	ᴏᴠᴇʀᴛᴀᴋᴇ	7			To move past a person or a vehicle that is traveling in the same direction.								
197	owl	735	OWL	owl	owl	ᴏᴡʟ	3		fauna	A nocturnal bird of prey with large eyes and a flat face.		उल्लू		猫头鹰	ဇီးကွက်		owl	
1725	owner..of.something			owner (of something)	owner	ᴏᴡɴᴇʀ	7			A person who possesses or has legal right to a thing or property.								
688	ox	1169	OX	ox	ox	ᴏx	5		fauna	A large, strong bovine animal used as a draft animal for pulling heavy loads or a plow.		बैल		牛	နွား			
2444	pace:to			to pace	pace	ᴘᴀᴄᴇ	7			To walk back and forth repeatedly in a specific area, often due to nervousness or waiting.								
909	pack..things:to	3656	PACK	to pack (things)	pack	ᴘᴀᴄᴋ	5			To place various items into a container, such as a bag, box, or basket, to prepare them for storage or travel.		जुड़वाँ जानवरों का झुंड		兽群	တိရစ္ဆာန်များထုပ်ပိုး		pack (v)	
1727	package			package	package	ᴘᴀᴄᴋᴀɢᴇ	7			An object that has been wrapped or contained in paper, plastic, or a box for transport or sale.								
1728	paddle			paddle	paddle	ᴘᴀᴅᴅʟᴇ	7			A flat, narrow implement used to move a small boat through water by hand.								
2445	paddle:to			to paddle	paddle	ᴘᴀᴅᴅʟᴇ	7			To move a small, flat tool through water to propel a boat or vessel.								
1731	paddyfield.planting.time			paddyfield planting time	paddyfield.planting.time	ᴘᴀᴅᴅʏꜰɪᴇʟᴅ.ᴘʟᴀɴᴛɪɴɢ.ᴛɪᴍᴇ	7			The period or specific season when young rice plants are moved from a nursery into a flooded field.								
2328	pain:to.feel	1783	PAIN	to feel pain	feel.pain	ꜰᴇᴇʟ.ᴘᴀɪɴ	7			To experience a distressing physical or emotional sensation caused by injury, illness, or harm.	痛い							
1732	paint	647	PAINT (PIGMENTS)	paint	paint	ᴘᴀɪɴᴛ	7			A colored liquid or paste used for decorating or coloring surfaces.	塗る						paint (n)	
2446	paint:to	3122	PAINT (SOMETHING)	to paint	paint	ᴘᴀɪɴᴛ	7			To apply a colored liquid or pigment to a surface to decorate it or change its color.								
1733	painter			painter	painter	ᴘᴀɪɴᴛᴇʀ	7			A person who applies pigment or color to a surface, such as a wall, canvas, or wood, to create a picture or decoration.								
689	palm.tree	1181	PALM TREE	palm tree	palm.tree	ᴘᴀʟᴍ.ᴛʀᴇᴇ	5		flora	A large tree with a single, unbranched trunk and long, fan-shaped or feather-like leaves at the top.							oil palm	palm
1300	pan:cooking	31	PAN	cooking pan	cooking.pan	ᴄᴏᴏᴋɪɴɢ.ᴘᴀɴ	7			A flat or shallow metal container used for frying or cooking food over a heat source.	鍋							
1734	pancreas			pancreas	pancreas	ᴘᴀɴᴄʀᴇᴀꜱ	7			An organ located behind the stomach that produces digestive juices and regulates blood sugar.								
200	pangolin	2508	PANGOLIN	pangolin	pangolin	ᴘᴀɴɢᴏʟɪɴ	3		fauna	A scaly, nocturnal mammal that eats ants and termites and rolls into a ball for protection.		टिकटिकी		穿山甲	သင်းခွေချပ်		pangolin	
2447	pant:to			to pant	pant	ᴘᴀɴᴛ	7			To breathe with short, quick, gasping breaths, often because of physical exertion or heat.								
1735	papaya	2445	PAPAYA	papaya	papaya	ᴘᴀᴘᴀʏᴀ	7		flora	A large, tropical fruit with a thick skin and soft, sweet flesh that contains many small, black seeds.	パパイヤ	पपीता		木瓜	သင်္ဘောသီး		papaya	
1736	paper	648	PAPER	paper	paper	ᴘᴀᴘᴇʀ	7			A thin, flat material made from wood pulp or fibers used for writing, printing, or wrapping.	紙							
690	parents..general	505	PARENTS	parents (general)	parents	ᴘᴀʀᴇɴᴛꜱ	5		kinship	The male and female individuals who have produced or raised a person.	父母	माता-पिता		父母	မိဘ			
1737	parrot	882	PARROT	parrot	parrot	ᴘᴀʀʀᴏᴛ	7		fauna	A bird with a curved, strong beak and bright, often colorful plumage that is capable of mimicking human speech.		तोता		鹦鹉	ကြက်တူရွေး		parrot	
1156	particle:augmentative			augmentative particle	augmentative.particle	ᴀᴜɢᴍᴇɴᴛᴀᴛɪᴠᴇ.ᴘᴀʀᴛɪᴄʟᴇ	7			A word or particle used to express that a person, object, or quality is larger, more intense, or more significant than usual.								
1344	particle:diminutive			diminutive particle	diminutive.particle	ᴅɪᴍɪɴᴜᴛɪᴠᴇ.ᴘᴀʀᴛɪᴄʟᴇ	7			A word used before or after a noun to indicate that the object or person is small, dear, or insignificant.								
1738	party..celebration			party (celebration)	party	ᴘᴀʀᴛʏ	7			A social gathering of people for the purpose of celebrating a special occasion or having fun together.								
1739	party..electoral			party (electoral)	party	ᴘᴀʀᴛʏ	7			An organized group of people who share similar political goals and work together to win elections and control a government.								
2448	pass..hand.over:to			to pass (hand over)	pass	ᴘᴀꜱꜱ	7			To give or hand an object to another person.								
2449	pass.exam:to			to pass exam	pass.exam	ᴘᴀꜱꜱ.ᴇxᴀᴍ	7			To succeed in a formal test or assessment, such as a school or professional examination, and receive a passing grade.								
2450	pass.time:to			to pass time	pass.time	ᴘᴀꜱꜱ.ᴛɪᴍᴇ	7			To occupy oneself with an activity to make the duration of a period feel shorter or to avoid boredom.								
1740	passenger			passenger	passenger	ᴘᴀꜱꜱᴇɴɢᴇʀ	7			A person who travels in a vehicle, such as a car, bus, or boat, but is not the person operating or driving it.								
1741	passion.fruit			passion fruit	passion.fruit	ᴘᴀꜱꜱɪᴏɴ.ꜰʀᴜɪᴛ	7			A tropical fruit with a hard rind and a fleshy, pulpy interior containing many small, edible seeds.								
2451	paste:to			to paste	paste	ᴘᴀꜱᴛᴇ	7			To attach one thing to another surface using a sticky substance.								
1742	paste..substance			paste (substance)	paste	ᴘᴀꜱᴛᴇ	7			A thick, soft, and sticky substance used for sticking things together or as a food ingredient.								
742	path:side.of	–	–	side of path	side.of.path	ꜱɪᴅᴇ.ᴏꜰ.ᴘᴀᴛʜ	5			The area or ground immediately next to a trail or road.		सड़क का किनारा		路旁	လမ်းတစ်ဘက်			
201	path..road	2252	PATH	path (road)	path	ᴘᴀᴛʜ	3			A track or narrow way made for walking or traveling, often through a forest or field, that is smaller than a major road.	道	सड़क		道路 / 路径	လမ်း သို့မဟုတ် လမ်း			road
2109	patient:to.be			to be patient	patient	ᴘᴀᴛɪᴇɴᴛ	7			To be able to wait for a long time or endure difficult situations without becoming angry or upset.								
910	pay:to	718	PAY	to pay	pay	ᴘᴀʏ	5			To give money to someone in exchange for goods, services, or a debt.		भुगतान करना		付钱	ပေးရန်			
1749	payment..transaction			payment (transaction)	payment	ᴘᴀʏᴍᴇɴᴛ	7			The act of giving money or something of value to someone in exchange for a good or a service.								
1750	peace			peace	peace	ᴘᴇᴀᴄᴇ	7			A state of quiet, calm, or the absence of war and conflict.								
691	peacock	3382	PEACOCK	peacock	peacock	ᴘᴇᴀᴄᴏᴄᴋ	5		fauna	A large, colorful bird with a long tail of feathers that can be spread out into a fan shape.	孔雀	मोर		孔雀	ဒေါင်း			
1751	peanut	2364	PEANUT	peanut	peanut	ᴘᴇᴀɴᴜᴛ	7			A small, edible seed or legume that grows underground in a pod.								
2453	peck.at:to			to peck at	peck.at	ᴘᴇᴄᴋ.ᴀᴛ	7			To strike or pick at something repeatedly with a pointed mouth or beak.								
480	peel:to	275	PEEL	to peel	peel	ᴘᴇᴇʟ	4			To remove the outer skin or rind from a fruit, a vegetable, or a nut.	剥く	छिलना		剥皮	အခွံချွတ်ရန်		peel (v)	
2454	peel..bark:to			to peel (bark)	peel	ᴘᴇᴇʟ	7			To remove the outer layer or skin from a tree or a piece of wood.								
2455	peel..fruit:to			to peel (fruit)	peel	ᴘᴇᴇʟ	7			To remove the outer skin or rind from a fruit using the hands, a knife, or another tool.								
1551	pen:ink	794	PEN	ink pen	ink.pen	ɪɴᴋ.ᴘᴇɴ	7			A tool used for writing that contains a reservoir of liquid ink and applies it to a surface.	ペン							
1752	pencil	2578	PENCIL	pencil	pencil	ᴘᴇɴᴄɪʟ	7			A writing tool consisting of a thin stick of graphite or lead enclosed in a wooden cylinder.	鉛筆							
692	penis	1222	PENIS	penis	penis	ᴘᴇɴɪꜱ	5		body parts	The male reproductive organ located on the human body.	男性器	लिंग		阴茎	လိင်တံ			penis
693	people	789	PEOPLE	people	people	ᴘᴇᴏᴘʟᴇ	5			The human beings that belong to a specific group, community, or population.		लोग		人们	လူတွေ			
1753	pepper..black	1385	PEPPER	pepper (black)	pepper	ᴘᴇᴘᴘᴇʀ	7			The small, hard, dark-colored spice used to add heat and flavor to food.								
1754	pepper..sichuan			pepper (sichuan)	pepper	ᴘᴇᴘᴘᴇʀ	7			A small, dried fruit or seed used as a spice that produces a strong, numbing or tingling sensation on the tongue.								
310	perch:to	3682	PERCH (OF BIRD)	to perch	perch	ᴘᴇʀᴄʜ	3			To rest or settle on a thin branch, wire, or narrow object, especially a bird.		उड़ना		栖息	perch ရန်			
1755	perhaps			perhaps	perhaps	ᴘᴇʀʜᴀᴘꜱ	7			A word used to express that something is possible but not certain.								
1756	perilla			perilla	perilla	ᴘᴇʀɪʟʟᴀ	7			A plant with serrated leaves used as a culinary herb or spice, often found in East Asian cuisine.								
1757	perimiter	–	–	perimiter	perimiter	ᴘᴇʀɪᴍɪᴛᴇʀ	7			The total length of the boundary or the outer edge of a shape or an area.	周囲							
2456	permit:to			to permit	permit	ᴘᴇʀᴍɪᴛ	7			To allow something to happen or to give someone the right or authority to do something.								
1758	permit..license			permit (license)	permit	ᴘᴇʀᴍɪᴛ	7			A formal document or piece of paper that gives a person official legal authority or permission to do something.								
1561	person:kind			kind person	kind.person	ᴋɪɴᴅ.ᴘᴇʀꜱᴏɴ	7			A person who is helpful, caring, and shows sympathy or generosity toward others.								
681	person:old	725	OLD PERSON	old person	old.person	ᴏʟᴅ.ᴘᴇʀꜱᴏɴ	5			A person who has lived for many years and is in the later stages of their life.		बूढ़ा		年老	လူဟောင်း၊		old person	
15	person..human.being	683	PERSON	person (human being)	person	ᴘᴇʀꜱᴏɴ	1			A human being.	人間	व्यक्ति		人	လူ		person	person/human being
1759	person.with.dwarfism			person with dwarfism	person.with.dwarfism	ᴘᴇʀꜱᴏɴ.ᴡɪᴛʜ.ᴅᴡᴀʀꜰɪꜱᴍ	7			A human being who is significantly shorter than average due to a medical condition.								
2110	personal:to.be			to be personal	personal	ᴘᴇʀꜱᴏɴᴀʟ	7			To relate to a specific individual rather than to a group or a general matter.								
2457	persuade:to			to persuade	persuade	ᴘᴇʀꜱᴜᴀᴅᴇ	7			To induce someone to believe something or to take a specific action through reasoning or argument.								
694	pestle	225	PESTLE	pestle	pestle	ᴘᴇꜱᴛʟᴇ	5			A heavy, club-shaped tool used for crushing or grinding substances in a bowl or mortar.	杵	मुसल		杵	ကျည်ပွေ့		pestle (for peppers)	
695	pheasant	3060	PHEASANT	pheasant	pheasant	ᴘʜᴇᴀꜱᴀɴᴛ	5		fauna	A large, colorful bird belonging to the Phasianidae family, often found on the ground and known for its long tail.		मूर्ग़		雉鸡	ရစ်ငှက်			
1760	phlegm			phlegm	phlegm	ᴘʜʟᴇɢᴍ	7			The thick, viscous fluid produced by the respiratory system, often coughed up from the throat or lungs.	痰							
2458	pick..nose:to			to pick (nose)	pick	ᴘɪᴄᴋ	7			To use a finger to remove secretions or crust from the inside of the nostril.								
911	pick..of.fruit:to	2148	PICK	to pick (of fruit)	pick	ᴘɪᴄᴋ	5			To remove a piece of fruit from a tree or a plant by hand or with a tool.		छुटकारा ढूंढ़ना		拣东西	တစ်ခုခုကို ရွေးဖို့		pick, pluck (fruit)	
2459	pick.nose:to			to pick nose	pick.nose	ᴘɪᴄᴋ.ɴᴏꜱᴇ	7			To use a finger to remove secretions or dried mucus from inside the nostril.								
2460	pick.up:to	371	PICK UP	to pick up	pick.up	ᴘɪᴄᴋ.ᴜᴘ	7			To lift something from a surface or from the ground using your hands.	拾う						pick up	
2461	pick.up..from.ground:to			to pick up (from ground)	pick.up	ᴘɪᴄᴋ.ᴜᴘ	7			To lift something from the ground or a surface using one's hands.								
2462	pickup.halfway:to			to pickup halfway	pickup.halfway	ᴘɪᴄᴋᴜᴘ.ʜᴀʟꜰᴡᴀʏ	7			To lift or take something up from a surface only partway, without lifting it completely or fully.								
1761	piece..of.something			piece (of something)	piece	ᴘɪᴇᴄᴇ	7			A portion or fragment of a whole that has been separated or broken off.								
2463	pierce..ears:to			to pierce (ears)	pierce	ᴘɪᴇʀᴄᴇ	7			To make a hole in a body part, such as an earlobe, usually for the purpose of wearing jewelry.								
311	pierce..puncture:to	398	PIERCE	to pierce (puncture)	pierce	ᴘɪᴇʀᴄᴇ	3			To make a small hole in something using a sharp, pointed object.	突き刺す	चुभाना		刺穿	ဖောက်ရန် သို့မဟုတ် ထိုးရန်		pierce (ears)	
2464	pierce..with.awl:to			to pierce (with awl)	pierce	ᴘɪᴇʀᴄᴇ	7			To make a small hole in a material, such as leather or cloth, using a pointed tool.								
1166	pig.:barrow			barrow	barrow	ʙᴀʀʀᴏᴡ	7			A large mound of earth or stones raised over a grave or a burial site.								
1203	pig.:boar			boar	boar	ʙᴏᴀʀ	7			A large, wild pig with tusks.								
1478	pig.:gilt			gilt	gilt	ɢɪʟᴛ	7			A young female pig that has not yet given birth to offspring.								
1764	pig.:piglet			piglet	piglet	ᴘɪɢʟᴇᴛ	7			A young, immature offspring of a pig.								
1918	pig.:sow			sow	sow	ꜱᴏᴡ	7			To place seeds or small plants into the ground so that they may grow.								
1762	pig..female			pig (female)	pig	ᴘɪɢ	7			A female swine.								
62	pig..general	1337	PIG	pig (general)	pig	ᴘɪɢ	2		fauna	A large, heavy mammal with a snout used for rooting in the ground.	豚	सूअर		猪	ဝက်		pig	pig
1763	pig..male			pig (male)	pig	ᴘɪɢ	7			An uncastrated adult male swine.								
2465	piggyback:to			to piggyback	piggyback	ᴘɪɢɢʏʙᴀᴄᴋ	7			To carry a person on one's back, with their legs wrapped around the carrier's waist.								
696	pillar	–	–	pillar	pillar	ᴘɪʟʟᴀʀ	5			A strong, vertical post used as a support for a building or structure.		स्तंभ		柱子	မှတ်တိုင်			
697	pillow	1044	PILLOW	pillow	pillow	ᴘɪʟʟᴏᴡ	5			A soft object used to support the head while sleeping or resting.	枕	तकिया		枕头	ခေါင်းအုံး		pillow	
1765	pimple			pimple	pimple	ᴘɪᴍᴘʟᴇ	7			A small, painful or red swelling on the skin, often containing pus.								
2466	pinch:to			to pinch	pinch	ᴘɪɴᴄʜ	7			To squeeze a small piece of skin or flesh between a finger and a thumb.								
1767	pineapple	2440	PINEAPPLE	pineapple	pineapple	ᴘɪɴᴇᴀᴘᴘʟᴇ	7			A tropical fruit with a thick, prickly skin and a crown of green leaves on top. The flesh inside is yellow, sweet, and acidic.	パイナップル						pineapple	
1768	pipe..for.blowing.fire			pipe (for blowing fire)	pipe	ᴘɪᴘᴇ	7			A hollow tube used for inhaling or exhaling smoke or air, such as a tool used for smoking tobacco.								
1769	pistol			pistol	pistol	ᴘɪꜱᴛᴏʟ	7			A small firearm designed to be held and fired with one hand.								
1770	pitch..frequency			pitch (frequency)	pitch	ᴘɪᴛᴄʜ	7			The quality of a sound that indicates how high or low a tone is.								
2467	pity:to			to pity	pity	ᴘɪᴛʏ	7			To feel sorrow or compassion for the suffering, misfortune, or misery of another person.								
1771	pl.marker			pl marker	pl.marker	ᴘʟ.ᴍᴀʀᴋᴇʀ	7			A grammatical element used to indicate that a noun refers to more than one person, object, or entity.								
698	place..area	723	PLACE (POSITION)	place (area)	place	ᴘʟᴀᴄᴇ	5			A specific point, location, or area in space.	場所	जगह		地方	နေရာတစ်ခု			
312	place..put:to	998	PUT	to place (put)	place	ᴘʟᴀᴄᴇ	3			To move an object from one position to another and set it down in a specific location.	置く	रखना		放	တစ်စုံတစ်ခုကို ထားရန်၊		put, place, set	put, place
1772	placenta			placenta	placenta	ᴘʟᴀᴄᴇɴᴛᴀ	7			An organ that develops in the uterus during pregnancy and connects the mother to the developing fetus.								
1773	plain..of.food			plain (of food)	plain	ᴘʟᴀɪɴ	7			A food that has no added spices, salt, or seasonings.								
699	plain..unadorned	–	–	plain (unadorned)	plain	ᴘʟᴀɪɴ	5			A thing that is simple and lacks any decoration, pattern, or extra features.		सादा		朴素	ရိုးရိုး၊ မအလှဆင်			
202	plains..lowlands	652	PLAIN	plains (lowlands)	plains	ᴘʟᴀɪɴꜱ	3			A large area of flat land with very few hills or mountains.	野原，平原	निम्नभूमि		低地	မြေနိမ့်			
1774	plan			plan	plan	ᴘʟᴀɴ	7			A detailed proposal or a set of intended actions for achieving a specific goal.								
2468	plan:to			to plan	plan	ᴘʟᴀɴ	7			To decide on a set of actions or steps to achieve a specific goal in the future.								
700	plank..wood	–	–	plank (wood)	plank	ᴘʟᴀɴᴋ	5			A long, flat, rectangular piece of wood used for building or flooring.		लकड़ी का तख्ता		木板	သစ်သားပျဉ် သို့မဟုတ် ဘုတ်ပြား			
701	plant	653	PLANT (VEGETATION)	plant	plant	ᴘʟᴀɴᴛ	5			A living organism that grows in the soil and is not an animal.		पौधा		植物	အပင်တစ်ပင်			
313	plant:to	1486	PLANT (SOMETHING)	to plant	plant	ᴘʟᴀɴᴛ	3			To put a seed, bulb, or young stem into the ground so that it can grow.		लगाना		种植	စိုက်ပျိုးရန်		to plant	
912	plant..with.stick:to	–	–	to plant (with stick)	plant	ᴘʟᴀɴᴛ	5			To push a stick or a tool into the ground to create a hole for a seed or a small plant.		लाठी मारकर लगाना		扦插	တုတ်ဖြင့်စိုက်ရန်			
1775	plant.reproduction			plant reproduction	plant.reproduction	ᴘʟᴀɴᴛ.ʀᴇᴘʀᴏᴅᴜᴄᴛɪᴏɴ	7			The process by which a living botanical organism produces offspring or new individuals.								
1776	plaster			plaster	plaster	ᴘʟᴀꜱᴛᴇʀ	7			A soft, wet substance made from lime, cement, or gypsum that is spread on a wall or ceiling to create a smooth surface.								
702	plate	480	PLATE	plate	plate	ᴘʟᴀᴛᴇ	5			A flat, shallow dish used for holding or serving food.	皿	थाली		盘子	ပန်းကန်			
314	play..game:to	1413	PLAY	to play (game)	play	ᴘʟᴀʏ	3			To engage in a structured activity or competition involving rules, such as a board game or a sport, for entertainment or winning.	遊ぶ	खेलना		玩	ကစားရန်			
2469	play..of.children:to	1413	PLAY	to play (of children)	play	ᴘʟᴀʏ	7			To engage in recreational activities or games for enjoyment rather than for work or study.								
1777	play..performance			play (performance)	play	ᴘʟᴀʏ	7			A dramatic performance by actors on a stage or in a public space, often telling a story through dialogue and movement.								
2470	please:to			to please	please	ᴘʟᴇᴀꜱᴇ	7			To cause someone to feel happy, satisfied, or content.								
703	plough	1921	PLOUGH	plough	plough	ᴘʟᴏᴜɢʜ	5			A tool used for turning over soil or making furrows in a field before planting seeds.		हल		犁	ထယ်			
914	plough:to	1921	PLOUGH	to plough	plough	ᴘʟᴏᴜɢʜ	5			To turn over or break up soil in a field using a tool, typically pulled by an animal or a machine, in order to prepare it for planting.		हल चलाना		耕地	ထွန်ယက်ရန်			
2471	pluck.feathers:to			to pluck feathers	pluck.feathers	ᴘʟᴜᴄᴋ.ꜰᴇᴀᴛʜᴇʀꜱ	7			To remove the soft or hard body coverings from a bird by pulling them off with the hands or a tool.								
1778	plug..stopper			plug (stopper)	plug	ᴘʟᴜɢ	7			A small object used to block or seal a hole or an opening in a container or a pipe.								
2472	plug.hole:to			to plug hole	plug.hole	ᴘʟᴜɢ.ʜᴏʟᴇ	7			To put an object into an opening or a gap to stop something from passing through or to prevent a leak.								
1779	plum			plum	plum	ᴘʟᴜᴍ	7			A small, fleshy fruit with a hard stone in the center, often round or oval, that can be sweet or sour.								
2473	plunder:to			to plunder	plunder	ᴘʟᴜɴᴅᴇʀ	7			To steal goods or property by force, often during a war or a raid.								
1780	pocket			pocket	pocket	ᴘᴏᴄᴋᴇᴛ	7			A small, enclosed pouch sewn into a piece of clothing used for carrying small objects.								
2474	point:to			to point	point	ᴘᴏɪɴᴛ	7			To extend a finger or an object toward a specific person, place, or thing to indicate its location or direction.								
1781	point..corner			point (corner)	point	ᴘᴏɪɴᴛ	7			The place where two edges or lines meet to form an angle.								
1425	poison:fish			fish poison	fish.poison	ꜰɪꜱʜ.ᴘᴏɪꜱᴏɴ	7			A substance used to stun or kill aquatic animals in water so they can be easily caught.								
915	poison:to	–	–	to poison	poison	ᴘᴏɪꜱᴏɴ	5			To put a harmful or deadly substance into food, drink, or a body so that it causes sickness or death.	毒	जहर देना		毒害	အဆိပ်			
704	poison..for.arrow	655	POISON	poison (for arrow)	poison	ᴘᴏɪꜱᴏɴ	5			A toxic substance applied to a weapon, such as a projectile or a blade, to cause harm or death to a target.		जहर		毒药	အဆိပ် (နာမ်)		poison (on arrow)	poison [antifood]
427	poison..general	655	POISON	poison (general)	poison	ᴘᴏɪꜱᴏɴ	4			A substance that causes illness, injury, or death when it is swallowed, inhaled, or absorbed into the body.								
1782	poison..on.arrow			poison (on arrow)	poison	ᴘᴏɪꜱᴏɴ	7			A toxic substance applied to a weapon, such as a dart or an arrow, to cause harm or death to a target.								
2475	poison..someone:to			to poison (someone)	poison	ᴘᴏɪꜱᴏɴ	7			To put a harmful or deadly substance into food or drink in order to cause sickness or death.								
1783	poke..with.awl			poke (with awl)	poke	ᴘᴏᴋᴇ	7			To make a small hole in a surface using a sharp, pointed tool.								
1784	poke..with.finger			poke (with finger)	poke	ᴘᴏᴋᴇ	7			To press a finger into something or someone with a quick, light movement.								
1785	poke..with.stick			poke (with stick)	poke	ᴘᴏᴋᴇ	7			To prod or jab something or someone using a long, thin object such as a stick.								
2476	polish:to			to polish	polish	ᴘᴏʟɪꜱʜ	7			To rub a surface with a cloth or tool to make it smooth and shiny.								
1786	pomegranate			pomegranate	pomegranate	ᴘᴏᴍᴇɢʀᴀɴᴀᴛᴇ	7			A fruit with a hard, reddish skin that contains many small, juicy, edible red seeds.								
1787	pomelo			pomelo	pomelo	ᴘᴏᴍᴇʟᴏ	7			A large, heavy citrus fruit with a thick, bitter rind and sweet, segmented flesh.								
705	pond	2035	POND	pond	pond	ᴘᴏɴᴅ	5			A small body of still water, smaller than a lake.	池	तालाब		池塘	ရေကန်			
2112	poor:to.be	1674	POOR	to be poor	poor	ᴘᴏᴏʀ	7			To have little or no money, property, or possessions.	貧乏						to be poor	
1788	poor.person			poor person	poor.person	ᴘᴏᴏʀ.ᴘᴇʀꜱᴏɴ	7			A person who lacks sufficient money or material possessions to meet basic needs.								
1789	poorly			poorly	poorly	ᴘᴏᴏʀʟʏ	7			In a manner that is not good, skillful, or successful.								
2289	poorly:to.do.something			to do something poorly	do.something.poorly	ᴅᴏ.ꜱᴏᴍᴇᴛʜɪɴɢ.ᴘᴏᴏʀʟʏ	7			To perform an action in an unsatisfactory, unskilled, or incorrect manner.								
428	porcupine	2510	PORCUPINE	porcupine	porcupine	ᴘᴏʀᴄᴜᴘɪɴᴇ	4		fauna	A large rodent that has many sharp, hard spines covering its body for protection.		शहरा		豪猪	ဖြူကောင်		porcupine	
706	porcupine.quill	–	–	porcupine quill	porcupine.quill	ᴘᴏʀᴄᴜᴘɪɴᴇ.ꞯᴜɪʟʟ	5		fauna	A sharp, needle-like hair found on the skin of a large rodent.								
707	post	281	POST	post	post	ᴘᴏꜱᴛ	5			A long, slender piece of wood or metal that is driven into the ground to support a structure or act as a boundary.		खंडुआ		柱子	ချည်ပို့စ်			
49	pot:cooking	1462	POT	cooking pot	cooking.pot	ᴄᴏᴏᴋɪɴɢ.ᴘᴏᴛ	2			A container used for heating food or water over a fire or stove.	つぼ	पतीला		烹饪锅	ဟင်းချက်အိုး			
573	pot:earthen	–	–	earthen pot	earthen.pot	ᴇᴀʀᴛʜᴇɴ.ᴘᴏᴛ	5			A container made of baked clay used for holding water or cooking food.		मिट्टी का बर्तन		砂锅	မြေအိုး			
1833	pot:rice			rice pot	rice.pot	ʀɪᴄᴇ.ᴘᴏᴛ	7			A container used for cooking or storing grains.								
2742	pot:water			water pot	water.pot	ᴡᴀᴛᴇʀ.ᴘᴏᴛ	7			A container used for holding or carrying liquid, such as water.								
1790	potato	593	POTATO	potato	potato	ᴘᴏᴛᴀᴛᴏ	7		flora	A starchy, edible tuber that grows underground and is often cooked and eaten as a vegetable.	じゃがいも	आलू		土豆	အာလူး		potato	
1965	potato:sweet	159	SWEET POTATO	sweet potato	sweet.potato	ꜱᴡᴇᴇᴛ.ᴘᴏᴛᴀᴛᴏ	7			A starchy, edible root vegetable that is often eaten boiled or roasted and typically has a sweet taste.	さつまいも						sweet potato	
1791	potter			potter	potter	ᴘᴏᴛᴛᴇʀ	7			A person who makes vessels, such as bowls or jars, out of clay.								
481	pound..of.rice:to	354	POUND	to pound (of rice)	pound	ᴘᴏᴜɴᴅ	4			To crush or flatten grains, such as rice, into a different form by repeatedly hitting them with a heavy tool like a pestle.	搗く	पीसना		磨碎	ကြိတ်ဖို့၊			
1792	pounding.stick			pounding stick	pounding.stick	ᴘᴏᴜɴᴅɪɴɢ.ꜱᴛɪᴄᴋ	7			A heavy, elongated tool used for crushing or grinding substances, such as grain or spices, against a surface.								
482	pour:to	1487	POUR	to pour	pour	ᴘᴏᴜʀ	4			To cause a liquid to flow from a container in a continuous stream.	注ぐ	डालना		倒	လောင်းရန်		pour	
2477	praise:to	1687	PRAISE	to praise	praise	ᴘʀᴀɪꜱᴇ	7			To express admiration, approval, or high regard for someone or something through words or actions.	ほめる						bless, praise (someone)	
2478	pray:to			to pray	pray	ᴘʀᴀʏ	7			To speak words to a deity or a higher power to show respect or to ask for something.								
2479	prechew:to			to prechew	prechew	ᴘʀᴇᴄʜᴇᴡ	7			To chew food in the mouth and then spit it out to be swallowed later or given to another person.								
2113	pregnant:to.be			to be pregnant	pregnant	ᴘʀᴇɢɴᴀɴᴛ	7			To carry a developing baby or fetus inside the womb.								
819	prepared:to.be	790	READY	to be prepared	prepared	ᴘʀᴇᴘᴀʀᴇᴅ	5			To be in a state where one is able to act or move immediately because all necessary things are in place.		तैयार होना		准备好	အဆင်သင့်ဖြစ်ရန်			
916	press:to	1913	PRESS	to press	press	ᴘʀᴇꜱꜱ	5			To apply steady force against a surface or an object, often with the hands or a tool, to flatten it or hold it in place.		दबाना		按	နှိပ်ရန်			
2480	pretend:to			to pretend	pretend	ᴘʀᴇᴛᴇɴᴅ	7			To act or behave in a way that is not real in order to deceive someone or to make them believe something that is not true.								
2481	prevent..something:to			to prevent (something)	prevent	ᴘʀᴇᴠᴇɴᴛ	7			To act in a way that stops an event or an action from happening before it can occur.								
1794	price..of.something			price (of something)	price	ᴘʀɪᴄᴇ	7			The amount of money that must be paid to buy or own something.								
1795	pride			pride	pride	ᴘʀɪᴅᴇ	7			A feeling of deep satisfaction or self-respect derived from one's own achievements, qualities, or possessions.								
1796	prisoner!captive			prisoner, captive	prisoner	ᴘʀɪꜱᴏɴᴇʀ	7			A person who is kept in a place of confinement and is not free to leave, often because they have been caught by an authority or an enemy.								
1797	prize..awarded			prize (awarded)	prize	ᴘʀɪᴢᴇ	7			A thing of value given to a person who wins a competition or a contest.								
1798	problem			problem	problem	ᴘʀᴏʙʟᴇᴍ	7			A situation, matter, or difficulty that causes trouble, worry, or requires a solution.								
1799	profit			profit	profit	ᴘʀᴏꜰɪᴛ	7			The amount of money that remains after all costs and expenses have been subtracted from the total amount of money received from a sale or business activity.								
2482	promise:to			to promise	promise	ᴘʀᴏᴍɪꜱᴇ	7			To make a formal or solemn declaration that one will certainly do something or that a particular event will happen.								
1800	prophecy			prophecy	prophecy	ᴘʀᴏᴘʜᴇᴄʏ	7			A prediction about what will happen in the future, often believed to be communicated by a divine or supernatural being.								
1801	prostitute			prostitute	prostitute	ᴘʀᴏꜱᴛɪᴛᴜᴛᴇ	7			A person who engages in sexual activity with others in exchange for money or other goods.								
2483	protect:to			to protect	protect	ᴘʀᴏᴛᴇᴄᴛ	7			To keep someone or something safe from harm, danger, or injury.								
2484	protect.with.charm:to			to protect with charm	protect.with.charm	ᴘʀᴏᴛᴇᴄᴛ.ᴡɪᴛʜ.ᴄʜᴀʀᴍ	7			To use a magical or spiritual object to keep a person, place, or thing safe from harm or evil.								
820	proud:to.be	174	PROUD	to be proud	proud	ᴘʀᴏᴜᴅ	5			To feel a sense of satisfaction, pleasure, or self-importance because of one's own achievements, qualities, or the accomplishments of someone close to them.		गर्व महसूस करना		骄傲	ဂုဏ်ယူဖို့		(be) proud	
1802	proverb			proverb	proverb	ᴘʀᴏᴠᴇʀʙ	7			A short, traditional saying that expresses a general truth or a piece of advice based on common sense or experience.								
1806	puddle			puddle	puddle	ᴘᴜᴅᴅʟᴇ	7			A small pool of liquid, such as rainwater, that has collected on the ground.								
483	pull:to	1455	PULL	to pull	pull	ᴘᴜʟʟ	4			To exert force on an object to move it toward oneself or in a specific direction.	ひっぱる	खींचना		拉	ဆွဲရန်		to pull	
2485	pull.out:to			to pull out	pull.out	ᴘᴜʟʟ.ᴏᴜᴛ	7			To move something from the inside of a container, a hole, or a surrounding mass to the outside.								
1808	pumpkin	864	PUMPKIN	pumpkin	pumpkin	ᴘᴜᴍᴘᴋɪɴ	7			A large, round fruit with a thick, hard rind and fleshy interior, often orange in color, used as a vegetable in cooking.	かぼちゃ							
2486	punish:to			to punish	punish	ᴘᴜɴɪꜱʜ	7			To inflict a penalty or physical pain on someone as a consequence for a wrong or a crime.								
1809	punishment..penalty			punishment (penalty)	punishment	ᴘᴜɴɪꜱʜᴍᴇɴᴛ	7			A penalty or negative consequence imposed on someone as a result of breaking a rule or committing a crime.								
709	punji	–	–	punji	punji	ᴘᴜɴᴊɪ	5			A sharpened wooden stake, often made of bamboo, used as a trap to injure the feet or legs of people walking through a jungle.								
711	pus	1808	PUS	pus	pus	ᴘᴜꜱ	5		body parts	A thick, yellowish or whitish liquid that forms in a part of the body during an infection or inflammation.	膿	दलदल		脓	အဖု		pus	
484	push:to	1452	PUSH	to push	push	ᴘᴜꜱʜ	4			To apply force against an object to move it away from oneself or to move it forward.	押す	धक्का देना		推	တွန်းရန်			
2487	put.on.scarf:to			to put on scarf	put.on.scarf	ᴘᴜᴛ.ᴏɴ.ꜱᴄᴀʀꜰ	7			To wrap a piece of cloth around the neck or head for warmth or decoration.								
2488	put.on.shawl:to			to put on shawl	put.on.shawl	ᴘᴜᴛ.ᴏɴ.ꜱʜᴀᴡʟ	7			To place a piece of cloth over the shoulders or around the body for warmth or decoration.								
1811	python	1563	PYTHON	python	python	ᴘʏᴛʜᴏɴ	7			A large, heavy snake that belongs to the family of non-venomous constrictors.	ニシキ蛇						python	
1537	q.:how	1239	HOW	how	how	ʜᴏᴡ	7			A word or phrase used to ask about the manner, way, or method in which an action is performed or a state is achieved.	どのように						how?	
1539	q.:how.many	822	HOW MANY	how many	how.many	ʜᴏᴡ.ᴍᴀɴʏ	7			A question used to ask about the specific number or quantity of people, animals, or objects.	いくつ						how many (persons)	
2758	q.:what	1236	WHAT	what	what	ᴡʜᴀᴛ	7			An interrogative pronoun used to ask for information about an object, an action, or a situation.	何						what	
503	q.:when	1238	WHEN	when	when	ᴡʜᴇɴ	4			At what time or on what occasion an event occurs.	いつ						when (future)	
2761	q.:when..future	1238	WHEN	when (future)	when	ᴡʜᴇɴ	7			To a point or period of time that has not yet happened.								
2762	q.:when..past	1238	WHEN	when (past)	when	ᴡʜᴇɴ	7			To a point or period of time that has already happened.								
2763	q.:where	1237	WHERE	where	where	ᴡʜᴇʀᴇ	7			A question used to ask about a location or a place.	どこ						where	
1129	q.:where.to			where to	where.to	ᴡʜᴇʀᴇ.ᴛᴏ	6			To move or travel toward a specific place or destination.	どちらへ							
2764	q.:which	727	WHICH	which	which	ᴡʜɪᴄʜ	7			A word used to ask for a specific choice from a limited set of options.	どれ						which (one)?	
2769	q.:who	1235	WHO	who	who	ᴡʜᴏ	7			A person or group of people being asked a question about their identity.	誰						who	
2770	q.:why	1270	WHY	why	why	ᴡʜʏ	7			A word used to ask for a reason, a cause, or an explanation for an event or action.	なぜ						why?	
1812	quarter..portion			quarter (portion)	quarter	ꞯᴜᴀʀᴛᴇʀ	7			One of four equal parts of a whole.								
1813	quicksand			quicksand	quicksand	ꞯᴜɪᴄᴋꜱᴀɴᴅ	7			A loose mixture of sand and water that behaves like a liquid and causes a person to sink when they step on it.								
2114	quiet:to.be			to be quiet	quiet	ꞯᴜɪᴇᴛ	7			To make or remain without sound or noise.								
1814	quiver..of.arrows			quiver (of arrows)	quiver	ꞯᴜɪᴠᴇʀ	7			A container used for holding and carrying arrows.								
712	rabbit	1136	RABBIT	rabbit	rabbit	ʀᴀʙʙɪᴛ	5		fauna	A small mammal with long ears and a short tail that lives in burrows and eats plants.	兎	खरगोश		兔子	ယုန်		rabbit	
2489	race..on.foot:to			to race (on foot)	race	ʀᴀᴄᴇ	7			To move quickly on foot from one point to another to compete against others in speed.								
1815	radish	2365	RADISH	radish	radish	ʀᴀᴅɪꜱʜ	7			A round or elongated root vegetable that is often white or red and eaten raw or cooked.	大根							
713	raft	1664	RAFT	raft	raft	ʀᴀꜰᴛ	5			A flat structure made of wood or other materials that floats on water and is used for transport.		राफ्ट		木筏	ဖေါင်			
1816	rag			rag	rag	ʀᴀɢ	7			A piece of old, torn, or worn cloth used for cleaning or as scrap material.								
63	rain	1253	RAIN (RAINING)	rain	rain	ʀᴀɪɴ	2			Water that falls from the clouds in drops through the air.	雨							
2490	rain:to	1253	RAIN (RAINING)	to rain	rain	ʀᴀɪɴ	7			To have water fall from the clouds in the sky in drops.		बारिश होना		下雨	မိုးရွာဖို့			rain
1817	rain.cloud			rain cloud	rain.cloud	ʀᴀɪɴ.ᴄʟᴏᴜᴅ	7			A dark or heavy mass in the sky that produces water falling from above.								
714	rainbow	1733	RAINBOW	rainbow	rainbow	ʀᴀɪɴʙᴏᴡ	5			A multicolored arc of light appearing in the sky when sunlight shines through raindrops after a storm.	虹	इंद्रधनुष		彩虹	သက်တံ		rainbow	
1818	raincoat	3712	RAINCOAT	raincoat	raincoat	ʀᴀɪɴᴄᴏᴀᴛ	7			A piece of waterproof clothing worn over the body to protect a person from getting wet when it is raining.	雨笠							
2491	raise.child:to	2134	RAISE (BRING UP)	to raise child	raise.child	ʀᴀɪꜱᴇ.ᴄʜɪʟᴅ	7			To care for a young person and provide for their needs until they reach adulthood.	育てる, 飼う							
253	raw..uncooked:to.be	1959	RAW	to be raw (uncooked)	raw	ʀᴀᴡ	3			To be in a state where food has not been cooked by heat.	生の	कच्चा		生的	အစိမ်း၊ မပြုတ်			
1819	razor			razor	razor	ʀᴀᴢᴏʀ	7			A sharp tool used for cutting hair or shaving skin.								
2492	read:to	724	READ	to read	read	ʀᴇᴀᴅ	7			To look at written symbols or characters and understand their meaning.								
1820	really..truly			really (truly)	really	ʀᴇᴀʟʟʏ	7			To a high or intense degree; used to emphasize that a statement is true or to express a strong feeling.								
2493	receive:to			to receive	receive	ʀᴇᴄᴇɪᴠᴇ	7			To take or accept something that is given, sent, or offered by someone else.								
2494	recollect:to			to recollect	recollect	ʀᴇᴄᴏʟʟᴇᴄᴛ	7			To bring a past event, memory, or piece of information back into one's mind.								
2495	record..write:to			to record (write)	record	ʀᴇᴄᴏʀᴅ	7			To make a permanent mark or collection of information on a surface, such as paper or a digital device, so that it can be kept or read later.								
2496	recover..from.illness:to			to recover (from illness)	recover	ʀᴇᴄᴏᴠᴇʀ	7			To return to a state of good health after being sick or injured.								
717	reed	659	REED	reed	reed	ʀᴇᴇᴅ	5		flora	A tall, thin plant that grows in water or wet soil, often used for making mats or baskets.		नार		芦苇	ကျူ			
2497	refuse:to			to refuse	refuse	ʀᴇꜰᴜꜱᴇ	7			To say no to a request, an offer, or an invitation.								
2115	regretful:to.be			to be regretful	regretful	ʀᴇɢʀᴇᴛꜰᴜʟ	7			To feel sadness, guilt, or disappointment because of a past action or a missed opportunity.								
2498	rejoice:to			to rejoice	rejoice	ʀᴇᴊᴏɪᴄᴇ	7			To feel or show great pleasure, joy, or happiness.								
1822	relative..by.blood	1644	RELATIVES	relative (by blood)	relative	ʀᴇʟᴀᴛɪᴠᴇ	7			A person who is a member of one's family through biological descent or shared ancestry.	親戚						relative (by blood)	
315	release..let.go:to	1095	LET GO OR SET FREE	to release (let go)	release	ʀᴇʟᴇᴀꜱᴇ	3			To stop holding something or to allow a person or animal to depart from one's grip or confinement.	放す	छोड़ना		放开	လွှတ်ရန် သို့မဟုတ် လွှတ်ရန်		to set free, let go (animal)	let go; set free; loosen
1823	religion	661	RELIGION	religion	religion	ʀᴇʟɪɢɪᴏɴ	7			A system of beliefs, values, and practices involving the worship of a deity or deities, or a set of spiritual principles.	宗教							
917	remain..stay:to	987	REMAIN	to remain (stay)	remain	ʀᴇᴍᴀɪɴ	5			To continue being in a particular place or state instead of leaving or changing.		रहना		剩下	ဆက်လက်ရှိနေရန်		remain, stay	
918	remember:to	707	REMEMBER	to remember	remember	ʀᴇᴍᴇᴍʙᴇʀ	5			To bring a past event, fact, or piece of information back into one's mind.	思い出す	याद करना		记住	မှတ်မိဖို့		remember	
2499	repeat:to			to repeat	repeat	ʀᴇᴘᴇᴀᴛ	7			To say or do the same thing or action more than once.								
2500	reply..in.conversation:to			to reply (in conversation)	reply	ʀᴇᴘʟʏ	7			To give a spoken or written response to a question or a statement made by another person.								
2501	reply..in.quarrel:to			to reply (in quarrel)	reply	ʀᴇᴘʟʏ	7			To speak back or answer someone in a disrespectful or argumentative way during a disagreement.								
1824	reputation			reputation	reputation	ʀᴇᴘᴜᴛᴀᴛɪᴏɴ	7			The opinion or estimation that people generally hold about a person, a group, or a thing.								
919	request..something:to	1828	ASK (REQUEST)	to request (something)	request	ʀᴇꞯᴜᴇꜱᴛ	5			To express a desire for something or to ask for something from another person.	頼む	पंजा		动物的爪子	တိရစ္ဆာန်၏ခြေသည်း		ask, request	
2502	resolve:to			to resolve	resolve	ʀᴇꜱᴏʟᴠᴇ	7			To find a solution to a problem, a disagreement, or a difficult situation.								
2503	respect:to			to respect	respect	ʀᴇꜱᴘᴇᴄᴛ	7			To feel or show great admiration or honor toward a person, a tradition, or a social rule.								
1825	responsibility			responsibility	responsibility	ʀᴇꜱᴘᴏɴꜱɪʙɪʟɪᴛʏ	7			The state of being required or expected to complete a specific task or duty. It is the obligation one has to take care of something or someone.								
2116	responsive:to.be			to be responsive	responsive	ʀᴇꜱᴘᴏɴꜱɪᴠᴇ	7			To react quickly or positively to a stimulus, a request, or the actions of another person.								
2504	rest:to	168	REST	to rest	rest	ʀᴇꜱᴛ	7			To cease physical or mental activity in order to recover strength or relax.	休む						rest	
1098	restless:to.be	–	–	to be restless	restless	ʀᴇꜱᴛʟᴇꜱꜱ	6			To be unable to stay still or keep quiet, often due to nervousness, excitement, or impatience.		बेचैन होना		不安宁	ဂနာမငြိမ်ဖြစ်ရန်			
2505	resume:to			to resume	resume	ʀᴇꜱᴜᴍᴇ	7			To begin an activity or process again after it has been interrupted or stopped.								
2506	return..something:to			to return (something)	return	ʀᴇᴛᴜʀɴ	7			To give or send something back to its original owner or its previous location.								
1826	revenge			revenge	revenge	ʀᴇᴠᴇɴɢᴇ	7			The act of harming or injuring someone in return for a wrong or an injury they have committed against you.								
2619	revenge:to.take			to take revenge	take.revenge	ᴛᴀᴋᴇ.ʀᴇᴠᴇɴɢᴇ	7			To act against someone in response to a harm or injury they have caused you.								
1827	reverence..awe			reverence (awe)	reverence	ʀᴇᴠᴇʀᴇɴᴄᴇ	7			A feeling of profound respect or awe, often mixed with fear or wonder, typically directed toward a deity, a sacred object, or a person of great importance.								
2507	revive:to			to revive	revive	ʀᴇᴠɪᴠᴇ	7			To bring someone back to consciousness or life, or to make something active or functional again.								
1828	rhinoceros			rhinoceros	rhinoceros	ʀʜɪɴᴏᴄᴇʀᴏꜱ	7			A large, heavy herbivore with thick skin and one or two horns on its snout.								
1829	rhododendron			rhododendron	rhododendron	ʀʜᴏᴅᴏᴅᴇɴᴅʀᴏɴ	7			An evergreen shrub with bell-shaped flowers, often found in high-altitude or mountainous forests.								
1830	rhus.chinensis..chinese.sumac:::			Rhus chinensis (Chinese sumac)	Chinese.sumac	Cʜɪɴᴇꜱᴇ.ꜱᴜᴍᴀᴄ	7			A shrub or small tree with pinnate leaves and red, berry-like fruit, often used in traditional medicine or as a dye.								
429	rib..bone	801	RIB	rib (bone)	rib	ʀɪʙ	4		body parts	A bone that forms part of the chest cage and protects the heart and lungs.	肋骨	पसली		肋骨	နံရိုး		rib	
48	rice:cooked	1191	COOKED RICE	cooked rice	cooked.rice	ᴄᴏᴏᴋᴇᴅ.ʀɪᴄᴇ	2		rice	The substance made from grains of rice that has been boiled or steamed in water and is ready to eat.	ご飯	भात		熟饭	ထမင်း		cooked rice	rice (cooked)
1544	rice:husked			husked rice	husked.rice	ʜᴜꜱᴋᴇᴅ.ʀɪᴄᴇ	7		rice	The grain of a cereal plant that has had its outer shell or husk removed.								
1667	rice:mountain			mountain rice	mountain.rice	ᴍᴏᴜɴᴛᴀɪɴ.ʀɪᴄᴇ	7			A type of grain grown in high-altitude fields or on hillsides, often used as a distinction from varieties grown in lowland valleys.								
708	rice:pounded	3285	RICE FLOUR	pounded rice	pounded.rice	ᴘᴏᴜɴᴅᴇᴅ.ʀɪᴄᴇ	5		rice	A substance made by crushing or grinding grains of rice into a fine powder or small pieces.							pounded rice	
1807	rice:puffed			puffed rice	puffed.rice	ᴘᴜꜰꜰᴇᴅ.ʀɪᴄᴇ	7		rice	A grain of rice that has been heated or popped until it becomes light, white, and crunchy.	乾燥米							
1840	rice:roasted			roasted rice	roasted.rice	ʀᴏᴀꜱᴛᴇᴅ.ʀɪᴄᴇ	7		rice	A grain of rice that has been cooked in a pan or over a fire until it is dry and crunchy.								
760	rice:sticky	2750	GLUTINOUS RICE	sticky rice	sticky.rice	ꜱᴛɪᴄᴋʏ.ʀɪᴄᴇ	5		rice	A type of rice that is very glue-like and sticky when cooked.	もち米							
997	rice:wild	3390	WILD RICE	wild rice	wild.rice	ᴡɪʟᴅ.ʀɪᴄᴇ	5		rice	A type of grain that grows in water or wetlands, distinct from the common cultivated grain used for food.								
1831	rice..general	926	RICE	rice (general)	rice	ʀɪᴄᴇ	7		rice	The seed or grain of a cereal plant used as a staple food.	米	चावल		米饭	ဆန်			
1832	rice..in.field			rice (in field)	rice	ʀɪᴄᴇ	7		rice	The grain of a cereal plant that is still growing in a field or a paddy.								
346	rice..paddy:unhusked	2749	UNHUSKED RICE	unhusked rice (paddy)	unhusked.rice	ᴜɴʜᴜꜱᴋᴇᴅ.ʀɪᴄᴇ	3		rice	The grain of a rice plant that still has its outer protective covering or shell.	稲	धान का खेत		稻田	စပါး			
158	rice..uncooked:husked	3289	UNCOOKED RICE	husked rice (uncooked)	husked.rice	ʜᴜꜱᴋᴇᴅ.ʀɪᴄᴇ	3		rice	A grain of rice that has had its outer shell or husk removed, but has not yet been cooked.								
1942	rice..uncooked:sticky			sticky rice (uncooked)	sticky.rice	ꜱᴛɪᴄᴋʏ.ʀɪᴄᴇ	7		rice	A type of grain used for food that is very glue-like when cooked, specifically referring to the dry, uncooked grains.								
719	rice.husk	2501	RICE HUSK	rice husk	rice.husk	ʀɪᴄᴇ.ʜᴜꜱᴋ	5		rice	The hard, outer covering of a grain of rice that is removed during processing.	籾殻						rice husk (powder)	
203	rice.plant	2026	RICE PLANT	rice plant	rice.plant	ʀɪᴄᴇ.ᴘʟᴀɴᴛ	3		rice	The plant that produces the grain used for food.		धान		稻米	စပါးခွံ၊			rice (in fields)
1834	rice.seedling			rice seedling	rice.seedling	ʀɪᴄᴇ.ꜱᴇᴇᴅʟɪɴɢ	7		rice	A young plant of the cereal crop used for food, grown in a nursery before being transplanted into a field.								
720	rice.straw	3391	RICE STRAW	rice straw	rice.straw	ʀɪᴄᴇ.ꜱᴛʀᴀᴡ	5		rice	The dried stalks and leaves of a rice plant after the grain has been removed.	藁							
2117	rich..wealthy:to.be	712	RICH	to be rich (wealthy)	rich	ʀɪᴄʜ	7			To possess a large amount of money, property, or valuable assets.	金持ち						(be) rich	
1835	rich.person			rich person	rich.person	ʀɪᴄʜ.ᴘᴇʀꜱᴏɴ	7			A person who possesses a large amount of money, property, or valuable assets.								
921	ride:to	367	RIDE	to ride	ride	ʀɪᴅᴇ	5			To sit on and control a living animal, such as a horse or an elephant, or to sit on a vehicle like a bicycle or a motorcycle to move from one place to another.	乗る	सवारी करना		骑	စီးဖို့			
1836	right.side	1019	RIGHT	right side	right.side	ʀɪɢʜᴛ.ꜱɪᴅᴇ	7			The side of a person or object that is on the left of the left hand.	右	दाईं तरफ		右侧	ညာဘက်ခြမ်း			right side
2118	rigid:to.be			to be rigid	rigid	ʀɪɢɪᴅ	7			To be stiff and unable to bend or change shape without breaking.								
2508	ring..bell:to			to ring (bell)	ring	ʀɪɴɢ	7			To make a sound by striking a metal object, such as a bell, with a hammer or a clapper.								
721	ring..on.finger	1374	RING	ring (on finger)	ring	ʀɪɴɢ	5			A circular band worn on a finger as an ornament or decoration.	指輪	अंगूठी		戒指	လက်စွပ်တစ်ကွင်း		ring	
1837	ring..shape			ring (shape)	ring	ʀɪɴɢ	7			A circular object that forms a closed loop.								
1838	ringworm			ringworm	ringworm	ʀɪɴɢᴡᴏʀᴍ	7			A circular skin infection that causes a red, itchy, or scaly patch on the body.								
81	ripe:to.be	178	RIPE	to be ripe	ripe	ʀɪᴘᴇ	2			To reach a state of being fully grown, soft, and ready to be eaten, especially in the case of fruit or grain.	熟する	पकना		成熟	မှည့်ရန်		to be ripe	ripe/well-cooked
722	ritual..rite	3334	RITE	ritual (rite)	ritual	ʀɪᴛᴜᴀʟ	5			A formal act or series of actions performed according to a prescribed order, often for religious or social purposes.								
64	river	666	RIVER	river	river	ʀɪᴠᴇʀ	2			A large, natural stream of water that flows continuously in a bed towards an ocean, sea, lake, or another river.	川	नदी		河流	မြစ်		driver	river/valley
723	river::bank	3463	RIVERBANK	riverbank	riverbank	ʀɪᴠᴇʀʙᴀɴᴋ	5			The land immediately alongside a body of flowing water.		नदी का किनारा		河岸	မြစ်တစ်ကမ်း		river bank	
1839	river::bed			riverbed	riverbed	ʀɪᴠᴇʀʙᴇᴅ	7			The bottom of a river, consisting of the ground, sand, or stones underneath the flowing water.								
716	river.:rapids	1670	RAPIDS	rapids	rapids	ʀᴀᴘɪᴅꜱ	5			A part of a river where the water flows very fast and moves over rocks or uneven ground.								
316	roast:to	1962	ROAST (SOMETHING)	to roast	roast	ʀᴏᴀꜱᴛ	3			To cook food using dry heat, such as over an open fire or in an oven, without using water or oil.	焼く	भूनना		烤	ကင်ရန်		roast	
2509	rob..someone:to			to rob (someone)	rob	ʀᴏʙ	7			To take property or money from a person by using force, threats, or violence.	奪う							
1841	rock..small.stone			rock (small stone)	rock	ʀᴏᴄᴋ	7			A small, hard, mineral piece of matter that can be picked up by a person.								
2510	roll..general:to			to roll (general)	roll	ʀᴏʟʟ	7			To move by turning over and over on a surface, such as a stone or a ball.								
2511	roll.around:to			to roll around	roll.around	ʀᴏʟʟ.ᴀʀᴏᴜɴᴅ	7			To move one's body by turning over and over on a surface.								
922	roll.down:to	827	ROLL	to roll down	roll.down	ʀᴏʟʟ.ᴅᴏᴡɴ	5			To move by turning over and over along a sloping surface or a hill.		ढेर करना		滚动	သစ်လုံးချ၍ တောင်ကုန်းကဲ့သို့ လှိမ့်ခြင်း၊		roll	
923	roll.up..mat:to	–	–	to roll up (mat)	roll.up	ʀᴏʟʟ.ᴜᴘ	5			To fold or turn a flexible surface, such as a floor covering, into a cylindrical shape for storage or to tidy a space.	巻く	रोल करना		卷	ဖျာကဲ့သို့ တစ်ခုခုကို လှိမ့်ရန်			
430	roof..of.building	769	ROOF	roof (of building)	roof	ʀᴏᴏꜰ	4			The upper covering of a building or structure that protects the interior from rain and sun.	屋根	छत		屋顶	အိမ်ခေါင်မိုး		roof	
1176	room:bed			bed room	bed.room	ʙᴇᴅ.ʀᴏᴏᴍ	7			A room in a house used primarily for sleeping.								
1608	room:main			main room	main.room	ᴍᴀɪɴ.ʀᴏᴏᴍ	7			The largest or most important room in a house, often used for social gatherings or as a central living area.								
1842	room..of.house	1450	ROOM	room (of house)	room	ʀᴏᴏᴍ	7			A single part of a building that is separated from other parts by walls.	部屋						room	
1844	root..plant	670	ROOT	root (plant)	root	ʀᴏᴏᴛ	7			The part of a plant that grows underground, typically branching out to absorb water and nutrients from the soil.	根							
65	root..tree	670	ROOT	root (tree)	root	ʀᴏᴏᴛ	2		flora	The part of a plant that grows underground, branching out from the stem or trunk to absorb water and nutrients from the soil.	根	जड़		根	အမြစ်		root (tree)	root
204	rope	1218	ROPE	rope	rope	ʀᴏᴘᴇ	3			A strong, thick cord made of twisted fibers or strands used for tying, pulling, or fastening things together.	紐	रस्सी		绳子	ကြိုး		rope	
1845	rosa.chinensis..china.rose:::			Rosa chinensis (China rose)	China.rose	Cʜɪɴᴀ.ʀᴏꜱᴇ	7			A type of flowering shrub in the rose family, often with thorns, known for its colorful blooms.								
2512	rot..decay:to	2907	ROT	to rot (decay)	rot	ʀᴏᴛ	7			To undergo a process of decomposition or decay, typically caused by bacteria or fungi, resulting in a change of color, smell, or texture.		सड़ना		腐烂	ပုပ်သို့မဟုတ်ဆွေးမြေ့			
2513	rotate:to			to rotate	rotate	ʀᴏᴛᴀᴛᴇ	7			To turn or move in a circular motion around a central point or axis.								
254	rotten:to.be	1728	ROTTEN	to be rotten	rotten	ʀᴏᴛᴛᴇɴ	3			To undergo a process of decay or decomposition, typically used for organic matter like food or wood, making it soft, smelly, or unfit for use.	腐った	गला हुआ		腐烂的	ပုပ်ဖို့		to be rotten	
255	rough:to.be	1923	ROUGH	to be rough	rough	ʀᴏᴜɢʜ	3			To have an uneven, coarse, or bumpy surface rather than being smooth.	ざらざらな	रूखा		粗糙的	ကြမ်းတမ်းသည်		to be rough (road)	
256	round:to.be	1395	ROUND	to be round	round	ʀᴏᴜɴᴅ	3			To have a shape that is circular or spherical, without any corners or straight edges.	丸い	गोल		圆形的	ပတ်ပတ်လည်		to be round	round
2514	row:to	1849	ROW	to row	row	ʀᴏᴡ	7			To move a small boat or vessel through water by using a tool with a handle and a flat blade.	船を漕ぐ							
317	rub:to	1449	RUB	to rub	rub	ʀᴜʙ	3			To move one's hand or an object repeatedly against a surface using pressure.	こする	रगड़ना		擦	ပွတ်ရန်		to rub/scrub	rub
2515	rub.gently:to			to rub gently	rub.gently	ʀᴜʙ.ɢᴇɴᴛʟʏ	7			To move a hand or a soft object repeatedly across a surface with light pressure.								
1846	rubber			rubber	rubber	ʀᴜʙʙᴇʀ	7			A flexible, elastic material used for making things like tires, bands, or waterproof items.								
2119	rubbery:to.be			to be rubbery	rubbery	ʀᴜʙʙᴇʀʏ	7			To have a texture that is flexible and elastic, similar to the material used for tires or elastic bands.								
1847	rubbish..garbage			rubbish (garbage)	rubbish	ʀᴜʙʙɪꜱʜ	7			The waste material or discarded items that are no longer useful and are thrown away.								
485	rule..lead:to	43	LEAD (GUIDE)	to rule (lead)	rule	ʀᴜʟᴇ	4			To exercise authority or control over a group of people, such as a country, a community, or a territory.		सीसा		铅	ခဲ ( Plumbum )		lead, guide (v)	
2516	rule.over..dominate:to			to rule over (dominate)	rule.over	ʀᴜʟᴇ.ᴏᴠᴇʀ	7			To exercise political power or authority over a group of people, a territory, or a nation.								
205	ruler..chief	–	–	ruler (chief)	ruler	ʀᴜʟᴇʀ	3	CONCEPTICON has the measuring tool as the definition.		A person who has political power and authority over a group of people or a territory.		मुखिया		首领	အကြီးအကဲ သို့မဟုတ် အုပ်ချုပ်သူ			
2517	ruminate:to			to ruminate	ruminate	ʀᴜᴍɪɴᴀᴛᴇ	7			To chew on food that has been swallowed and brought back up from the stomach into the mouth.								
2518	run:to	1519	RUN	to run	run	ʀᴜɴ	7			To move quickly on foot by taking steps where both feet are briefly off the ground at the same time.	走る						run	
1848	rust			rust	rust	ʀᴜꜱᴛ	7			A reddish-brown coating that forms on iron or steel when it is exposed to water and air.								
2519	rust:to			to rust	rust	ʀᴜꜱᴛ	7			To undergo a chemical process of oxidation that forms a reddish-brown coating on iron or steel surfaces.								
1849	sack			sack	sack	ꜱᴀᴄᴋ	7			A large bag made of strong, coarse fabric used for carrying or storing heavy items like grain, flour, or coal.								
821	sacred:to.be	–	–	to be sacred	sacred	ꜱᴀᴄʀᴇᴅ	5			To be considered holy, divine, or worthy of religious veneration and respect.		पवित्र		神圣的	မြင့်မြတ်ဖို့၊			
2520	sacrifice:to			to sacrifice	sacrifice	ꜱᴀᴄʀɪꜰɪᴄᴇ	7			To perform a ritual act of giving something, such as food, an animal, or an object, to a deity or spirit.								
822	sad:to.be	699	SAD	to be sad	sad	ꜱᴀᴅ	5			To feel or experience unhappiness, sorrow, or emotional pain.	悲しい	उदास		悲伤的	ဝမ်းနည်းစရာ		(be) sad	
724	sago.palm	2372	SAGO PALM	sago palm	sago.palm	ꜱᴀɢᴏ.ᴘᴀʟᴍ	5		flora	A type of palm tree whose trunk is used as a source of starch for food.								
1850	sail			sail	sail	ꜱᴀɪʟ	7			A piece of fabric used to catch the wind to move a boat or ship across water.	帆							
2521	sail:to	787	SAIL	to sail	sail	ꜱᴀɪʟ	7			To travel across water in a boat or a ship.								
1851	salary			salary	salary	ꜱᴀʟᴀʀʏ	7			A fixed amount of money paid regularly to a person by an employer for work done.								
206	saliva	1503	SALIVA	saliva	saliva	ꜱᴀʟɪᴠᴀ	3		body parts	The watery liquid produced in the mouth by the salivary glands.		लार		口水	တံတွေး		spit (noun)	
16	salt	1274	SALT	salt	salt	ꜱᴀʟᴛ	1			A white or translucent mineral used in small amounts to season or preserve food.	塩	नमक		盐	ဆားငန်		salt	salt
2120	salty:to.be	1091	SALTY	to be salty	salty	ꜱᴀʟᴛʏ	7			To have or taste like salt.	塩辛い						(be) salty	
823	same:to.be	200	SAME	to be same	same	ꜱᴀᴍᴇ	5			To be identical or not different in quality, character, or amount.		एक जैसा होना		相同的	အတူတူဖြစ်ရမယ်။		to be the same	
726	sand	671	SAND	sand	sand	ꜱᴀɴᴅ	5			A very small, loose grain of rock or mineral, often found on beaches or in deserts.	砂	रेत		沙子	သဲ		sand	
1852	sandal			sandal	sandal	ꜱᴀɴᴅᴀʟ	7			An open piece of footwear consisting of a sole held on the foot by one or more straps.	サンダル							
976	sap:tree	345	SAP	tree sap	tree.sap	ᴛʀᴇᴇ.ꜱᴀᴘ	5			A liquid that flows inside the stem or trunk of a plant or tree.							sap	
1597	sarong.:longyi			longyi	longyi	ʟᴏɴɢʏɪ	7			A traditional garment worn around the waist, consisting of a long piece of cloth that is wrapped and tucked to cover the lower body.	男性用腰布							
1634	sarong.:mekhela			mekhela	mekhela	ᴍᴇᴋʜᴇʟᴀ	7			A traditional, long skirt or wrap-around garment worn around the waist, often used as part of a two-piece outfit in certain South Asian cultures.	女性用腰布							
1853	sarong..general			sarong (general)	sarong	ꜱᴀʀᴏɴɢ	7			A large rectangular piece of cloth wrapped around the waist and legs.								
2121	satisfied:to.be			to be satisfied	satisfied	ꜱᴀᴛɪꜱꜰɪᴇᴅ	7			To feel a sense of contentment or fulfillment, such as when one has had enough food or has achieved a desired goal.								
1854	saturday	1700	SATURDAY	saturday	saturday	ꜱᴀᴛᴜʀᴅᴀʏ	7			The day of the week that comes after Friday and before Sunday.	土曜日							
1855	saw	1948	SAW	saw	saw	ꜱᴀᴡ	7			A tool with a sharp, serrated metal blade used for cutting through wood or other hard materials.	のこぎり						saw (n)	
2522	saw:to	3543	SAW (SOMETHING)	to saw	saw	ꜱᴀᴡ	7			To move a bladed tool back and forth through a piece of wood or other material in order to cut it into pieces.							to slice/saw	
2523	say:to	1458	SAY	to say	say	ꜱᴀʏ	7			To utter words or express a thought through speech.	言う						say	
2524	say.goodbye..depart:to			to say goodbye (depart)	say.goodbye	ꜱᴀʏ.ɢᴏᴏᴅʙʏᴇ	7			To express a wish for someone to leave or to signal that one is departing.								
727	scab	2664	SCAB	scab	scab	ꜱᴄᴀʙ	5			A piece of dried, hard skin that forms over a wound or sore as it heals.	かさぶた							
1856	scar			scar	scar	ꜱᴄᴀʀ	7			A mark left on the skin after a wound or injury has healed.								
2122	scarce:to.be			to be scarce	scarce	ꜱᴄᴀʀᴄᴇ	7			To be present in very small amounts or to be difficult to find or obtain.								
1857	scarf	3066	SCARF OR TURBAN	scarf	scarf	ꜱᴄᴀʀꜰ	7			A long piece of fabric worn around the neck, head, or shoulders for warmth or decoration.								
2811	scatter..grains:to			to scatter (grains)	scatter	ꜱᴄᴀᴛᴛᴇʀ	7			To throw or spread small, loose objects like seeds, grains, or sand over a wide area.							spread out (maize) (tr)	
2525	scatter..tr:to			to scatter (tr)	scatter	ꜱᴄᴀᴛᴛᴇʀ	7			To throw or cause to move in many different directions from a single point.								
1858	scene			scene	scene	ꜱᴄᴇɴᴇ	7			A specific part of a play, movie, or book that takes place in one location and at one time.								
728	scent..fragrance	–	–	scent (fragrance)	scent	ꜱᴄᴇɴᴛ	5			A pleasant or sweet smell.	におい	सुगन्ध		香味	ရနံ့			
2123	sceptical:to.be			to be sceptical	sceptical	ꜱᴄᴇᴘᴛɪᴄᴀʟ	7			To have doubts or a lack of belief about whether something is true or certain.								
1859	school			school	school	ꜱᴄʜᴏᴏʟ	7			An institution or place where people, especially children, go to learn and receive instruction from teachers.								
1860	scissors	1328	SCISSORS	scissors	scissors	ꜱᴄɪꜱꜱᴏʀꜱ	7			A tool used for cutting cloth, paper, or hair, consisting of two sharp blades joined at a pivot.	鋏							
2526	scold:to	299	SCOLD	to scold	scold	ꜱᴄᴏʟᴅ	7			To speak angrily to someone because they have done something wrong or behaved badly.	叱る						scold	
2527	scoop.water:to			to scoop water	scoop.water	ꜱᴄᴏᴏᴘ.ᴡᴀᴛᴇʀ	7			To use a tool or a hand to lift a liquid from a container or a body of water.								
1861	scorpion	1538	SCORPION	scorpion	scorpion	ꜱᴄᴏʀᴘɪᴏɴ	7		fauna	A predatory arachnid with a segmented body and a large, stinging tail.		बिच्छू		蝎子	ကင်းမြီးကောက်		scorpion	
318	scrape..with.edge:to	1767	SCRAPE	to scrape (with edge)	scrape	ꜱᴄʀᴀᴘᴇ	3			To remove a thin layer or surface from an object by rubbing it with a sharp or hard edge.		खुरचना		抓 / 刮	ခြစ်ရန် သို့မဟုတ် ခြစ်ရန်		scrape (v)	scratch (scrape)
2528	scratch..to.hurt:to			to scratch (to hurt)	scratch	ꜱᴄʀᴀᴛᴄʜ	7			To cause a shallow wound or mark on the skin or a surface by using a sharp object or fingernails.								
2529	scratch..to.sooth:to			to scratch (to sooth)	scratch	ꜱᴄʀᴀᴛᴄʜ	7			To rub or scrape the skin with a fingernail or a hard object to relieve an itch.								
319	scratch..with.nails:to	1436	SCRATCH	to scratch (with nails)	scratch	ꜱᴄʀᴀᴛᴄʜ	3			To use one's fingernails to rub or scrape against the skin or a surface.	掻く	अनाज		稻	မကြေသေးသော ဆန်၊		scratch (v)	scratch (scrape)
2530	scream:to			to scream	scream	ꜱᴄʀᴇᴀᴍ	7			To make a very loud, sharp, and high-pitched cry with the mouth wide open.								
1862	scrotum			scrotum	scrotum	ꜱᴄʀᴏᴛᴜᴍ	7			The sac of skin containing the testicles.								
729	scythe	20	SCYTHE	scythe	scythe	ꜱᴄʏᴛʜᴇ	5			A tool used for cutting grass or grain, consisting of a long, curved blade attached to a long handle.		कुर्पा		镰刀	တံမြက်/တံစဉ်			
730	sea	1474	SEA	sea	sea	ꜱᴇᴀ	5			The large body of salt water that covers most of the earth's surface and surrounds the continents.	海	समुद्र		海洋	သမုဒ္ဒရာ၊ ပင်လယ်		sea	
2531	seal:to			to seal	seal	ꜱᴇᴀʟ	7			To close an opening or a container tightly so that nothing can enter or escape.								
2532	search.for:to			to search for	search.for	ꜱᴇᴀʀᴄʜ.ꜰᴏʀ	7			To look for something or someone that is lost or needed.								
1863	season	691	SEASON	season	season	ꜱᴇᴀꜱᴏɴ	7			A particular period of the year characterized by specific weather patterns or climatic conditions.	季節						season	
570	season:dry	452	DRY SEASON	dry season	dry.season	ᴅʀʏ.ꜱᴇᴀꜱᴏɴ	5			The period of the year characterized by a lack of rain and low moisture.		चावल का छिलका		稻壳	စပါးခွံ			
715	season..monsoon:rainy	453	RAINY SEASON	rainy season (monsoon)	rainy.season	ʀᴀɪɴʏ.ꜱᴇᴀꜱᴏɴ	5			The period of time during the year when there is heavy or frequent precipitation.	雨季	वर्षा ऋतु		雨季	မိုးရာသီ		rainy season	
2124	seated:to.be			to be seated	seated	ꜱᴇᴀᴛᴇᴅ	7			To be in a position where the body is supported by a chair, a stool, or the ground rather than standing or lying down.								
731	secluded.place	–	–	secluded place	secluded.place	ꜱᴇᴄʟᴜᴅᴇᴅ.ᴘʟᴀᴄᴇ	5			A place that is far away from people or other settlements. It is a location that is private, quiet, and hidden from view.		रहस्यमय स्थान		隐蔽处	သီးသန့်နေရာ			
2125	second:to.be			to be second	second	ꜱᴇᴄᴏɴᴅ	7			To occupy the position immediately following the first in a series or a ranked list.								
732	section..segment	–	–	section (segment)	section	ꜱᴇᴄᴛɪᴏɴ	5			A part of a whole that has been separated or divided from the rest.		खंड		竿节	အပိုင်း (ဥပမာ ဝါး)၊			
320	see:to	1409	SEE	to see	see	ꜱᴇᴇ	3			To perceive something through the eyes.	見る	देखना		看	ကြည့်ရန်		to see	see
66	seed	714	SEED	seed	seed	ꜱᴇᴇᴅ	2		flora	The small, hard part of a plant that can be planted in the ground to grow a new plant.	種	बीज		种子	မျိုးစေ့		seed (tree)	
2533	seize:to			to seize	seize	ꜱᴇɪᴢᴇ	7			To take hold of something or someone suddenly and with force.								
2372	seizure:to.have			to have seizure	seizure	ꜱᴇɪᴢᴜʀᴇ	7			To experience a sudden, uncontrolled contraction of muscles and a loss of consciousness, often caused by a medical condition in the brain.								
1865	self			self	self	ꜱᴇʟꜰ	7			A person's own identity or being, as distinct from others.							self	
1866	self	1993	SELF	self	self	ꜱᴇʟꜰ	7			A person's own identity or being, as distinct from others.	自分						self	
2126	selfish:to.be			to be selfish	selfish	ꜱᴇʟꜰɪꜱʜ	7			To act or behave in a way that only considers one's own interests or needs without regard for others.								
321	sell:to	1571	SELL	to sell	sell	ꜱᴇʟʟ	3			To give an object or service to another person in exchange for money or other goods.	売る	बेचना		卖	ရောင်းရန်			sell
1867	seller			seller	seller	ꜱᴇʟʟᴇʀ	7			A person who gives an item or service to another person in exchange for money.								
1868	semen	2283	SEMEN	semen	semen	ꜱᴇᴍᴇɴ	7			A white, viscous fluid produced by the male reproductive system that contains sperm.								
2534	send..someone:to			to send (someone)	send	ꜱᴇɴᴅ	7			To cause a person or animal to go or move from one place to another, often with a specific purpose or destination.								
2535	send..something:to	1127	SEND	to send (something)	send	ꜱᴇɴᴅ	7			To cause an object or a message to move from one place to another, often via a person or a medium.	送る						send (something to someone)	
2127	senile:to.be			to be senile	senile	ꜱᴇɴɪʟᴇ	7			To experience a loss of mental functions, such as memory or reasoning, typically due to advanced age.								
1869	senile.person			senile person	senile.person	ꜱᴇɴɪʟᴇ.ᴘᴇʀꜱᴏɴ	7			An elderly person who is suffering from a loss of mental abilities, such as memory or reasoning, due to aging or disease.								
924	separate:to	1359	SEPARATE	to separate	separate	ꜱᴇᴘᴀʀᴀᴛᴇ	5			To divide or part something into two or more distinct pieces or groups.		अलग करना		分离	ခွဲခြားရန်			
733	servant	255	SERVANT	servant	servant	ꜱᴇʀᴠᴀɴᴛ	5			A person who is paid to perform domestic work or manual labor for another person in their home or workplace.							(domestic) servant	
2536	serve:to			to serve	serve	ꜱᴇʀᴠᴇ	7			To perform tasks or duties for another person, such as a master, a guest, or a superior, often in a domestic or professional setting.								
1870	sesame..seed			sesame (seed)	sesame	ꜱᴇꜱᴀᴍᴇ	7			A small, flat, oil-rich seed used in cooking, often white, black, or brown in color.								
2538	settle..dispute:to			to settle (dispute)	settle	ꜱᴇᴛᴛʟᴇ	7			To resolve a disagreement or conflict between people so that it is finished and no longer a problem.								
2539	settle..for.something:to			to settle (for something)	settle	ꜱᴇᴛᴛʟᴇ	7			To accept or agree to a particular amount, a deal, or a solution to end a disagreement or a negotiation.								
925	settle..somwhere:to	–	–	to settle (somwhere)	settle	ꜱᴇᴛᴛʟᴇ	5			To move to a new place and make it one's permanent home.		निवास करना		定居	တစ်နေရာရာမှာ အခြေချဖို့			
322	sew:to	1457	SEW	to sew	sew	ꜱᴇᴡ	3			To join or attach pieces of fabric, leather, or other materials together using a needle and thread.	縫う	सीवना		缝 / 裁缝	ချုပ်ရန်			sew
2540	shade:to			to shade	shade	ꜱʜᴀᴅᴇ	7			To block the light from the sun or another bright source to create a dark or cool area.								
207	shade..area	1388	SHADE	shade (area)	shade	ꜱʜᴀᴅᴇ	3			An area of ground or space that is kept dark and cool because an object is blocking the light from the sun.		छाया		阴凉处	အရိပ်			shade/shadow
208	shadow..of.something	2275	SHADOW	shadow (of something)	shadow	ꜱʜᴀᴅᴏᴡ	3			A dark area or shape produced on a surface by an object that blocks light.	影	अचार		生米	မကျက်သောဆန်		shadow/shade	shade/shadow
2541	shake..shiver:to			to shake (shiver)	shake	ꜱʜᴀᴋᴇ	7			To move the body with quick, involuntary movements, often caused by cold, fear, or illness.								
2542	shake..something:to	1909	SHAKE	to shake (something)	shake	ꜱʜᴀᴋᴇ	7			To move something back and forth or up and down with quick, short movements.	振る						shake (tr)	
454	shallow:to.be	193	SHALLOW	to be shallow	shallow	ꜱʜᴀʟʟᴏᴡ	4			To have little depth or a low distance between the surface and the bottom.	浅い	कम गहराई वाला		浅的	တိမ်		to be shallow	
2543	shame:to			to shame	shame	ꜱʜᴀᴍᴇ	7			To feel or cause a sense of humiliation, guilt, or loss of face due to a perceived wrong or social failure.								
2544	share:to			to share	share	ꜱʜᴀʀᴇ	7			To divide a whole into parts so that others may have a portion of it.								
258	sharp..of.edge:to.be	1396	SHARP	to be sharp (of edge)	sharp	ꜱʜᴀʀᴘ	3			To have a thin, fine edge capable of cutting easily.	鋭い	तेज़		尖锐的边缘	အစွန်းတစ်ခု၏ချွန်ထက်		to be sharp	sharp
259	sharp..of.point:to.be	–	–	to be sharp (of point)	sharp	ꜱʜᴀʀᴘ	3			To have a fine, thin, or tapered edge or end that can easily cut or pierce something.		तीखा		尖锐的	ထက်မြက်သောအချက်၊			sharp
486	sharpen..edge:to			to sharpen (edge)	sharpen	ꜱʜᴀʀᴘᴇɴ	4			To make a tool or a blade more effective by rubbing its edge against a hard surface.								
2545	sharpen..point:to			to sharpen (point)	sharpen	ꜱʜᴀʀᴘᴇɴ	7			To make a tool or an object, such as a knife or a needle, have a fine and cutting edge or a pointed tip.								
2546	shave..beard:to			to shave (beard)	shave	ꜱʜᴀᴠᴇ	7			To remove hair from the face using a sharp tool.								
926	shave..head:to	231	SHAVE	to shave (head)	shave	ꜱʜᴀᴠᴇ	5			To remove all the hair from a person's skull using a razor or a similar tool.		बाल बन्द करना		刮胡子	ရိတ်ရန်		to shave (beard)	
735	shawl	2771	SHAWL	shawl	shawl	ꜱʜᴀᴡʟ	5			A large piece of fabric worn around the shoulders or head for warmth or decoration.		शॉल		披肩	တစ်ဦးထည်း			
736	sheep	1331	SHEEP	sheep	sheep	ꜱʜᴇᴇᴘ	5		fauna	A domesticated mammal with a thick fleece of wool that is often kept for its hair or meat.	羊	भेड़		羊	သိုး		sheep	
1871	sheep..female			sheep (female)	sheep	ꜱʜᴇᴇᴘ	7			A female sheep.								
1872	sheep..male			sheep (male)	sheep	ꜱʜᴇᴇᴘ	7			A male sheep.								
1312	shell:cowrie	3663	COWRIE SHELL	cowrie shell	cowrie.shell	ᴄᴏᴡʀɪᴇ.ꜱʜᴇʟʟ	7			A small, hard, sea-dwelling mollusk shell that is often used as decoration or currency.								
1873	shell..of.seed			shell (of seed)	shell	ꜱʜᴇʟʟ	7			The hard, outer covering of a seed or a nut that must be removed to reach the edible part inside.								
1874	shellfish			shellfish	shellfish	ꜱʜᴇʟʟꜰɪꜱʜ	7			An aquatic animal with a hard shell, such as a clam, snail, or crab.	貝							
1875	shelter			shelter	shelter	ꜱʜᴇʟᴛᴇʀ	7			A place that provides protection from the weather, such as rain, wind, or sun.								
212	shield	1064	SHIELD	shield	shield	ꜱʜɪᴇʟᴅ	3			A piece of strong material, such as wood or metal, held or carried to protect a person from attacks or blows.		ढाल		盾牌	ဒိုင်း		shield (n)	
927	shine..of.sun:to	708	SHINE	to shine (of sun)	shine	ꜱʜɪɴᴇ	5			To emit or reflect bright light, specifically as the sun does in the sky.		चमकना		发光	တောက်ပဖို့		shine	
928	shiver:to	52	SHIVER	to shiver	shiver	ꜱʜɪᴠᴇʀ	5			To make involuntary, rapid movements of the body, often caused by cold, fear, or illness.		काँपना		发抖	တုန်လှုပ်ခြင်း။		to shiver	
2547	shock:to			to shock	shock	ꜱʜᴏᴄᴋ	7			To cause a sudden, strong feeling of surprise, fear, or dismay.								
1876	shoe			shoe	shoe	ꜱʜᴏᴇ	7			A piece of clothing worn on the foot to protect it, covering the sole and part of the foot.								
89	shoot..arrow:to	1172	SHOOT	to shoot (arrow)	shoot	ꜱʜᴏᴏᴛ	2			To propel an arrow from a bow using a string.	撃つ	गोली चलाना		射击	ပစ်ရန်		to shoot (gun)	shoot
1877	shoot..of.plant			shoot (of plant)	shoot	ꜱʜᴏᴏᴛ	7			A new part of a plant that grows above the ground or from a stem.								
1878	shop			shop	shop	ꜱʜᴏᴘ	7			A place of business where goods or services are sold to customers.								
1879	shopkeeper			shopkeeper	shopkeeper	ꜱʜᴏᴘᴋᴇᴇᴘᴇʀ	7			A person who owns or manages a place where goods are sold to customers.								
1880	shore	113	SHORE	shore	shore	ꜱʜᴏʀᴇ	7			The land immediately bordering a body of water, such as a sea, lake, or river.	岸						beach	
824	short..duration:to.be	3312	SHORT (TIME)	to be short (duration)	short	ꜱʜᴏʀᴛ	5			To last for a brief period of time rather than a long time.								
260	short..height:to.be	1645	SHORT	to be short (height)	short	ꜱʜᴏʀᴛ	3			To have a small distance between the top of the head and the soles of the feet, especially when compared to others.		छोटा होना		矮	လူတို			
82	short..length:to.be	1645	SHORT	to be short (length)	short	ꜱʜᴏʀᴛ	2			To have a small distance from one end to the other, rather than being long.	短い	छोटा होना		短	အတိုအရှည်ဖြစ်ရမည်။		to be short (length)	
2548	shorten:to			to shorten	shorten	ꜱʜᴏʀᴛᴇɴ	7			To make something less long or to reduce its length.								
2549	shout:to			to shout	shout	ꜱʜᴏᴜᴛ	7			To speak or cry out with a very loud, forceful voice.								
929	show..display:to	1039	SHOW	to show (display)	show	ꜱʜᴏᴡ	5			To cause something to be seen or to make a visible object visible to others.	見せる	दिखाना		展示	ပြသရန်		to bare, show (teeth)	
1882	shrew			shrew	shrew	ꜱʜʀᴇᴡ	7			A small, insectivorous mammal with a pointed snout and a long tail.								
739	shrimp:.prawn	2349	SHRIMP	shrimp	shrimp	ꜱʜʀɪᴍᴘ	5		fauna	A small, edible crustacean with a long body and many legs, often found in saltwater or freshwater.	蝦	झींगा		虾	ပုစွန်			
2128	shrivelled..of.fruit:to.be			to be shrivelled (of fruit)	shrivelled	ꜱʜʀɪᴠᴇʟʟᴇᴅ	7			To become dry, wrinkled, and smaller in size, especially when a piece of fruit is no longer fresh.								
261	shy:to.be	487	SHY	to be shy	shy	ꜱʜʏ	3			To feel nervous, timid, or uncomfortable, especially when being around other people or in a social situation.		शर्मीला होना		害羞	ရှက်ဖို့ကောင်းတယ်။		(be) shy	
355	sibling:younger			younger sibling	younger.sibling	ʏᴏᴜɴɢᴇʀ.ꜱɪʙʟɪɴɢ	3			A person who has the same parents as you but was born after you.								
1708	sibling..general:older			older sibling (general)	older.sibling	ᴏʟᴅᴇʀ.ꜱɪʙʟɪɴɢ	7			A person who has the same parents or one parent in common as you, but was born before you.								
1883	siblings..general			siblings (general)	siblings	ꜱɪʙʟɪɴɢꜱ	7			The people who share the same parents as you.	兄弟姉妹							
1884	sickle	341	SICKLE	sickle	sickle	ꜱɪᴄᴋʟᴇ	7			A hand tool with a curved blade used for cutting grain or grass.	鎌						sickle	
740	side..of.body	–	–	side (of body)	side	ꜱɪᴅᴇ	5		body parts	The part of the human body located between the ribs and the hip.		पार्श्व		侧面	ခန္ဓာကိုယ်၏အခြမ်း			
741	side..of.something	682	SIDE	side (of something)	side	ꜱɪᴅᴇ	5			A surface or boundary that is not the top, bottom, front, or back of an object.		किनारा		侧面	တစ်စုံတစ်ခု၏ဘက်		side (of something)	
1885	side.dish			side dish	side.dish	ꜱɪᴅᴇ.ᴅɪꜱʜ	7			A food item served alongside a main course or staple food during a meal.	おかず							
1886	sideburns			sideburns	sideburns	ꜱɪᴅᴇʙᴜʀɴꜱ	7			The hair grown on the sides of a person's face, extending from the hairline down toward the ears or jawline.	頬ひげ							
1887	sign..signal			sign (signal)	sign	ꜱɪɢɴ	7			A gesture or movement of the body, such as a hand motion, used to communicate a specific meaning or instruction.								
2129	silent:to.be	48	BE SILENT	to be silent	silent	ꜱɪʟᴇɴᴛ	7			To make no sound or to refrain from speaking.	静かな						(be) silent	
213	silver	759	SILVER	silver	silver	ꜱɪʟᴠᴇʀ	3			A precious, shiny, grayish-white metal used for making jewelry or coins.	銀	चाँदी		银	ငွေ		silver	silver
825	similar:to.be	1558	SIMILAR	to be similar	similar	ꜱɪᴍɪʟᴀʀ	5			To have qualities or features that are nearly the same as another person or thing.		समान होना		相似	အလားတူဖြစ်ရန်			
1888	sin			sin	sin	ꜱɪɴ	7			An act that violates a moral or religious law.								
2246	sin:to.commit			to commit sin	commit.sin	ᴄᴏᴍᴍɪᴛ.ꜱɪɴ	7			To perform an act that violates a moral or religious law.								
323	sing:to	1261	SING	to sing	sing	ꜱɪɴɢ	3			To produce musical sounds with the voice, often following a melody or rhythm.	歌う	गाना गाना		唱歌	သီချင်းသီဆိုရန်			
2550	singe:to			to singe	singe	ꜱɪɴɢᴇ	7			To burn the surface of something slightly, such as hair or skin, often with a flame or heat, without destroying the whole object.								
324	sink:to	1088	SINK (DESCEND)	to sink	sink	ꜱɪɴᴋ	3			To move or fall downward below the surface of a liquid.	沈む	डूबना		下沉	နစ်မြုပ်ရန်			
127	sister:elder	1758	OLDER SISTER	elder sister	elder.sister	ᴇʟᴅᴇʀ.ꜱɪꜱᴛᴇʀ	3		kinship	A female sibling who was born before the speaker.	姉	दीदी		姐姐	အစ်မ			
1382	sister:eldest			eldest sister	eldest.sister	ᴇʟᴅᴇꜱᴛ.ꜱɪꜱᴛᴇʀ	7			The female sibling who was born first among all sisters.								
1004	sister:younger	1761	YOUNGER SISTER	younger sister	younger.sister	ʏᴏᴜɴɢᴇʀ.ꜱɪꜱᴛᴇʀ	5		kinship	A female sibling who was born after the speaker or after another person.	妹	छोटी बहन		妹妹	ညီမအငယ်			
2804	sister:youngest			youngest sister	youngest.sister	ʏᴏᴜɴɢᴇꜱᴛ.ꜱɪꜱᴛᴇʀ	7			The female sibling who was born last among all sisters.								
1889	sister.in.law			sister in law	sister.in.law	ꜱɪꜱᴛᴇʀ.ɪɴ.ʟᴀᴡ	7			A woman who is the sister of one's spouse or the wife of one's brother.								
1890	sisters			sisters	sisters	ꜱɪꜱᴛᴇʀꜱ	7			The female siblings of a person.	姉妹							
90	sit:to	1416	SIT	to sit	sit	ꜱɪᴛ	2			To rest the body on the buttocks or a seat rather than standing or lying down.	座る	बैठना		坐	ထိုင်ရန်		(be) seated	sit
2551	sit.together.closely:to			to sit together closely	sit.together.closely	ꜱɪᴛ.ᴛᴏɢᴇᴛʜᴇʀ.ᴄʟᴏꜱᴇʟʏ	7			To sit or rest in a way that people are physically touching or have very little space between them.								
1891	skeleton			skeleton	skeleton	ꜱᴋᴇʟᴇᴛᴏɴ	7			The bony structure that supports the body of a human or an animal.								
826	skilled:to.be	807	SKILLED	to be skilled	skilled	ꜱᴋɪʟʟᴇᴅ	5			To have the ability or expertise to perform a task or activity well.		कुशल होना		擅长	တစ်ခုခုကို ကျွမ်းကျင်ဖို့၊			
69	skin	763	SKIN	skin	skin	ꜱᴋɪɴ	2		body parts	The outer covering of a human or animal body.	皮膚	त्वचा		皮肤	အရေပြား		skin	skin/bark
2552	skin:to			to skin	skin	ꜱᴋɪɴ	7			To remove the outer covering from the body of an animal.								
1892	skin..of.fruit			skin (of fruit)	skin	ꜱᴋɪɴ	7			The outer covering of a fruit or vegetable that is separated from the flesh.								
1893	skin.flakes			skin flakes	skin.flakes	ꜱᴋɪɴ.ꜰʟᴀᴋᴇꜱ	7			Small, thin pieces of dead tissue that fall or peel off from the surface of the human or animal body.	垢							
2553	skip.over:to			to skip over	skip.over	ꜱᴋɪᴘ.ᴏᴠᴇʀ	7			To move over a surface or obstacle by making a small jump or a series of short, quick leaps.								
744	skirt..mekhela	1600	SKIRT	skirt (mekhela)	skirt	ꜱᴋɪʀᴛ	5			A piece of clothing that covers the lower body from the waist down to the legs or ankles, but does not include separate legs like trousers.								
745	skull	1605	SKULL	skull	skull	ꜱᴋᴜʟʟ	5		body parts	The bony structure that protects the brain and forms the upper part of the head.		खोपड़ी		颅骨	ဦးခေါင်းခွံ		skull	
214	sky	1732	SKY	sky	sky	ꜱᴋʏ	3			The expanse of space above the earth or the ground.	空	आकाश		天空	ကောင်းကင်		sky	sky
2554	slander:to			to slander	slander	ꜱʟᴀɴᴅᴇʀ	7			To say false or damaging things about a person in order to harm their reputation.								
2555	slap:to			to slap	slap	ꜱʟᴀᴘ	7			To strike a person or an object with the flat of the hand.								
2556	slap..backhanded:to			to slap (backhanded)	slap	ꜱʟᴀᴘ	7			To strike someone with the back of the hand instead of the palm.								
1894	slate.grey.nevus			slate grey nevus	slate.grey.nevus	ꜱʟᴀᴛᴇ.ɢʀᴇʏ.ɴᴇᴠᴜꜱ	7			A dark, bluish-grey or black spot or mark on the skin caused by a cluster of pigment cells.	蒙古斑							
1895	slave	812	SLAVE	slave	slave	ꜱʟᴀᴠᴇ	7			A person who is owned by another person and forced to work without pay.	奴隷						slave	
25	sleep:to	1585	SLEEP	to sleep	sleep	ꜱʟᴇᴇᴘ	1			To be in a state of rest where the eyes are closed and the person is unconscious for a period of time.	眠る	सोना		睡觉	အိပ်ရန်		to sleep	sleep/lie down
2557	sleep.over:to			to sleep over	sleep.over	ꜱʟᴇᴇᴘ.ᴏᴠᴇʀ	7			To stay and sleep at someone else's home during the night instead of returning to one's own home.								
1896	sleeping.area			sleeping area	sleeping.area	ꜱʟᴇᴇᴘɪɴɢ.ᴀʀᴇᴀ	7			A specific place or piece of furniture used for resting or sleeping.								
2558	slice..fruit:to			to slice (fruit)	slice	ꜱʟɪᴄᴇ	7			To cut a piece of fruit into thin, flat pieces or sections.								
2559	slide:to			to slide	slide	ꜱʟɪᴅᴇ	7			To move smoothly across a surface while maintaining continuous contact with it, often due to a lack of friction.								
1897	slime			slime	slime	ꜱʟɪᴍᴇ	7			A slippery, wet, and often sticky substance found on surfaces or living things.								
1160	sling:baby			baby sling	baby.sling	ʙᴀʙʏ.ꜱʟɪɴɢ	7			A piece of cloth or a carrier used to hold an infant close to the body while walking or working.								
1898	sling..weapon	387	SLING	sling (weapon)	sling	ꜱʟɪɴɢ	7			A weapon consisting of a cord or strap used to hurl stones or projectiles by swinging it around.	パチンコ							
827	slippery:to.be	3702	SLIPPERY	to be slippery	slippery	ꜱʟɪᴘᴘᴇʀʏ	5			To have a surface that is difficult to hold or stand on because it is smooth, wet, or oily.		चिकना		滑	ချောရမည်။		(be) slippery	
2560	slither..of.snake:to			to slither (of snake)	slither	ꜱʟɪᴛʜᴇʀ	7			To move along the ground with a smooth, sliding motion, typically by a reptile such as a snake.								
262	slow:to.be	701	SLOW	to be slow	slow	ꜱʟᴏᴡ	3			To move or act at a low speed, rather than quickly.	ゆっくりと, おそい	धीमा		慢	နှေးနှေး		to be slow	
1899	slow.loris			slow loris	slow.loris	ꜱʟᴏᴡ.ʟᴏʀɪꜱ	7			A small, nocturnal primate with large eyes and a slow movement, found in the tropical forests of Southeast Asia.								
1900	slug			slug	slug	ꜱʟᴜɢ	7			A soft-bodied, slimy gastropod mollusk that lacks a shell and moves on a single muscular foot.	ナメクジ							
263	small:to.be	1246	SMALL	to be small	small	ꜱᴍᴀʟʟ	3			To have a little size or a short length, rather than being large or long.	小さい	छोटा होना		小	သေးငယ်ဖို့		to be small	
2130	smart:to.be			to be smart	smart	ꜱᴍᴀʀᴛ	7			To possess high intelligence or mental capacity.								
2561	smear..something:to			to smear (something)	smear	ꜱᴍᴇᴀʀ	7			To spread a substance, such as oil, mud, or cream, over a surface using a hand or a tool.								
930	smell..intransitive:to	1587	SMELL (STINK)	to smell (intransitive)	smell	ꜱᴍᴇʟʟ	5			To perceive an odor or scent through the nose.		खुशबू होना		有味道	အနံ့ရှိရန်		stink, smell (bad)	
325	smell..something:to	1586	SMELL (PERCEIVE)	to smell (something)	smell	ꜱᴍᴇʟʟ	3			To perceive an odor or scent through the nose.	嗅ぐ, におう	सूंघना		闻	အနံ့ခံရန်			smell
487	smell.bad:to	–	–	to smell bad	smell.bad	ꜱᴍᴇʟʟ.ʙᴀᴅ	4			To emit an unpleasant or offensive odor.				臭	အနံ့ဆိုးဖို့			
488	smell.good..fragrant:to	–	–	to smell good (fragrant)	smell.good	ꜱᴍᴇʟʟ.ɢᴏᴏᴅ	4			To have a pleasant or sweet scent.		सुगंधित होना		香	အနံ့ကောင်းဖို့			
931	smile:to	1451	SMILE	to smile	smile	ꜱᴍɪʟᴇ	5			To turn up the corners of the mouth to show pleasure or happiness without opening the lips or showing teeth.		मुस्कुराना		微笑	ပြုံးဖို့			
70	smoke	778	SMOKE (EXHAUST)	smoke	smoke	ꜱᴍᴏᴋᴇ	2			The visible gas or vapor produced when a substance burns, often seen coming from a fire or an engine.	煙	धुआं		烟	မီးခိုး			smoke
326	smoke:to	1689	SMOKE (INHALE)	to smoke	smoke	ꜱᴍᴏᴋᴇ	3			To inhale and exhale the smoke from a burning substance, such as tobacco, through a pipe, cigarette, or similar device.		धूम्रपान करना		抽烟	ဆေးလိပ်သောက်ရန်			
2131	smoked:to.be			to be smoked	smoked	ꜱᴍᴏᴋᴇᴅ	7			To undergo a process of being preserved or cooked using smoke from a fire.								
264	smooth:to.be	1234	SMOOTH	to be smooth	smooth	ꜱᴍᴏᴏᴛʜ	3			To have an even and level surface without any bumps, ridges, or roughness.	すべすべした	मुलायम होना		平滑	ချောမွေ့စေရန်		to be smooth (road)	
2412	smooth:to.make			to make smooth	make.smooth	ᴍᴀᴋᴇ.ꜱᴍᴏᴏᴛʜ	7			To remove roughness or unevenness from a surface so that it becomes flat or level.								
215	snail	1543	SNAIL	snail	snail	ꜱɴᴀɪʟ	3		fauna	A small, soft-bodied creature that carries a single, hard, spiraled shell on its back and moves slowly by sliding on a layer of slime.	カタツムリ	घोंघा		蜗牛	ခရု		snail	
1902	snail.shell			snail shell	snail.shell	ꜱɴᴀɪʟ.ꜱʜᴇʟʟ	7			The hard, spiral-shaped outer covering of a small gastropod mollusk.								
17	snake	730	SNAKE	snake	snake	ꜱɴᴀᴋᴇ	1		fauna	A long, thin reptile that has no legs and moves by sliding its body along the ground.	蛇	साँप		蛇	မြွေ		snake	snake
932	sneeze:to	1621	SNEEZE	to sneeze	sneeze	ꜱɴᴇᴇᴢᴇ	5			To expel air suddenly and forcefully through the nose and mouth, often due to dust, an irritant, or a cold.		छींकना		打喷嚏	နှာချေရန်		to sneeze	
933	snore:to	1983	SNORE	to snore	snore	ꜱɴᴏʀᴇ	5			To make loud, rhythmic breathing sounds while sleeping.		खर्राटे लेना		打鼾	ဟောက်ရန်			
216	snot..liquid.mucus	208	NASAL MUCUS (SNOT)	snot (liquid mucus)	snot	ꜱɴᴏᴛ	3		body parts	The liquid or viscous substance that comes out of the nose.	鼻水	नाक का मूसा		鼻涕	နှပ်		nasal mucus, snot	snot
1904	snot..solid.mucus	208	NASAL MUCUS (SNOT)	snot (solid mucus)	snot	ꜱɴᴏᴛ	7		body parts	The thick, viscous, or solid substance found inside the nose.	鼻糞	नाक का मूसा		鼻涕	နှပ်			snot
1905	snow	784	SNOW	snow	snow	ꜱɴᴏᴡ	7			The frozen white precipitation that falls from the sky in cold climates and covers the ground.	雪	बर्फ़		雪	နှင်း			
2562	soak..intransitive:to			to soak (intransitive)	soak	ꜱᴏᴀᴋ	7			To become completely wet or saturated with a liquid.								
2563	soak..something:to			to soak (something)	soak	ꜱᴏᴀᴋ	7			To place an object in a liquid so that it becomes completely wet or saturated.								
1906	soap			soap	soap	ꜱᴏᴀᴘ	7			A substance used with water for washing the body or cleaning objects.								
2564	soar:to			to soar	soar	ꜱᴏᴀʀ	7			To fly or glide high up in the air without flapping wings or using much effort.								
1907	socks			socks	socks	ꜱᴏᴄᴋꜱ	7			A piece of clothing made of fabric that covers the foot and part of the leg, worn inside a shoe.								
265	soft:to.be	1856	SOFT	to be soft	soft	ꜱᴏꜰᴛ	3			To have a texture that is easily compressed or yielding to the touch, rather than being hard or firm.	やわらかい	मुलायम होना		软	ပျော့ပျောင်းစေရန်		to be soft (cotton)	soft (to touch)
2565	soften:to			to soften	soften	ꜱᴏꜰᴛᴇɴ	7			To make something less hard, firm, or rigid.								
1908	soil	1228	EARTH (SOIL)	soil	soil	ꜱᴏɪʟ	7			The top layer of the ground consisting of a mixture of organic matter, minerals, and tiny rocks that plants grow in.	土						soil (earth)	
1909	soldier			soldier	soldier	ꜱᴏʟᴅɪᴇʀ	7			A person who is a member of an organized armed force and is trained to fight in a war.								
749	some..portion	1241	SOME	some (portion)	some	ꜱᴏᴍᴇ	5			An unspecified amount or number of a thing, which is not all of it.	いくつか	कुछ  नहीं सब		一些	အချို့၊ အားလုံးမဟုတ်ပါ။		some (people)	
1912	somebody			somebody	somebody	ꜱᴏᴍᴇʙᴏᴅʏ	7			An unspecified or unknown person.								
1913	something			something	something	ꜱᴏᴍᴇᴛʜɪɴɢ	7			An unspecified or unknown object, idea, or entity.	何か							
1914	sometimes	1544	SOMETIMES	sometimes	sometimes	ꜱᴏᴍᴇᴛɪᴍᴇꜱ	7			An occurrence that happens occasionally or from time to time, but not all the time or every time.	ときどき						sometimes	
432	son	1620	SON	son	son	ꜱᴏɴ	4		kinship	A male child or offspring in relation to his parents.	息子	बेटा		儿子	သား		son	child/son
750	son.in.law	1056	SON-IN-LAW	son in law	son.in.law	ꜱᴏɴ.ɪɴ.ʟᴀᴡ	5		kinship	The male person who is married to one's daughter or a sibling's daughter.	婿	जमाई		女婿	သမက်		son-in-law	son-in-law
751	song	1096	SONG	song	song	ꜱᴏɴɢ	5			A musical composition consisting of words that are sung rather than spoken.	歌	गीत		歌曲	သီချင်း		song	
2132	sore:to.be			to be sore	sore	ꜱᴏʀᴇ	7			To feel physical pain or discomfort in a part of the body, often due to injury, overuse, or illness.								
1915	sore..on.body			sore (on body)	sore	ꜱᴏʀᴇ	7			A painful, red, or inflamed spot on the skin or a body part.								
752	soul!spirit..of.living	811	SOUL	soul, spirit (of living)	soul	ꜱᴏᴜʟ	5			The non-physical part of a living person that is believed to exist separately from the body and remains after death.		आत्मा		灵魂	ဝိညာဉ်		soul, spirit (of living person)	
1916	soup	1547	SOUP	soup	soup	ꜱᴏᴜᴘ	7			A liquid food made by boiling meat, vegetables, or grains in water or broth.	汁，スープ						soup, broth	
266	sour:to.be	1906	SOUR	to be sour	sour	ꜱᴏᴜʀ	3			To have a sharp, acidic, or tart taste, such as the flavor of a lemon or vinegar.	すっぱい	खट्टा होना		酸	အချဉ်ဖြစ်ရန်		to be sour	sour
1917	source..origin			source (origin)	source	ꜱᴏᴜʀᴄᴇ	7			The place, point, or starting position where something begins or comes from.								
753	south	1595	SOUTH	south	south	ꜱᴏᴜᴛʜ	5			The cardinal direction that lies opposite to north.	南	दक्षिण		南	တောင်			
327	sow..crops:to	748	SOW SEEDS	to sow (crops)	sow	ꜱᴏᴡ	3			To place seeds or grains into the soil so that they may grow into plants.	蒔く	बोना या बोवाई करना		播种	ကြဲရန်			
2566	sow..rice:to			to sow (rice)	sow	ꜱᴏᴡ	7			To place seeds, such as those of a grain crop, into the soil or water so that they may grow.								
754	soy.bean	2028	SOYA BEAN	soy bean	soy.bean	ꜱᴏʏ.ʙᴇᴀɴ	5		flora	A small, oval seed from a leguminous plant, often used to make oil or fermented food products.		सोयाबीन		黄豆	ပဲပိစပ်		soy bean	
1405	soy.bean:fermented			fermented soy bean	fermented.soy.bean	ꜰᴇʀᴍᴇɴᴛᴇᴅ.ꜱᴏʏ.ʙᴇᴀɴ	7			A food made from soybeans that have undergone a process of bacterial or fungal decay to change their flavor and texture.								
1919	soy.bean..preserved			soy bean (preserved)	soy.bean	ꜱᴏʏ.ʙᴇᴀɴ	7			A legume that has been processed through fermentation or drying for storage.								
1920	spade			spade	spade	ꜱᴘᴀᴅᴇ	7			A tool used for digging or moving earth, consisting of a broad, flat blade attached to a long handle.								
2567	spank..child:to			to spank (child)	spank	ꜱᴘᴀɴᴋ	7			To strike a person, typically a child, on the buttocks with an open hand as a form of punishment.								
1921	spark			spark	spark	ꜱᴘᴀʀᴋ	7			A small, glowing particle thrown off from a fire or from a piece of metal being struck.								
755	sparrow	1854	SPARROW	sparrow	sparrow	ꜱᴘᴀʀʀᴏᴡ	5		fauna	A small, common bird with a short, stout beak and brown plumage, often seen living near human dwellings.	雀	गौरैया		麻雀	စာငှက်			
1922	spatula	–	–	spatula	spatula	ꜱᴘᴀᴛᴜʟᴀ	7			A flat, wide tool used for flipping or spreading food in a pan or during cooking.		पटेला		抹刀				
328	speak:to	1623	SPEAK	to speak	speak	ꜱᴘᴇᴀᴋ	3			To use a language or a set of sounds to communicate thoughts and ideas.	話す	बोलना		说	ပြောရန် သို့မဟုတ် ပြောရန်			
71	spear	945	SPEAR	spear	spear	ꜱᴘᴇᴀʀ	2			A long-handled weapon with a sharp, pointed head used for thrusting or throwing.	槍	भाला		矛	လှံ		spear	
828	special:to.be	–	–	to be special	special	ꜱᴘᴇᴄɪᴀʟ	5			To be different from the usual or the ordinary; to be unique or extraordinary.		विशेष होना		特别	အထူးဖြစ်ရန်			
1923	spectacle			spectacle	spectacle	ꜱᴘᴇᴄᴛᴀᴄʟᴇ	7			An impressive or unusual sight that is observed by many people.								
1924	speed..velocity			speed (velocity)	speed	ꜱᴘᴇᴇᴅ	7			The rate at which an object moves or changes its position over a period of time.								
433	spicy..of.chilis:to.be	544	SPICY	to be spicy (of chilis)	spicy	ꜱᴘɪᴄʏ	4			To have a strong, hot, or burning sensation in the mouth caused by eating a chili pepper.	苦い	मसालेदार		辣	ငရုတ်သီးမှအစပ်		to be spicy	
217	spider	843	SPIDER	spider	spider	ꜱᴘɪᴅᴇʀ	3		fauna	An eight-legged arachnid that often spins a web to catch insects.	蜘蛛	मकड़ी		蜘蛛	ပင့်ကူ		spider	
218	spider::web	1065	SPIDER WEB	spiderweb	spiderweb	ꜱᴘɪᴅᴇʀᴡᴇʙ	3		fauna	The silk structure spun by an arachnid to catch prey or move around.		मकड़ी का जाल		蜘蛛网	ပင့်ကူအိမ်ကွန်ယက်		spider web	
2568	spill..liquid:to	3130	SPILL (SOMETHING)	to spill (liquid)	spill	ꜱᴘɪʟʟ	7			To cause a liquid to flow or fall out of a container by accident.							spill (liquid) (tr)	
934	spin..cotton:to	–	–	to spin (cotton)	spin	ꜱᴘɪɴ	5			To turn raw fibers into thread or yarn by twisting them together using a tool.	紡ぐ	धुनाई करना		纺	ချည်လှည့်ဖို့			
756	spirit..deity	53	SPIRIT	spirit (deity)	spirit	ꜱᴘɪʀɪᴛ	5			A supernatural being or entity that is worshipped as a god or goddess.	神	आत्मा		精神	စိတ်ဝိညာဉ်		spirit (of dead person) (invisible)	
1926	spirit..of.deceased			spirit (of deceased)	spirit	ꜱᴘɪʀɪᴛ	7			The soul or essence of a person who has died.								
329	spit:to	1440	SPIT	to spit	spit	ꜱᴘɪᴛ	3			To eject saliva or a small amount of liquid from the mouth by force.	つばを吐く	थूकना		吐	တံတွေးထွေးရန်			spit
2569	spit.out..seed:to			to spit out (seed)	spit.out	ꜱᴘɪᴛ.ᴏᴜᴛ	7			To eject a small, hard part of a fruit or plant from the mouth.								
1928	spleen			spleen	spleen	ꜱᴘʟᴇᴇɴ	7			An organ located in the upper abdomen that filters blood and is part of the immune system.								
1929	splendour			splendour	splendour	ꜱᴘʟᴇɴᴅᴏᴜʀ	7			The quality of being magnificent, brilliant, or impressive in appearance or character.								
757	splinter..injury	–	–	splinter (injury)	splinter	ꜱᴘʟɪɴᴛᴇʀ	5			A small, thin, sharp piece of wood or metal that has become embedded under the skin.								
935	split:to	1437	SPLIT	to split	split	ꜱᴘʟɪᴛ	5			To divide a single object into two or more separate parts, typically by using a sharp tool or force along a line or crack.		फटना		劈	ခွဲရန်			
2570	split..with.knife:to			to split (with knife)	split	ꜱᴘʟɪᴛ	7			To divide something into two or more parts by using a sharp tool such as a blade.								
2571	spoil..of.children:to			to spoil (of children)	spoil	ꜱᴘᴏɪʟ	7			To treat a child with excessive indulgence or to give them everything they want, preventing them from learning discipline or self-control.								
936	spoil..of.food:to	569	SPOIL (BECOME SPOILED)	to spoil (of food)	spoil	ꜱᴘᴏɪʟ	5			To undergo a process of decay or rot, making it unsafe or unpleasant to eat.		ख़राब होना		腐败	လုယူရန်		spoil (food) (intr)	
2572	spoon..liquid:to			to spoon (liquid)	spoon	ꜱᴘᴏᴏɴ	7			To move or lift a liquid or small amount of food using a utensil with a shallow, curved bowl.								
758	spoon..utensil	1378	SPOON	spoon (utensil)	spoon	ꜱᴘᴏᴏɴ	5			A tool used for eating or serving food, consisting of a small, shallow bowl at one end of a handle.	匙	चम्मच		勺子	ဇွန်း		spoon	
1931	spot..blemish			spot (blemish)	spot	ꜱᴘᴏᴛ	7			A small, colored mark or discoloration on a surface that is different from the surrounding area.								
1932	spot..pattern			spot (pattern)	spot	ꜱᴘᴏᴛ	7			A small, round mark or patch of color that is different from the surrounding area.								
2573	spray:to			to spray	spray	ꜱᴘʀᴀʏ	7			To force a liquid out of a container in many small drops or a fine mist.								
2812	spread..blanket:to	38	SPREAD OUT	to spread (blanket)	spread	ꜱᴘʀᴇᴀᴅ	7			To extend or flatten a piece of cloth over a surface, such as a bed or the floor, so that it covers the area.								
2574	spread..of.disease:to			to spread (of disease)	spread	ꜱᴘʀᴇᴀᴅ	7			To pass from one person or living thing to another through contact or air, causing an illness to increase in number or area.								
937	spread..of.roots:to			to spread (of roots)	spread	ꜱᴘʀᴇᴀᴅ	5			To grow outward from a central point or stem into the surrounding soil.		फैलना		扩散	အမြစ်၏ပြန့်ပွားရန်			
2575	spread.out:to	38	SPREAD OUT	to spread out	spread.out	ꜱᴘʀᴇᴀᴅ.ᴏᴜᴛ	7			To extend or expand from a central point to cover a larger area or surface.								
1933	spring..season			spring (season)	spring	ꜱᴘʀɪɴɢ	7			The season of the year between winter and summer, when the weather becomes warmer and plants begin to grow again.								
1934	spring..water	849	SPRING (OF WATER)	spring (water)	spring	ꜱᴘʀɪɴɢ	7			A place where water flows naturally out of the ground from an underground source.	泉						spring	
2576	sprinkle..of.rain:to			to sprinkle (of rain)	sprinkle	ꜱᴘʀɪɴᴋʟᴇ	7			To fall in small, light drops or a very fine spray rather than in a heavy downpour.								
2577	sprinkle..something:to			to sprinkle (something)	sprinkle	ꜱᴘʀɪɴᴋʟᴇ	7			To scatter small drops of a liquid or tiny particles over a surface or a group of things.	水を撒く							
2578	sprout:to			to sprout	sprout	ꜱᴘʀᴏᴜᴛ	7			To begin to grow from a seed or a bud, such as when a plant starts to emerge from the ground.								
1935	sputum			sputum	sputum	ꜱᴘᴜᴛᴜᴍ	7			The fluid or mucus coughed up from the lungs or throat.								
1936	spy			spy	spy	ꜱᴘʏ	7			A person who secretly collects information about a person, country, or organization to use it for another party.								
2579	spy.on:to			to spy on	spy.on	ꜱᴘʏ.ᴏɴ	7			To watch someone or a place secretly and continuously, often to gather information or find out what they are doing.								
2580	squat:to			to squat	squat	ꜱꞯᴜᴀᴛ	7			To adopt a position where one is sitting on one's heels with the buttocks near the feet and the weight resting on the feet.								
330	squeeze:to	1414	SQUEEZE	to squeeze	squeeze	ꜱꞯᴜᴇᴇᴢᴇ	3			To apply pressure to an object between two surfaces, such as fingers or hands, often to extract liquid or to change its shape.	しぼる	दबाना		挤	ညှစ်ရန်			squeeze
598	squirrel:flying	3271	FLYING SQUIRREL	flying squirrel	flying.squirrel	ꜰʟʏɪɴɢ.ꜱꞯᴜɪʀʀᴇʟ	5		fauna	A small rodent with a membrane of skin between its limbs that allows it to glide from tree to tree.		उड़ती गिलहरी		飞鼠	ရှဉ့်ပျံ			
759	squirrel..general	1628	SQUIRREL	squirrel (general)	squirrel	ꜱꞯᴜɪʀʀᴇʟ	5		fauna	A small rodent with a long, bushy tail that lives in trees and eats nuts.	リス	गिलहरी		松鼠	ရှဉ့်		squirrel	
2581	stab:to			to stab	stab	ꜱᴛᴀʙ	7			To pierce or wound a person or animal with a sharp, pointed object such as a knife or a spear.								
2582	stabilise:to			to stabilise	stabilise	ꜱᴛᴀʙɪʟɪꜱᴇ	7			To make something steady or firm so that it does not move, shake, or fall.								
2583	stalk:to			to stalk	stalk	ꜱᴛᴀʟᴋ	7			To follow or pursue someone or something stealthily and continuously, often with the intent to capture or harm them.								
1937	stalk..of.plant			stalk (of plant)	stalk	ꜱᴛᴀʟᴋ	7			The long, thin part of a plant that supports the leaves or flowers and connects them to the roots.								
2584	stamp.foot:to			to stamp foot	stamp.foot	ꜱᴛᴀᴍᴘ.ꜰᴏᴏᴛ	7			To strike the ground heavily with one's foot, often to express anger, impatience, or to get attention.								
91	stand..in.place:to	1442	STAND	to stand (in place)	stand	ꜱᴛᴀɴᴅ	2			To be in an upright position on one's feet in a single location.	立つ	खड़े रहना		站	ရပ်တည်ရန်		to stand (remain)	stand
2585	stand.up:to	570	STAND UP	to stand up	stand.up	ꜱᴛᴀɴᴅ.ᴜᴘ	7			To rise from a sitting or lying position to a vertical position on one's feet.	起きる							
72	star	1430	STAR	star	star	ꜱᴛᴀʀ	2			A large, luminous ball of gas in space that shines in the night sky.	星	तारा		星星	ကြယ်ပွင့်		star	star
738	star:shooting	2835	SHOOTING STAR	shooting star	shooting.star	ꜱʜᴏᴏᴛɪɴɢ.ꜱᴛᴀʀ	5			A bright light that appears to move quickly across the night sky and then disappears.								
2586	start.off..set.out:to			to start off (set out)	start.off	ꜱᴛᴀʀᴛ.ᴏꜰꜰ	7			To begin a journey or depart from a place to go somewhere.								
2587	startle:to			to startle	startle	ꜱᴛᴀʀᴛʟᴇ	7			To cause someone to feel a sudden, brief sense of fear or shock, often causing them to jump or react physically.								
938	stay:to	–	–	to stay	stay	ꜱᴛᴀʏ	5			To remain in a particular place or position instead of leaving or moving.		रहना		住	နေဖို့၊ နေဖို့			
2588	stay..overnight:to			to stay (overnight)	stay	ꜱᴛᴀʏ	7			To spend the night at a place instead of traveling or leaving.								
331	steal:to	713	STEAL	to steal	steal	ꜱᴛᴇᴀʟ	3			To take property or an object that belongs to someone else without their permission and without paying for it.	盗む	चुराना		偷	ခိုးယူရန်			steal
1939	steam	1193	STEAM	steam	steam	ꜱᴛᴇᴀᴍ	7			The hot water vapor produced when liquid water is heated to its boiling point.	湯気							
2589	steam:to	2067	STEAM (VERB)	to steam	steam	ꜱᴛᴇᴀᴍ	7			To cook food by exposing it to the hot vapor produced by boiling water.								
2133	steep:to.be			to be steep	steep	ꜱᴛᴇᴇᴘ	7			To rise or fall at a very sharp angle, making it difficult to climb or descend.								
2590	steer:to			to steer	steer	ꜱᴛᴇᴇʀ	7			To control the direction of a vehicle, a boat, or an animal by guiding it.								
1941	stem..of.plant	2628	PLANT STEM	stem (of plant)	stem	ꜱᴛᴇᴍ	7			The main, central part of a plant that supports the leaves and branches and connects them to the roots.	茎						stem, stalk (of corn, millet, etc.)	
489	step:to	2065	STEP (VERB)	to step	step	ꜱᴛᴇᴘ	4			To lift a foot and place it down in a new position to move the body forward.		कदम रखना		迈步	ခြေတစ်လှမ်းယူရန်		step (v)	
939	step.on:to	–	–	to step on	step.on	ꜱᴛᴇᴘ.ᴏɴ	5			To place one's foot on top of something.		कुछ पर कदम रखना		踩	တစ်ခုခုကို လှမ်းဖို့			
490	stick..glue:to			to stick (glue)	stick	ꜱᴛɪᴄᴋ	4			To join or attach two surfaces together using a sticky substance like resin, sap, or adhesive.								
219	stick..tree	1295	STICK	stick (tree)	stick	ꜱᴛɪᴄᴋ	3			A thin, woody piece of a plant or a tree that has fallen or been broken off.	杖, 棒	छड़ी		棍子	တုတ်			stick
2134	sticky:to.be			to be sticky	sticky	ꜱᴛɪᴄᴋʏ	7			To have a surface that clings or adheres to other things when touched.								
1943	still..as.yet	2919	STILL (CONTINUING)	still (as yet)	still	ꜱᴛɪʟʟ	7			An event or state that began in the past and continues to happen at the present moment.	まだ							
2135	still..unmoving:to.be			to be still (unmoving)	still	ꜱᴛɪʟʟ	7			To remain in a single position without any movement or shaking.								
1944	stilts			stilts	stilts	ꜱᴛɪʟᴛꜱ	7			A pair of long, thin poles used to walk high above the ground.	竹馬							
332	sting..of.bee:to	571	STING	to sting (of bee)	sting	ꜱᴛɪɴɢ	3			To pierce the skin with a sharp organ to inject venom, specifically as an action performed by an insect like a bee or wasp.		दर्द होना		叮	ကိုက်တယ်။		sting (v)	
2591	sting..of.nettle:to			to sting (of nettle)	sting	ꜱᴛɪɴɢ	7			To feel a sharp, painful prick or burning sensation on the skin after touching a specific type of plant.								
1945	stinger..of.animal			stinger (of animal)	stinger	ꜱᴛɪɴɢᴇʀ	7			A sharp, pointed organ on the body of an insect or animal used to inject venom or to wound.								
1947	stink.bug			stink bug	stink.bug	ꜱᴛɪɴᴋ.ʙᴜɢ	7			An insect that often has a shield-like shape and releases a strong, unpleasant odor when threatened or crushed.								
2592	stir:to			to stir	stir	ꜱᴛɪʀ	7			To move a liquid or a mixture around in a container using a tool or a hand.								
761	stomach..organ	819	STOMACH	stomach (organ)	stomach	ꜱᴛᴏᴍᴀᴄʜ	5		body parts	The hollow organ in the upper abdomen where food is held and digested.	胃	पेट		肚子	အစာအိမ်			
1948	stomach.ache			stomach ache	stomach.ache	ꜱᴛᴏᴍᴀᴄʜ.ᴀᴄʜᴇ	7			A pain or discomfort felt in the belly or abdominal area.								
73	stone	857	STONE	stone	stone	ꜱᴛᴏɴᴇ	2			A hard, solid, non-living mineral matter found in the ground or on the surface of the earth.	石	पत्थर		石头	ကျောက်		stone	stone
1301	stone:cooking			cooking stone	cooking.stone	ᴄᴏᴏᴋɪɴɢ.ꜱᴛᴏɴᴇ	7			A flat stone used as a surface for heating or preparing food over a fire.								
2593	stop..doing:to			to stop (doing)	stop	ꜱᴛᴏᴘ	7			To cease an action or a movement, so that it no longer continues.	止まる							
940	stop..moving:to	2880	HALT (STOP)	to stop (moving)	stop	ꜱᴛᴏᴘ	5			To cease all movement or motion.	止まる	कुछ नहीं करना		停	လှုပ်ရှားခြင်း သို့မဟုတ် တစ်ခုခုလုပ်ခြင်းကို ရပ်ရန်			
2594	store:to			to store	store	ꜱᴛᴏʀᴇ	7			To keep or put things in a specific place for future use.								
1949	stork			stork	stork	ꜱᴛᴏʀᴋ	7			A large, long-legged, long-necked bird that often lives near water and has a long, pointed beak.								
762	storm	858	STORM	storm	storm	ꜱᴛᴏʀᴍ	5			A strong, violent movement of air often accompanied by heavy rain, wind, or thunder and lightning.		तूफान		暴风雨	မုန်တိုင်း			
1950	story..tale			story (tale)	story	ꜱᴛᴏʀʏ	7			A spoken or written account of imaginary or real events, often used for entertainment or to pass on information.								
2595	straddle:to			to straddle	straddle	ꜱᴛʀᴀᴅᴅʟᴇ	7			To place one leg on each side of an object or a person.								
455	straight:to.be	1404	STRAIGHT	to be straight	straight	ꜱᴛʀᴀɪɢʜᴛ	4			To be in a line that does not bend, curve, or turn.	まっすぐな	सीधा होना		直	ဖြောင့်ဖို့		to be straight (road)	
2596	straighten:to			to straighten	straighten	ꜱᴛʀᴀɪɢʜᴛᴇɴ	7			To make something straight or level, removing any curves, bends, or wrinkles.								
2597	strain..food:to			to strain (food)	strain	ꜱᴛʀᴀɪɴ	7			To pass a liquid or a mixture of liquid and small solids through a mesh or a sieve to separate the liquid from the solid parts.								
2136	strange..odd:to.be			to be strange (odd)	strange	ꜱᴛʀᴀɴɢᴇ	7			To be unusual, unexpected, or different from what is normal or common.								
1951	stranger			stranger	stranger	ꜱᴛʀᴀɴɢᴇʀ	7			A person whom one does not know or who is not a member of one's social group or community.								
1952	strap..for.carrying			strap (for carrying)	strap	ꜱᴛʀᴀᴘ	7			A narrow, flexible strip of material used to hold an object in place or to secure it to the body for carrying.								
763	stream	947	STREAM	stream	stream	ꜱᴛʀᴇᴀᴍ	5			A small, narrow body of flowing water that moves continuously in a single direction.	小川	नदी		小溪	ရေနွေးငွေ့		stream	
1953	strength	202	STRENGTH	strength	strength	ꜱᴛʀᴇɴɢᴛʜ	7			The quality of being physically powerful or strong, such as the ability to lift heavy objects or resist force.	力						strength	
2598	stretch..of animal:to			to stretch (of) animal	stretch.to.animal	ꜱᴛʀᴇᴛᴄʜ.ᴛᴏ.ᴀɴɪᴍᴀʟ	7			To extend one's limbs or body outward, such as a dog or a cat lengthening its legs or torso.								
2599	stretch.legs.apart:to			to stretch legs apart	stretch.legs.apart	ꜱᴛʀᴇᴛᴄʜ.ʟᴇɢꜱ.ᴀᴘᴀʀᴛ	7			To move the limbs used for walking away from each other to a wider position.								
2600	stretch.legs.out:to			to stretch legs out	stretch.legs.out	ꜱᴛʀᴇᴛᴄʜ.ʟᴇɢꜱ.ᴏᴜᴛ	7			To extend one's limbs in a straight line while sitting or lying down.								
267	strong:to.be	785	STRONG	to be strong	strong	ꜱᴛʀᴏɴɢ	3			To possess great physical power or force.	強い	मजबूत होना		强	ခိုင်မာဖို့		to be strong	
2137	strong..of.objects:to.be			to be strong (of objects)	strong	ꜱᴛʀᴏɴɢ	7			To possess great physical power or durability and not easily break or bend.								
2138	stubborn:to.be			to be stubborn	stubborn	ꜱᴛᴜʙʙᴏʀɴ	7			To refuse to change one's mind, opinion, or course of action, even when persuaded or told that one is wrong.								
1954	student			student	student	ꜱᴛᴜᴅᴇɴᴛ	7			A person who attends a school, college, or university to learn a subject or skill from a teacher.								
2601	study:to			to study	study	ꜱᴛᴜᴅʏ	7			To devote time and attention to learning about a particular subject, often through reading or practice.								
2602	stumble:to			to stumble	stumble	ꜱᴛᴜᴍʙʟᴇ	7			To trip or lose one's balance while walking, often causing a momentary loss of stability.								
2139	stupid:to.be	1518	STUPID	to be stupid	stupid	ꜱᴛᴜᴘɪᴅ	7			To lack intelligence or the ability to learn and understand things easily.	馬鹿な						(be) stupid	
2603	stutter:to			to stutter	stutter	ꜱᴛᴜᴛᴛᴇʀ	7			To speak with involuntary repetitions of sounds or syllables, often causing a break in the flow of speech.	どもり							
2604	submerge:to			to submerge	submerge	ꜱᴜʙᴍᴇʀɢᴇ	7			To cause something to go completely under the surface of a liquid.								
2605	subtract..take.away:to			to subtract (take away)	subtract	ꜱᴜʙᴛʀᴀᴄᴛ	7			To take a specific amount away from a larger total or number.	持って行く							
2606	succeed:to			to succeed	succeed	ꜱᴜᴄᴄᴇᴇᴅ	7			To achieve a desired goal or reach a successful result after effort or luck.								
491	suck:to	1421	SUCK	to suck	suck	ꜱᴜᴄᴋ	4			To draw a liquid or substance into the mouth by creating a vacuum with the lips or tongue.	吸う	चूसना		吸	စုတ်ဖို့		to suck (milk)	
2140	sudden:to.be			to be sudden	sudden	ꜱᴜᴅᴅᴇɴ	7			To happen quickly and unexpectedly, without any warning or prior indication.								
2607	suffer:to			to suffer	suffer	ꜱᴜꜰꜰᴇʀ	7			To experience something unpleasant, such as pain, hardship, or misfortune.								
1955	sugar	862	SUGAR	sugar	sugar	ꜱᴜɢᴀʀ	7			A sweet, crystalline substance extracted from plants like sugarcane or beets, used commonly as a sweetener in food and drinks.	砂糖						sugar	
764	sugar::cane	146	SUGAR CANE	sugarcane	sugarcane	ꜱᴜɢᴀʀᴄᴀɴᴇ	5		flora	A tall, thick grass with a sweet, juicy stem used for making sugar or juice.	さとうきび	गन्ना		甘蔗	ကြံ		sugarcane	
1956	summer..warm.season	1342	SUMMER	summer (warm season)	summer	ꜱᴜᴍᴍᴇʀ	7			The warmest season of the year, occurring between spring and autumn.	夏							
18	sun	1343	SUN	sun	sun	ꜱᴜɴ	1			The star at the center of the solar system that provides light and heat to the earth during the day.	太陽	सूरज		太阳	နေ		sun	sun/day
765	sun::shine	3276	SUNSHINE	sunshine	sunshine	ꜱᴜɴꜱʜɪɴᴇ	5			The direct light and warmth received from the sun.		धूप		阳光	နေရောင်ခြည်		sunshine	
1957	sun..reflection.of			sun (reflection of)	sun	ꜱᴜɴ	7			The light or brightness seen when the rays of the star in the sky hit a surface and bounce back.								
1958	sunday	1699	SUNDAY	sunday	sunday	ꜱᴜɴᴅᴀʏ	7			The first day of a seven-day week.	日曜日							
1959	sunrise			sunrise	sunrise	ꜱᴜɴʀɪꜱᴇ	7			The time when the sun first appears above the horizon in the morning.								
1960	sunset			sunset	sunset	ꜱᴜɴꜱᴇᴛ	7			The time when the sun disappears below the horizon in the evening.								
1961	superlative			superlative	superlative	ꜱᴜᴘᴇʀʟᴀᴛɪᴠᴇ	7			The form of an adjective or adverb used to express that something has the highest degree of a quality among all others in a group.	一番							
941	support:to	2994	SUPPORT (OF OBJECT)	to support	support	ꜱᴜᴘᴘᴏʀᴛ	5			To bear the weight of an object to prevent it from falling or sinking.		शारीरिक रूप से सहायता देना		扶	ရုပ်ပိုင်းဆိုင်ရာထောက်ပံ့ရန်			
2609	suppress:to			to suppress	suppress	ꜱᴜᴘᴘʀᴇꜱꜱ	7			To force something down or keep it from happening, such as a feeling, a movement, or a rebellion.								
766	surface..of.liquid	547	SURFACE	surface (of liquid)	surface	ꜱᴜʀꜰᴀᴄᴇ	5			The top layer of a liquid, such as water or oil, that is exposed to the air.		पानी की सतह		水面	ရေမျက်နှာပြင်			
767	surplus	–	–	surplus	surplus	ꜱᴜʀᴘʟᴜꜱ	5			An amount of something that is more than what is needed or used.		प्रचुर	প্ৰচুৰ থাকিব	充足	ပေါများမည်။			
2610	surprise:to			to surprise	surprise	ꜱᴜʀᴘʀɪꜱᴇ	7			To cause someone to feel sudden shock, amazement, or unexpected alarm.								
2141	surprised:to.be	1572	SURPRISED	to be surprised	surprised	ꜱᴜʀᴘʀɪꜱᴇᴅ	7			To feel a sudden sense of shock or amazement caused by something unexpected.	驚く							
2611	surround:to			to surround	surround	ꜱᴜʀʀᴏᴜɴᴅ	7			To form a circle around something or to be located on all sides of an object or place.								
2612	swaddle:to			to swaddle	swaddle	ꜱᴡᴀᴅᴅʟᴇ	7			To wrap a newborn infant tightly in cloth or a blanket.								
768	swallow:.bird	3077	SWALLOW (BIRD)	swallow	swallow	ꜱᴡᴀʟʟᴏᴡ	5		fauna	A small, flying bird with pointed wings that often builds nests near human dwellings.		अववटा		燕子	swallow ဟုခေါ်သည်။			
492	swallow:to	897	SWALLOW	to swallow	swallow	ꜱᴡᴀʟʟᴏᴡ	4			To move food, liquid, or an object from the mouth down the throat and into the stomach.		निगलना		吞	မျိုချရန်			
1962	swamp!marsh			swamp, marsh	swamp	ꜱᴡᴀᴍᴘ	7			An area of low-lying land that is always covered in water or saturated with it, often containing many plants.								
1963	swarm			swarm	swarm	ꜱᴡᴀʀᴍ	7			A large group of insects, such as bees or locusts, moving together in flight.								
2613	swarm:to			to swarm	swarm	ꜱᴡᴀʀᴍ	7			To move or fly together in a large, dense group, often in a continuous or chaotic motion.								
942	sway..in.wind:to	573	SWAY	to sway (in wind)	sway	ꜱᴡᴀʏ	5			To move slowly and rhythmically from side to side, as a tree or a plant does when air moves against it.		हिलना		摇摆	သစ်ပင်ကဲ့သို့ ယိမ်းနွဲ့ရန်၊			
2614	swear..curse:to			to swear (curse)	swear	ꜱᴡᴇᴀʀ	7			To use offensive or profane language to express anger or to insult someone.								
943	swear..oath:to	1939	SWEAR	to swear (oath)	swear	ꜱᴡᴇᴀʀ	5			To make a solemn, formal promise or a declaration of truth, often invoking a deity or a sacred object to prove that one is telling the truth.		शपथ लेना या शाप देना		骂人  亵渎	ကျိန်ဆိုခြင်း၊		swear	
333	sweat:to	126	SWEAT (PERSPIRE)	to sweat	sweat	ꜱᴡᴇᴀᴛ	3			To exude moisture from the pores of the skin, typically due to heat, physical exertion, or illness.		पसीना आना		出汗	ချွေးထွက်ဖို့		perspire, sweat (v)	sweat
1964	sweat..perspiration	125	SWEAT (SUBSTANCE)	sweat (perspiration)	sweat	ꜱᴡᴇᴀᴛ	7			The liquid that comes out of a person's skin when they are hot or working hard.	汗							
944	sweep:to	230	SWEEP	to sweep	sweep	ꜱᴡᴇᴇᴘ	5			To move or clean a floor or other surface using a tool such as a broom.	掃く	पॉछा करना		扫	လှည်းရန်		sweep	
268	sweet:to.be	717	SWEET	to be sweet	sweet	ꜱᴡᴇᴇᴛ	3			To have a taste like sugar or honey rather than being salty, sour, or bitter.	甘い	मीठा होना		甜	မွှေးဖို့		to be sweet	sweet
1966	sweets..candy			sweets (candy)	sweets	ꜱᴡᴇᴇᴛꜱ	7			A food item that is primarily made of sugar and is eaten as a snack or treat.								
493	swell:to	1573	SWELL	to swell	swell	ꜱᴡᴇʟʟ	4			To increase in size or volume, often due to an injury, fluid buildup, or internal pressure.	ふくらむ	सूजना		肿	ဖောရောင်ရန်		swell (intr)	
1967	swelling			swelling	swelling	ꜱᴡᴇʟʟɪɴɢ	7			An enlargement of a part of the body, often caused by injury, infection, or fluid.								
2142	swept.away:to.be			to be swept away	swept.away	ꜱᴡᴇᴘᴛ.ᴀᴡᴀʏ	7			To be moved or carried from one place to another by the force of moving water or wind.								
945	swim:to	1439	SWIM	to swim	swim	ꜱᴡɪᴍ	5			To move through water by moving the limbs.	泳ぐ	तैरना		游泳	ရေကူးရန်			
2615	swing:to			to swing	swing	ꜱᴡɪɴɢ	7			To move back and forth or from side to side in a regular rhythm, often while hanging from a fixed point.								
2143	swollen:to.be			to be swollen	swollen	ꜱᴡᴏʟʟᴇɴ	7			To have a part of the body become larger than its usual size, often due to injury, fluid, or illness.								
1968	sword	1535	SWORD	sword	sword	ꜱᴡᴏʀᴅ	7			A long-bladed weapon used for cutting or thrusting, typically held by a single hand.	刀						sword	
1969	sympathy			sympathy	sympathy	ꜱʏᴍᴘᴀᴛʜʏ	7			A feeling of understanding and sharing the emotions or suffering of another person.								
769	table	1775	TABLE	table	table	ᴛᴀʙʟᴇ	5			A piece of furniture with a flat top and legs used for eating, working, or placing objects on.		मेज		桌子	စားပွဲ			
2144	taboo:to.be			to be taboo	taboo	ᴛᴀʙᴏᴏ	7			To be forbidden or prohibited by social or religious custom, often because it is considered sacred, dangerous, or spiritually unclean.								
1970	tadpole	3979	TADPOLE	tadpole	tadpole	ᴛᴀᴅᴘᴏʟᴇ	7			The young, swimming stage of a frog or toad that has a long tail and breathes through gills.	オタマジャクシ							
74	tail	1220	TAIL	tail	tail	ᴛᴀɪʟ	2		body parts	The posterior part of an animal's body that extends from the spine.	尻尾	पूंछ		尾巴	အမြီး		tail	tail
946	take:to	1749	TAKE	to take	take	ᴛᴀᴋᴇ	5			To grasp or reach for something with the hands and move it toward oneself or into one's possession.	持って行く	लेना		拿	ယူရန်			
2616	take.action:to			to take action	take.action	ᴛᴀᴋᴇ.ᴀᴄᴛɪᴏɴ	7			To perform an act or to begin doing something in order to achieve a result.								
2617	take.off..clothes:to			to take off (clothes)	take.off	ᴛᴀᴋᴇ.ᴏꜰꜰ	7			To remove a piece of clothing or an item worn on the body from one's skin.	脱ぐ							
2618	take.out..from.container:to			to take out (from container)	take.out	ᴛᴀᴋᴇ.ᴏᴜᴛ	7			To remove something from inside a container or a vessel.	出す							
1971	talent			talent	talent	ᴛᴀʟᴇɴᴛ	7			A natural ability or skill that a person possesses to do something well.								
2373	talent:to.have			to have talent	talent	ᴛᴀʟᴇɴᴛ	7			To possess a natural ability or a special skill to do something well.								
2620	talk.in.sleep:to			to talk in sleep	talk.in.sleep	ᴛᴀʟᴋ.ɪɴ.ꜱʟᴇᴇᴘ	7			To speak or make vocal sounds while a person is asleep.								
269	tall:to.be	711	TALL	to be tall	tall	ᴛᴀʟʟ	3			To have a great vertical distance from the bottom to the top, such as a person or a tree.		ऊँचा		高	အရပ်မြင့်သည်ဖြစ်စေ၊		to be tall	long/tall
1972	tamarind..paste			tamarind (paste)	tamarind	ᴛᴀᴍᴀʀɪɴᴅ	7			A thick, dark substance made from the pulp of a sour fruit used in cooking.								
770	tamarind..pod	35	TAMARIND	tamarind (pod)	tamarind	ᴛᴀᴍᴀʀɪɴᴅ	5		flora	The fruit of a tropical tree that grows in a long, brown pod and has a sour, fleshy pulp used in cooking.	タマリンド	इमली		罗望子	မန်ကျည်း		tamarind tree	
1973	tamarind..tree			tamarind (tree)	tamarind	ᴛᴀᴍᴀʀɪɴᴅ	7			A tropical tree that produces edible, sour fruit in long pods.								
2621	tame:to			to tame	tame	ᴛᴀᴍᴇ	7			To train a wild or undomesticated animal to be gentle and obedient to humans.								
1974	tapioca			tapioca	tapioca	ᴛᴀᴘɪᴏᴄᴀ	7			A starchy white substance extracted from the root of a cassava plant, often used as a flour or in food products.								
434	taro..kochu	351	TARO	taro (kochu)	taro	ᴛᴀʀᴏ	4			A tropical plant with large, broad leaves and an edible starchy underground part.	さといも	अरबी		芋头	ပိန်းဥ		cocoyam, taro	
1975	tartar			tartar	tartar	ᴛᴀʀᴛᴀʀ	7			A hard, yellowish substance that builds up on the teeth.								
947	taste:to	21	TASTE (SOMETHING)	to taste	taste	ᴛᴀꜱᴛᴇ	5			To experience the flavor of a substance in the mouth using the tongue.		स्वाद चखना		品尝	မြည်းကြည့်ရန်		taste	
2145	tasty..delicious:to.be	1813	TASTY	to be tasty (delicious)	tasty	ᴛᴀꜱᴛʏ	7			To have a pleasant or highly pleasing flavor when eaten or drunk.	おいしい							
435	tattoo	68	TATTOO	tattoo	tattoo	ᴛᴀᴛᴛᴏᴏ	4		body parts	A design or pattern made on the skin by permanent ink.		गोदना		纹身	တက်တူး		tattoo(s)	
2622	tattoo:to			to tattoo	tattoo	ᴛᴀᴛᴛᴏᴏ	7			To decorate the skin by making permanent marks or patterns using ink or pigment under the surface of the skin.								
2146	taut..of.rope:to.be			to be taut (of rope)	taut	ᴛᴀᴜᴛ	7			To be pulled tight or stretched without any slack or looseness.								
1054	tax	873	TAX	tax	tax	ᴛᴀx	6			A sum of money that a person or business must pay to a government or authority.		कर		税	အခွန်		tax (n)	
2623	tax:to			to tax	tax	ᴛᴀx	7			To take a required amount of money from a person or a business by a government or authority.								
436	tea..beverage	1373	TEA	tea (beverage)	tea	ᴛᴇᴀ	4		flora	A beverage made by soaking the leaves of a plant in hot water.	茶（飲料）	चाय		茶	လက်ဖက်ရည်		tea	
1976	tea.plant			tea plant	tea.plant	ᴛᴇᴀ.ᴘʟᴀɴᴛ	7			An evergreen shrub whose leaves are harvested and dried to make a common beverage.	茶（植物）							
948	teach:to	709	TEACH	to teach	teach	ᴛᴇᴀᴄʜ	5			To impart knowledge, skills, or information to another person.	教える	सिखाना		教	သင်ကြားရန်		teach	
771	teacher	1038	TEACHER	teacher	teacher	ᴛᴇᴀᴄʜᴇʀ	5			A person who instructs others or provides knowledge in a school, institution, or through a specific skill.		शिक्षक		老师	ဆရာမ		teacher	
1977	teak			teak	teak	ᴛᴇᴀᴋ	7			A large, durable tropical tree with hard wood used for building and furniture.								
2624	tear:to	1735	TEAR (SHRED)	to tear	tear	ᴛᴇᴀʀ	7			To pull something apart into smaller pieces or strips by pulling in opposite directions.	裂く						tear (tr)	
1978	tear..from.eye	1651	TEAR (OF EYE)	tear (from eye)	tear	ᴛᴇᴀʀ	7			To a drop of salty liquid that comes out of the eye when one cries or when the eye is irritated.	涙						tears (n)	
949	tell:to	1711	TELL	to tell	tell	ᴛᴇʟʟ	5			To convey information, a story, or a fact through speech to another person.		बताना		告诉	ပြောဖို့		to tell about	
1982	tendon			tendon	tendon	ᴛᴇɴᴅᴏɴ	7			A tough, strong cord of fibrous tissue that connects a muscle to a bone.								
1984	tendril			tendril	tendril	ᴛᴇɴᴅʀɪʟ	7			A slender, thread-like part of a climbing plant that twists around a support to help the plant grow.								
1985	termite.mound			termite mound	termite.mound	ᴛᴇʀᴍɪᴛᴇ.ᴍᴏᴜɴᴅ	7			An accumulation of earth or mud built into a large pile or structure by insects.								
772	testicle	797	TESTICLES	testicle	testicle	ᴛᴇꜱᴛɪᴄʟᴇ	5		body parts	One of the two oval-shaped organs in the male reproductive system that produce sperm and are located inside the scrotum.	睾丸	अंडकोष		睾丸	ဝှေးစေ့			
1986	testimony			testimony	testimony	ᴛᴇꜱᴛɪᴍᴏɴʏ	7			A formal statement or account of facts given as evidence in a legal setting or by a witness.								
334	tether..goats:to			to tether (goats)	tether	ᴛᴇᴛʜᴇʀ	3			To tie an animal, such as a goat, to a fixed object or a stake in the ground so that it can move around within a limited area but cannot wander away.								
950	thank:to	2412	THANK (SOMEBODY)	to thank	thank	ᴛʜᴀɴᴋ	5			To express gratitude or appreciation toward someone for a favor, a gift, or a kind act.		धन्यवाद देना		感谢	ကျေးဇူးတင်ရန်			
773	that...dist.dem	4	THAT	that	dist.dem	ᴅɪꜱᴛ.ᴅᴇᴍ	5			A demonstrative used for an object or person that is located at a distance from both the speaker and the listener.	それ・その	वह		那个	အဲဒါ		that	
774	that...hyperdist.dem	–	–	that	hyperdist.dem	ʜʏᴘᴇʀᴅɪꜱᴛ.ᴅᴇᴍ	5			A specific object or person that is far away from both the speaker and the listener.								
1987	that.way.distal	–	–	that way distal	that.way.distal	ᴛʜᴀᴛ.ᴡᴀʏ.ᴅɪꜱᴛᴀʟ	7			A direction or manner of movement or pointing that is far away from both the speaker and the listener.	そちら							
1988	that.way.hyperdistal			that way hyperdistal	that.way.hyperdistal	ᴛʜᴀᴛ.ᴡᴀʏ.ʜʏᴘᴇʀᴅɪꜱᴛᴀʟ	7			A direction or location that is very far away from both the speaker and the listener.	あちら							
1989	thatch			thatch	thatch	ᴛʜᴀᴛᴄʜ	7			A material made of dried vegetation, such as straw or leaves, used to cover the roof of a building.								
1990	there...dist.loc	1937	THERE	there	dist.loc	ᴅɪꜱᴛ.ʟᴏᴄ	7			A location that is away from the speaker and the listener.	そこに						there	
1991	therefore			therefore	therefore	ᴛʜᴇʀᴇꜰᴏʀᴇ	7			A word or phrase used to show that the following statement is a result or consequence of what was just said.								
1992	these..prox.dem.pl			these (prox dem pl)	these	ᴛʜᴇꜱᴇ	7			The group of things or people that are close to the speaker.								
829	thick..of.liquid:to.be	1244	THICK	to be thick (of liquid)	thick	ᴛʜɪᴄᴋ	5			To have a dense, viscous consistency that is difficult to pour or stir, such as mud or heavy cream.		गाढ़ा		稠	အရည် (အထူ)		to be thick (thing)	
270	thick..of.material:to.be	1244	THICK	to be thick (of material)	thick	ᴛʜɪᴄᴋ	3			To have a large distance between opposite surfaces or a large width.	厚い	मोटा		厚	အထူ			thick
2626	thicken..liquid:to			to thicken (liquid)	thicken	ᴛʜɪᴄᴋᴇɴ	7			To make a liquid or fluid more viscous or solid, such as when cooking a soup or adding starch.								
1993	thicket			thicket	thicket	ᴛʜɪᴄᴋᴇᴛ	7			A dense group of bushes, shrubs, or small trees growing closely together.								
1994	thicket..bamboo			thicket (bamboo)	thicket	ᴛʜɪᴄᴋᴇᴛ	7			A dense group of bamboo plants growing closely together.								
437	thief	1160	THIEF	thief	thief	ᴛʜɪᴇꜰ	4			A person who takes property or money that belongs to someone else without permission.		चोर		小偷	သူခိုး		thief	
271	thin..of.material:to.be	2306	THIN (OF LEAF AND CLOTH)	to be thin (of material)	thin	ᴛʜɪɴ	3			To have a very small distance between the two sides or surfaces of an object, such as a piece of cloth or a leaf.	薄い	पतला		瘦	ပိန်တယ်။			thin
456	thin..people:to.be	1400	THIN (SLIM)	to be thin (people)	thin	ᴛʜɪɴ	4			To have a body with very little fat or muscle.	やせた, 痩せた	पतला होना		瘦	ပိန်ဖို့၊ ပိန်တယ်။		to be skinny (person)	
1995	thing	738	THING	thing	thing	ᴛʜɪɴɢ	7			An object or an entity that can be seen or touched.	もの						thing	
951	think:to	2271	THINK	to think	think	ᴛʜɪɴᴋ	5			To use the mind to form ideas, opinions, or judgments.	考える	सोचना		思考	စဉ်းစားရန်			
2147	third:to.be			to be third	third	ᴛʜɪʀᴅ	7			To be the number that comes after two and before four in a sequence.								
1996	third..portion			third (portion)	third	ᴛʜɪʀᴅ	7			A part of a whole that consists of one of three equal pieces.								
457	thirsty:to.be	3474	BE THIRSTY	to be thirsty	thirsty	ᴛʜɪʀꜱᴛʏ	4			To feel a need or a strong desire to drink water or another liquid.	喉がかわいた	प्यासा होना		渴	ရေငတ်ဖို့၊			
778	this...prox.dem	1214	THIS	this	prox.dem	ᴘʀᴏx.ᴅᴇᴍ	5			The specific object or person that is close to the speaker.	これ・この	यह		这个	ဒီ		this	
1997	this.way.proximal	–	–	this way proximal	this.way.proximal	ᴛʜɪꜱ.ᴡᴀʏ.ᴘʀᴏxɪᴍᴀʟ	7			A direction or path that is close to the speaker.	こちら							
20	thorn	124	THORN	thorn	thorn	ᴛʜᴏʀɴ	1		flora	A sharp, pointed part on a plant or stem that can prick or scratch the skin.	棘	कांटा		刺	ဆူး		thorn	thorn (prick)
1998	those...dist.dem.pl			those	dist.dem.pl	ᴅɪꜱᴛ.ᴅᴇᴍ.ᴘʟ	7			The plural form of a demonstrative used to refer to multiple objects or people that are located at a distance from the speaker.								
2627	thread..beads:to			to thread (beads)	thread	ᴛʜʀᴇᴀᴅ	7			To pass a string, cord, or wire through the hole of a small object such as a bead.								
222	thread..string	1161	THREAD	thread (string)	thread	ᴛʜʀᴇᴀᴅ	3			A very thin, long, flexible strand made of fiber or material used for sewing or binding.	糸	धागा (dhaaga)		线	ချည်		thread (n)	
952	threaten:to	1192	THREATEN	to threaten	threaten	ᴛʜʀᴇᴀᴛᴇɴ	5			To express an intention to cause harm, injury, or misfortune to someone if they do not act in a certain way.		धमकाना (dhamkaana)		威胁	ခြိမ်းခြောက်ရန်		threaten	
2628	thresh:to			to thresh	thresh	ᴛʜʀᴇꜱʜ	7			To strike or beat grain, such as rice or wheat, against a hard surface to separate the edible kernels from the outer husks or stalks.								
1999	threshing.floor			threshing floor	threshing.floor	ᴛʜʀᴇꜱʜɪɴɢ.ꜰʟᴏᴏʀ	7			A flat, hard area of ground used for beating or separating grain from its stalks.								
2000	thrice			thrice	thrice	ᴛʜʀɪᴄᴇ	7			A number of times equal to three.								
781	throat	1346	THROAT	throat	throat	ᴛʜʀᴏᴀᴛ	5		body parts	The front part of the neck that connects the mouth to the rest of the body.	喉	गला	গলা	喉咙	လည်ချောင်း		throat	
494	throw:to	1456	THROW	to throw	throw	ᴛʜʀᴏᴡ	4			To propel an object through the air using a force from the arm or hand.	投げる	फेंकना (phenkna)		扔	ပစ်ရန်			
2001	thud...onom			thud	onom	ᴏɴᴏᴍ	7			A dull, heavy sound made when a solid object hits a surface.								
77	thunder	1150	THUNDER	thunder	thunder	ᴛʜᴜɴᴅᴇʀ	2			The loud, crashing sound caused by lightning in the sky during a storm.	雷	गरज (garaj)		雷	မိုးကြိုး		thunder	
2002	thursday	1693	THURSDAY	thursday	thursday	ᴛʜᴜʀꜱᴅᴀʏ	7			The day of the week that comes after Wednesday and before Friday.	木曜日							
2003	thyriod			thyriod	thyriod	ᴛʜʏʀɪᴏᴅ	7			The butterfly-shaped gland located in the front of the neck that regulates metabolism.								
2004	tick..insect	1527	TICK	tick (insect)	tick	ᴛɪᴄᴋ	7			A small, blood-sucking parasite that lives on the skin of animals or humans.	ダニ							
2005	ticket			ticket	ticket	ᴛɪᴄᴋᴇᴛ	7			A piece of paper or a digital record that shows a person has paid for a service or has permission to enter a place, such as on a bus, train, or at a theater.								
2629	tickle:to			to tickle	tickle	ᴛɪᴄᴋʟᴇ	7			To touch a person's skin lightly and rapidly, often causing them to laugh or squirm.								
1524	tide:high			high tide	high.tide	ʜɪɢʜ.ᴛɪᴅᴇ	7			The period when the ocean or a river reaches its highest level during a cycle.								
1598	tide:low			low tide	low.tide	ʟᴏᴡ.ᴛɪᴅᴇ	7			The period of time when the water level in the ocean or a large river is at its lowest point before it begins to rise again.								
335	tie..general:to	1917	TIE	to tie (general)	tie	ᴛɪᴇ	3			To fasten or secure two or more things together using a cord, string, or rope.	結ぶ	बांधना		打结	ချည်ရန်			tie
2630	tie.up.hair:to			to tie up hair	tie.up.hair	ᴛɪᴇ.ᴜᴘ.ʜᴀɪʀ	7			To fasten or bind one's hair together, often using a string, band, or similar object, to keep it out of the face or in a specific style.								
78	tiger	846	TIGER	tiger	tiger	ᴛɪɢᴇʀ	2		fauna	A large, powerful wild cat with orange fur and dark stripes, often found in forests.	虎	बाघ		老虎	ကျား		tiger	
2148	tight..fitting:to.be	3053	TIGHT	to be tight (fitting)	tight	ᴛɪɢʜᴛ	7			To be too small or narrow for a person or an object, such that it fits closely or restricts movement.	きつい							
2149	tight..of.rope:to.be	3053	TIGHT	to be tight (of rope)	tight	ᴛɪɢʜᴛ	7			To be pulled or stretched so that there is no slack or looseness in a cord or string.								
830	tight..of.space:to.be	3053	TIGHT	to be tight (of space)	tight	ᴛɪɢʜᴛ	5			To be in a state where there is very little space or room for movement.		टाइट होना (taait hona)		紧	တင်းတင်းကျပ်ကျပ်ဖြစ်ရန်		(be) tight	
2631	tighten..rope:to			to tighten (rope)	tighten	ᴛɪɢʜᴛᴇɴ	7			To make a cord or a rope less loose by pulling it or adjusting it.								
782	time	892	TIME	time	time	ᴛɪᴍᴇ	5			The continuous progression of existence and events from the past through the present into the future.	回	समय (samay)		时间	အချိန်		time	
2006	tip..point	2992	TIP (OF OBJECT)	tip (point)	tip	ᴛɪᴘ	7			The very end or topmost part of an object, such as a finger, a tool, or a pointed implement.	先・尖							
2632	tire:to			to tire	tire	ᴛɪʀᴇ	7			To feel a loss of physical or mental energy and lose the strength to continue an activity.	疲れる							
2150	tired..fatigued:to.be	1757	TIRED	to be tired (fatigued)	tired	ᴛɪʀᴇᴅ	7			To feel a lack of physical or mental energy, often resulting from hard work or a long period of activity.								
2151	tired..sleepy:to.be	1757	TIRED	to be tired (sleepy)	tired	ᴛɪʀᴇᴅ	7			To feel a strong need to sleep or a lack of energy due to a lack of rest.								
2007	title..appelation			title (appelation)	title	ᴛɪᴛʟᴇ	7			A name or designation used to identify a person, often indicating their social rank, profession, or position.								
2675	tobacco	974	TOBACCO	tobacco	tobacco	ᴛᴏʙᴀᴄᴄᴏ	7		flora	A plant used for smoking or chewing, often dried and rolled into a cylinder.	タバコの葉	तंबाकू (tambaaku)		烟草	ဆေးလိပ်		tobacco	
969	tobacco.pipe	1124	PIPE	tobacco pipe	tobacco.pipe	ᴛᴏʙᴀᴄᴄᴏ.ᴘɪᴘᴇ	5			A tool used for smoking, consisting of a small bowl for holding dried leaves and a stem or tube through which smoke is inhaled.		हुक्का (hukka)		烟斗	ဆေးတံ			
340	today	1283	TODAY	today	today	ᴛᴏᴅᴀʏ	3			The current day; the day that is happening now, as opposed to yesterday or tomorrow.	今日	आज (aaj)		今天	ဒီနေ့		today	
2676	today..in.afternoon			today (in afternoon)	today	ᴛᴏᴅᴀʏ	7			The period of time from midday until the sun goes down on the current day.								
2677	today..in.morning			today (in morning)	today	ᴛᴏᴅᴀʏ	7			The period of time from sunrise until noon on the current day.								
341	toe	1389	TOE	toe	toe	ᴛᴏᴇ	3			The digit on a human or animal foot, located at the end of the foot below the toes.		पैर का अंगूठा (pair ka angutha)		脚趾	ခြေချောင်း		toe	finger/toe
2152	together:to.be	2482	TOGETHER	to be together	together	ᴛᴏɢᴇᴛʜᴇʀ	7			To be in the same place or in the company of others.	一緒に						(be) together	
2678	tomato	986	TOMATO	tomato	tomato	ᴛᴏᴍᴀᴛᴏ	7			A round, fleshy fruit that is often red when ripe and used in cooking as a vegetable.	トマト						tomato	
95	tomorrow	1329	TOMORROW	tomorrow	tomorrow	ᴛᴏᴍᴏʀʀᴏᴡ	2			The day after the current day.	明日	कल (kal)		明天	မနက်ဖြန်		tomorrow	
407	tongs:fireplace	272	TONGS	fireplace tongs	fireplace.tongs	ꜰɪʀᴇᴘʟᴀᴄᴇ.ᴛᴏɴɢꜱ	4			A tool used for grasping and moving hot objects, such as burning wood or coals, within a hearth or fire.		चिमटा (chimtaa)		钳子	မီးညှပ်များ			
500	tongs..general	272	TONGS	tongs (general)	tongs	ᴛᴏɴɢꜱ	4			A tool consisting of two long arms that are joined at one end, used for grasping and lifting objects by squeezing them together.		थका देना (thaka dena)		累	တာယာ			
96	tongue	1205	TONGUE	tongue	tongue	ᴛᴏɴɢᴜᴇ	2		body parts	The fleshy, movable organ inside the mouth used for tasting, swallowing, and speaking.	舌	जीभ (jibh)		舌头	လျှာ		tongue	tongue
970	tonight	–	–	tonight	tonight	ᴛᴏɴɪɢʜᴛ	5			The period of time from sunset or evening until the next morning or sunrise.		आज रात (aaj raat)		今晚	ဒီည			
2679	tool	1361	TOOL	tool	tool	ᴛᴏᴏʟ	7			An object used by a person to perform a specific task or manual work.	道具							
1239	tooth:canine			canine tooth	canine.tooth	ᴄᴀɴɪɴᴇ.ᴛᴏᴏᴛʜ	7			A long, sharp tooth located between the incisors and the premolars, used for tearing food.								
1545	tooth:incisor			incisor tooth	incisor.tooth	ɪɴᴄɪꜱᴏʀ.ᴛᴏᴏᴛʜ	7			A narrow, sharp tooth located at the very front of the mouth used for cutting food.								
1649	tooth:molar			molar tooth	molar.tooth	ᴍᴏʟᴀʀ.ᴛᴏᴏᴛʜ	7			A large, flat tooth located at the back of the mouth used for grinding food.								
342	tooth..general	1380	TOOTH	tooth (general)	tooth	ᴛᴏᴏᴛʜ	3		body parts	A hard, white structure in the mouth used for biting or chewing food.	歯	दाँत (daant)		牙齿	သွား		tooth	tooth
2680	tooth.pick			tooth pick	tooth.pick	ᴛᴏᴏᴛʜ.ᴘɪᴄᴋ	7			A small, thin, pointed stick used for removing food particles from between the teeth.								
2681	toothbrush			toothbrush	toothbrush	ᴛᴏᴏᴛʜʙʀᴜꜱʜ	7			A tool used for cleaning the teeth by brushing them with a handle and bristles.								
2682	toothpaste			toothpaste	toothpaste	ᴛᴏᴏᴛʜᴘᴀꜱᴛᴇ	7			A substance used with a toothbrush to clean the teeth.								
1925	top:spinning			spinning top	spinning.top	ꜱᴘɪɴɴɪɴɢ.ᴛᴏᴘ	7			A small, weighted object that rotates rapidly around a central axis when spun by hand or a string.								
2683	top..shirt	1622	SHIRT	top (shirt)	top	ᴛᴏᴘ	7			A piece of clothing worn on the upper part of the body, covering the torso from the shoulders to the waist.	シャツ							
2684	top..side	1753	TOP	top (side)	top	ᴛᴏᴘ	7			The highest or uppermost part of an object, such as a mountain, a hill, or a container.	上						top	
971	torch	1919	TORCH	torch	torch	ᴛᴏʀᴄʜ	5			A handheld device that produces light by burning a fuel or using electricity.	たいまつ	टॉर्च (torch)		火炬	မီးရှူးတိုင်			
2153	torn:to.be			to be torn	torn	ᴛᴏʀɴ	7			To have been pulled apart or split into pieces by force, such as a piece of cloth or paper.								
2685	torrent..water			torrent (water)	torrent	ᴛᴏʀʀᴇɴᴛ	7			A large, powerful, and fast-moving stream of water.								
2633	touch..with.hand:to	1892	TOUCH	to touch (with hand)	touch	ᴛᴏᴜᴄʜ	7			To bring one's hand or fingers into contact with an object or person.	触る							
2634	touch..with.stick:to			to touch (with stick)	touch	ᴛᴏᴜᴄʜ	7			To strike or make contact with a person or object using a long, slender piece of wood.								
2686	towards			towards	towards	ᴛᴏᴡᴀʀᴅꜱ	7			A movement or direction that is in the direction of a specific place, person, or object.								
2687	towel			towel	towel	ᴛᴏᴡᴇʟ	7			A piece of cloth or fabric used for drying the body or hands after washing.								
972	town	1391	TOWN	town	town	ᴛᴏᴡɴ	5			A human settlement that is larger than a village but smaller than a city.		शहर (shahar)		小镇	မြို့		town, city	
2688	toys..for.children			toys (for children)	toys	ᴛᴏʏꜱ	7			An object used by a child for play or entertainment.								
2689	trader			trader	trader	ᴛʀᴀᴅᴇʀ	7			A person who buys and sells goods or products for profit.								
973	tradition	–	–	tradition	tradition	ᴛʀᴀᴅɪᴛɪᴏɴ	5			The set of beliefs, customs, or ways of behaving that have been passed down through generations within a group or family.		परंपरा (parampara)		传统	အစဉ်အလာ			
2692	traitor			traitor	traitor	ᴛʀᴀɪᴛᴏʀ	7			A person who betrays a person, a group, or a country by being disloyal or helping an enemy.								
953	trample:to	–	–	to trample	trample	ᴛʀᴀᴍᴘʟᴇ	5			To step or crush something repeatedly with the feet.		पीठ से मारना (piith se maarna)		践踏	နင်းရန်			
2693	translation			translation	translation	ᴛʀᴀɴꜱʟᴀᴛɪᴏɴ	7			The process of changing written or spoken words from one language into another.								
2154	translucent:to.be			to be translucent	translucent	ᴛʀᴀɴꜱʟᴜᴄᴇɴᴛ	7			To allow some light to pass through a material so that objects on the other side can be seen, but not clearly or in sharp detail.								
2155	transparent:to.be			to be transparent	transparent	ᴛʀᴀɴꜱᴘᴀʀᴇɴᴛ	7			To allow light to pass through so that objects on the other side can be seen clearly.								
954	trap:to	1170	TRAP (CATCH)	to trap	trap	ᴛʀᴀᴘ	5			To catch or capture an animal or a person using a device such as a net, a snare, or a cage.		फंसाना (phansaana)		设陷阱	ထောင်ချောက်		trap (animal) (v)	
2537	trap:to.set			to set trap	set.trap	ꜱᴇᴛ.ᴛʀᴀᴘ	7			To place a device or mechanism intended to catch or capture an animal.								
974	trap..snare	3320	SNARE (TRAP)	trap (snare)	trap	ᴛʀᴀᴘ	5			A device consisting of a loop of cord or wire used to catch an animal by tightening around its neck or limb when it moves through it.	罠	फंदा (phanda)		陷阱	ထောင်ချောက်တစ်ခု			
2635	travel:to			to travel	travel	ᴛʀᴀᴠᴇʟ	7			To go from one place to another, typically over a long distance or for a period of time.								
2694	traveler			traveler	traveler	ᴛʀᴀᴠᴇʟᴇʀ	7			A person who goes from one place to another, especially on a journey or trip.								
2636	tread.on:to	575	TREAD	to tread on	tread.on	ᴛʀᴇᴀᴅ.ᴏɴ	7			To place one's foot on top of something, often with pressure or force.	踏む							
975	treasure..wealth	2996	WEALTH	treasure (wealth)	treasure	ᴛʀᴇᴀꜱᴜʀᴇ	5			A large amount of valuable possessions, such as gold, jewels, or money.		खजाना (khazaana)		宝藏	ရတနာ			
2695	treasure.chest			treasure chest	treasure.chest	ᴛʀᴇᴀꜱᴜʀᴇ.ᴄʜᴇꜱᴛ	7			A large, strong container used for storing valuable items such as gold, jewels, or precious belongings.								
27	tree	906	TREE	tree	tree	ᴛʀᴇᴇ	1		flora	A large, perennial plant with a single woody stem or trunk that branches out into limbs and leaves.	木	पेड़ (ped)		树	သစ်ပင်		tree	tree/wood
1695	tree:oak			oak tree	oak.tree	ᴏᴀᴋ.ᴛʀᴇᴇ	7			A large tree that produces acorns and has hard wood.								
1766	tree:pine			pine tree	pine.tree	ᴘɪɴᴇ.ᴛʀᴇᴇ	7			An evergreen coniferous tree that typically has needle-shaped leaves and produces cones.								
116	tree.:branch	1531	BRANCH	branch	branch	ʙʀᴀɴᴄʜ	3			A woody part of a tree that grows out from the main trunk or a larger limb.	枝	डाली		树枝	သစ်ကိုင်း		branch (tree)	branch
343	tree.bark	1204	BARK	tree bark	tree.bark	ᴛʀᴇᴇ.ʙᴀʀᴋ	3		flora	The hard, outer covering of the trunk and branches of a woody plant.	樹皮	छाल (chaal)		树皮	သစ်ပင်အခေါက်		tree bark	skin/bark
2696	tree.stump			tree stump	tree.stump	ᴛʀᴇᴇ.ꜱᴛᴜᴍᴘ	7			The part of a large woody plant that remains in the ground after the main stem has been cut or broken off.								
2697	tree.trunk	776	TRUNK OF TREE	tree trunk	tree.trunk	ᴛʀᴇᴇ.ᴛʀᴜɴᴋ	7			The thick, main wooden stem of a tree that grows above the ground.	幹							
977	tribe..ethnic.group	1549	TRIBE	tribe (ethnic group)	tribe	ᴛʀɪʙᴇ	5			A social group of people who share a common culture, language, or ancestry.		जनजाति		部落	နွယ်		tribe, ethnic group	
2452	tribute:to.pay			to pay tribute	pay.tribute	ᴘᴀʏ.ᴛʀɪʙᴜᴛᴇ	7			To give a gift or a portion of goods to a ruler or a powerful person as a sign of respect, submission, or political allegiance.								
978	trousers..pants	809	TROUSERS	trousers (pants)	trousers	ᴛʀᴏᴜꜱᴇʀꜱ	5			A garment worn on the lower body that covers each leg separately from the waist to the ankles.	ズボン	पतलून		裤子	ဘောင်းဘီရှည်		trousers	
831	true:to.be	1657	TRUE	to be true	true	ᴛʀᴜᴇ	5			To correspond with reality or facts; to be correct and not false.	本当の	सही होना		正确	မှန်ရန်			
2698	trumpet			trumpet	trumpet	ᴛʀᴜᴍᴘᴇᴛ	7			A brass musical instrument with a flared bell and three valves used to play loud, bright notes.								
2699	truth			truth	truth	ᴛʀᴜᴛʜ	7			The quality of being in accordance with reality or fact.								
2637	try:to			to try	try	ᴛʀʏ	7			To make an effort to do something or to attempt a specific action.								
2700	tuber..general.term			tuber (general term)	tuber	ᴛᴜʙᴇʀ	7			A thick, fleshy part of a plant that grows underground and serves as a food storage organ.								
2701	tuesday	1695	TUESDAY	tuesday	tuesday	ᴛᴜᴇꜱᴅᴀʏ	7			The second day of the week, occurring after Monday and before Wednesday.	火曜日							
2702	tulsi			tulsi	tulsi	ᴛᴜʟꜱɪ	7			A sacred plant of the genus Ocimum, often used in religious rituals and traditional medicine.								
2703	tumour			tumour	tumour	ᴛᴜᴍᴏᴜʀ	7			An abnormal growth of cells or a mass of tissue in a part of the body.								
2704	tune			tune	tune	ᴛᴜɴᴇ	7			A sequence of musical notes that form a melody.								
2705	turban	3066	SCARF OR TURBAN	turban	turban	ᴛᴜʀʙᴀɴ	7			A length of cloth wrapped around the head.	頭巾							
979	turmeric	2842	TURMERIC	turmeric	turmeric	ᴛᴜʀᴍᴇʀɪᴄ	5		flora	A yellow or orange root used as a spice or for coloring food.	ウコン	हल्दी		姜黄	နနွင်း			
2638	turn:to	1588	TURN	to turn	turn	ᴛᴜʀɴ	7			To move in a circular direction around a central point or to rotate an object around its axis.	（道を）曲がる							
955	turn.around:to	1444	TURN AROUND	to turn around	turn.around	ᴛᴜʀɴ.ᴀʀᴏᴜɴᴅ	5			To rotate one's body or an object so that the back is now facing the original direction.		घूमना		转身	လှည့်ပတ်ရန်			
956	turn.back:to	–	–	to turn back	turn.back	ᴛᴜʀɴ.ʙᴀᴄᴋ	5			To reverse direction and move toward the place from which one came.		मुड़ना		转身	ပြန်လှည့်ရန်			
957	turn.over..overturn:to	–	–	to turn over (overturn)	turn.over	ᴛᴜʀɴ.ᴏᴠᴇʀ	5			To cause a container, vehicle, or object to flip so that its bottom is now on top or its contents are spilled.		उलटना		翻倒	မှောက်			
2744	turtle:water			water turtle	water.turtle	ᴡᴀᴛᴇʀ.ᴛᴜʀᴛʟᴇ	7			A turtle or tortoise that lives in rivers, lakes, or oceans rather than on land.	水亀							
344	turtle..tortoise	112	TURTLE	turtle (tortoise)	turtle	ᴛᴜʀᴛʟᴇ	3		fauna	A reptile with a hard shell on its back, often living in water or on land.	陸亀	कछुआ		龟	လိပ် သို့မဟုတ် လိပ်		turtle	
2706	turtle.shell	598	SHELL	turtle shell	turtle.shell	ᴛᴜʀᴛʟᴇ.ꜱʜᴇʟʟ	7			The hard, bony outer covering of a turtle or tortoise.							shell (of turtle)	
2707	twice			twice	twice	ᴛᴡɪᴄᴇ	7			A count of two occurrences of an event or action.								
981	twig	3222	TWIG	twig	twig	ᴛᴡɪɢ	5			A very small, thin branch that grows from a tree or a shrub.		टहनी		树枝	သစ်ကိုင်း			
2708	twins			twins	twins	ᴛᴡɪɴꜱ	7			Two offspring produced by the same pregnancy and born at the same time.								
495	twist:to	3236	TWIST (TOGETHER)	to twist	twist	ᴛᴡɪꜱᴛ	4			To turn or rotate something around its own axis, often to tighten it or to combine two or more separate strands into a single cord.		घुमाना		扭转	လိမ်ဖို့			
2156	ugly:to.be	1548	UGLY	to be ugly	ugly	ᴜɢʟʏ	7			To have an appearance that is unpleasant or unattractive to look at.	醜い						(be) ugly	
2710	umbilical.cord	2663	UMBILICAL CORD	umbilical cord	umbilical.cord	ᴜᴍʙɪʟɪᴄᴀʟ.ᴄᴏʀᴅ	7			The tube that connects a fetus to the mother's body during pregnancy to provide nourishment and oxygen.	へその緒						umbilical cord	
983	umbrella	3105	UMBRELLA	umbrella	umbrella	ᴜᴍʙʀᴇʟʟᴀ	5			A portable object used as a covering to protect a person from rain or sunlight.	傘	छतरी		雨伞	ထီး			
2157	unable.to.perform:to.be			to be unable to perform	unable.to.perform	ᴜɴᴀʙʟᴇ.ᴛᴏ.ᴘᴇʀꜰᴏʀᴍ	7			To lack the physical or mental capacity to complete a specific task or action.								
2158	unbroken:to.be			to be unbroken	unbroken	ᴜɴʙʀᴏᴋᴇɴ	7			To be in a whole state, without any cracks, splits, or pieces separated.								
1627	uncle..elder:maternal			maternal uncle (elder)	maternal.uncle	ᴍᴀᴛᴇʀɴᴀʟ.ᴜɴᴄʟᴇ	7			The brother of one's mother who is older than the mother.								
1746	uncle..elder:paternal			paternal uncle (elder)	paternal.uncle	ᴘᴀᴛᴇʀɴᴀʟ.ᴜɴᴄʟᴇ	7			The brother of one's father who is older than the father.								
2711	uncle..general	1327	UNCLE	uncle (general)	uncle	ᴜɴᴄʟᴇ	7			A male relative who is the brother of a person's father or mother.								
1628	uncle..unspecified.age:maternal			maternal uncle (unspecified age)	maternal.uncle	ᴍᴀᴛᴇʀɴᴀʟ.ᴜɴᴄʟᴇ	7			The brother of one's mother.								
1747	uncle..unspecified.age:paternal			paternal uncle (unspecified age)	paternal.uncle	ᴘᴀᴛᴇʀɴᴀʟ.ᴜɴᴄʟᴇ	7			The brother of one's father.								
1629	uncle..younger:maternal			maternal uncle (younger)	maternal.uncle	ᴍᴀᴛᴇʀɴᴀʟ.ᴜɴᴄʟᴇ	7			The brother of one's mother who is younger than the mother.								
1748	uncle..younger:paternal			paternal uncle (younger)	paternal.uncle	ᴘᴀᴛᴇʀɴᴀʟ.ᴜɴᴄʟᴇ	7			The brother of one's father who is younger than the father.								
2159	uncooked..raw:to.be			to be uncooked (raw)	uncooked	ᴜɴᴄᴏᴏᴋᴇᴅ	7			To be in a state where food has not been prepared by heat or cooking.								
2639	uncover:to			to uncover	uncover	ᴜɴᴄᴏᴠᴇʀ	7			To remove a covering from something or to reveal what was hidden underneath.								
2712	undergarments			undergarments	undergarments	ᴜɴᴅᴇʀɢᴀʀᴍᴇɴᴛꜱ	7			The clothing worn directly against the skin underneath outer garments.								
2640	understand:to	1536	UNDERSTAND	to understand	understand	ᴜɴᴅᴇʀꜱᴛᴀɴᴅ	7			To grasp the meaning of a concept, a piece of information, or a spoken word.	わかる							
2641	undress:to			to undress	undress	ᴜɴᴅʀᴇꜱꜱ	7			To remove one's clothing from the body.								
2642	unfold:to	–	–	to unfold	unfold	ᴜɴꜰᴏʟᴅ	7			To open something that was previously folded or rolled up, such as a piece of paper, cloth, or a leaf.	広げる							
2160	unhappy:to.be			to be unhappy	unhappy	ᴜɴʜᴀᴘᴘʏ	7			To feel or experience sadness, sorrow, or a lack of joy.								
2713	uniform			uniform	uniform	ᴜɴɪꜰᴏʀᴍ	7			A specific set of clothes worn by all members of a particular group, such as students, soldiers, or workers.								
2643	unload:to			to unload	unload	ᴜɴʟᴏᴀᴅ	7			To remove goods or items from a vehicle, container, or a person's back.								
83	unripe:to.be	1958	UNRIPE	to be unripe	unripe	ᴜɴʀɪᴘᴇ	2			To be in a state where a fruit or grain is not yet fully grown, soft, or ready to be eaten.		अपका		未熟的	မမှည့်သော		(be) unripe	
958	untie:to	352	UNTIE	to untie	untie	ᴜɴᴛɪᴇ	5			To undo a knot or a fastening so that a cord, string, or lace is no longer joined together.	ほどく	खोलना		解开	ဇောင်း		untie	
2161	untouched:to.be			to be untouched	untouched	ᴜɴᴛᴏᴜᴄʜᴇᴅ	7			To be in a state where no person or thing has made contact with or altered it.								
2644	unwrap:to			to unwrap	unwrap	ᴜɴᴡʀᴀᴘ	7			To remove a covering, such as paper, cloth, or a leaf, from an object.								
2714	up..direction			up (direction)	up	ᴜᴘ	7			The direction or movement toward a higher position or a higher point.								
2715	uplands			uplands	uplands	ᴜᴘʟᴀɴᴅꜱ	7			An area of high ground or hilly land that is located above the surrounding plains or valleys.								
959	urinate:to	–	–	to urinate	urinate	ᴜʀɪɴᴀᴛᴇ	5			To discharge liquid waste from the bladder through the penis or urethra.	小便する	पेशाब करना		小便	ဆီးသွားပါ။			piss
347	urine	1142	URINE	urine	urine	ᴜʀɪɴᴇ	3			A liquid that is produced in the body and excreted through the bladder.	小便	मूत्र		尿	ဆီး		urine	
2718	urtica.dioca..nettle:::			Urtica dioca (nettle)	nettle	ɴᴇᴛᴛʟᴇ	7			A plant with stinging hairs on its leaves or stem that causes a painful, itchy sensation on the skin when touched.								
2645	use:to	2072	USE (VERB)	to use	use	ᴜꜱᴇ	7			To employ or utilize an object, a tool, or a resource for a particular purpose or function.	使う							
2646	use.as.pillow:to			to use as pillow	use.as.pillow	ᴜꜱᴇ.ᴀꜱ.ᴘɪʟʟᴏᴡ	7			To place one's head on a soft object to rest or sleep.								
2162	used.up:to.be			to be used up	used.up	ᴜꜱᴇᴅ.ᴜᴘ	7			To reach a state where a supply of something is completely gone or no longer available for use.								
2719	usually			usually	usually	ᴜꜱᴜᴀʟʟʏ	7			An action or state that happens frequently or is the regular custom.								
2720	utensils..general			utensils (general)	utensils	ᴜᴛᴇɴꜱɪʟꜱ	7			The tools or implements used in a kitchen for preparing, serving, or eating food.								
2721	vagina	1836	VAGINA	vagina	vagina	ᴠᴀɢɪɴᴀ	7		body parts	The female reproductive organ that leads from the outside of the body to the uterus.		योनि		阴道	မိန်းမအင်္ဂါ			vagina or breast/milk
348	valley	921	VALLEY	valley	valley	ᴠᴀʟʟᴇʏ	3			A low area of land situated between hills or mountains, often with a river or stream running through it.		घाटी (ghaati)		山谷	ချိုင့်ဝှမ်း		valley	river/valley
1901	valley:small			small valley	small.valley	ꜱᴍᴀʟʟ.ᴠᴀʟʟᴇʏ	7			A low area of land situated between hills or mountains that is not large in size.								
2163	valuable:to.be			to be valuable	valuable	ᴠᴀʟᴜᴀʙʟᴇ	7			To have a high worth or a great price, or to be of great importance or usefulness.								
985	vegetable	924	VEGETABLES	vegetable	vegetable	ᴠᴇɢᴇᴛᴀʙʟᴇ	5		flora	A plant or part of a plant that is used as food.		सब्जी		蔬菜	ဟင်းသီးဟင်းရွက်			
501	vein..artery			vein (artery)	vein	ᴠᴇɪɴ	4			A tube in the body that carries blood from the organs back to the heart.								
2164	vengeful:to.be			to be vengeful	vengeful	ᴠᴇɴɢᴇꜰᴜʟ	7			To feel or act with a strong desire to harm someone because they have caused a previous injury or wrong.								
986	venom	–	–	venom	venom	ᴠᴇɴᴏᴍ	5			A poisonous liquid produced by an animal, such as a snake or a scorpion, that is injected into another living creature through a bite or sting.		विष		毒液	အဆိပ်			
2722	veranda	3269	PORCH	veranda	veranda	ᴠᴇʀᴀɴᴅᴀ	7			An open, roofed platform attached to the outside of a building, often used as an outdoor living space.	縁側							
2165	vertical:to.be			to be vertical	vertical	ᴠᴇʀᴛɪᴄᴀʟ	7			To be in an upright position, standing straight up and down at a right angle to the ground.								
987	very	1311	VERY	very	very	ᴠᴇʀʏ	5			A word used to emphasize an adjective or an adverb, indicating a high degree or intensity of a quality.	非常に	खोल		贝壳	အခွံ			
2647	vibrate:to			to vibrate	vibrate	ᴠɪʙʀᴀᴛᴇ	7			To move with quick, small, regular movements back and forth or up and down.								
2724	victory			victory	victory	ᴠɪᴄᴛᴏʀʏ	7			The state of being successful in a struggle, competition, or war.								
28	village	930	VILLAGE	village	village	ᴠɪʟʟᴀɢᴇ	1			A small human settlement, typically located in a rural area, consisting of a group of houses and their inhabitants.	村	गांव		村庄	ရွာ		villager	village
2725	village.association			village association	village.association	ᴠɪʟʟᴀɢᴇ.ᴀꜱꜱᴏᴄɪᴀᴛɪᴏɴ	7			An organization or group of people from the same local settlement who work together for common interests or community management.								
2726	village.head			village head	village.head	ᴠɪʟʟᴀɢᴇ.ʜᴇᴀᴅ	7			The person who is the leader or chief of a local community or settlement.								
349	vine..creeper	343	VINE	vine (creeper)	vine	ᴠɪɴᴇ	3		flora	A plant with a long, flexible stem that grows along the ground or climbs up other plants or trees.	つる	बेल		藤蔓	စပျစ်၊ တွား		vine	
2166	violent:to.be	–	–	to be violent	violent	ᴠɪᴏʟᴇɴᴛ	7			To act in a way that causes physical harm, damage, or extreme aggression toward others.	乱暴な							
2727	viper			viper	viper	ᴠɪᴘᴇʀ	7			A venomous snake with a triangular head and often distinct patterns on its skin.								
2728	virgin			virgin	virgin	ᴠɪʀɢɪɴ	7			A person who has never had sexual intercourse.								
2729	virus			virus	virus	ᴠɪʀᴜꜱ	7			A microscopic infectious agent that can cause disease in humans, animals, or plants.								
2730	vision..sight			vision (sight)	vision	ᴠɪꜱɪᴏɴ	7			The ability to see with the eyes or the sense of sight.								
2731	vision..supernatural			vision (supernatural)	vision	ᴠɪꜱɪᴏɴ	7			A supernatural sight or image seen while sleeping or in a trance, often believed to be sent by a spirit or deity.								
2732	vitelotte			vitelotte	vitelotte	ᴠɪᴛᴇʟᴏᴛᴛᴇ	7			A purple potato that is often used for making chips or fries.								
2733	voice			voice	voice	ᴠᴏɪᴄᴇ	7			The sound produced by a person when they speak or sing.	声							
2734	volcano			volcano	volcano	ᴠᴏʟᴄᴀɴᴏ	7			A mountain or hill that has a vent through which molten rock, ash, and gas erupt from under the earth's surface.								
92	vomit:to	1278	VOMIT	to vomit	vomit	ᴠᴏᴍɪᴛ	2			To eject the contents of the stomach through the mouth.	吐く	उल्टी करना		呕吐	အော့အန်ခြင်း။			vomit
988	vulture	1185	VULTURE	vulture	vulture	ᴠᴜʟᴛᴜʀᴇ	5		fauna	A large bird of prey that eats the flesh of dead animals.		गिद्ध		秃鹫	လင်းတ			
2735	vulva	1837	VULVA	vulva	vulva	ᴠᴜʟᴠᴀ	7			The external female genital organ.	女性器							
2736	vulva.or.vagina			vulva or vagina	vulva.or.vagina	ᴠᴜʟᴠᴀ.ᴏʀ.ᴠᴀɢɪɴᴀ	7	semantically broad due to elicitation		The female reproductive organ, including both the external parts and the internal passage.								
2737	wage..daily			wage (daily)	wage	ᴡᴀɢᴇ	7			The amount of money paid to a person for one day of work.								
2738	wage.earner			wage earner	wage.earner	ᴡᴀɢᴇ.ᴇᴀʀɴᴇʀ	7			A person who receives money regularly from an employer in exchange for performing work.								
350	waist	1681	WAIST	waist	waist	ᴡᴀɪꜱᴛ	3		body parts	The part of the human body located between the chest and the hips.	腰	कमर		腰	ခါး		waist	
960	wait:to	1590	WAIT (FOR)	to wait	wait	ᴡᴀɪᴛ	5			To stay in one place or delay an action until a specific person arrives or a certain time or event occurs.	待つ	इंतज़ार करना		等待	စောင့်ဆိုင်းရန်			
2648	wake..someone:to			to wake (someone)	wake	ᴡᴀᴋᴇ	7			To cause a person to stop sleeping and become conscious.	起こす							
93	walk:to	1443	WALK	to walk	walk	ᴡᴀʟᴋ	2			To move forward on foot by taking steps.	歩く	चलना		走路	လမ်းလျှောက်ရန်		to walk	
502	wall	3830	WALL	wall	wall	ᴡᴀʟʟ	4			A vertical structure that divides an enclosed space or separates two areas.	壁	दीवार		墙	နံရံ			
2739	walnut			walnut	walnut	ᴡᴀʟɴᴜᴛ	7			A large, hard-shelled nut that is brown on the outside and contains an edible, wrinkled kernel.								
2649	wander:to			to wander	wander	ᴡᴀɴᴅᴇʀ	7			To move or travel around aimlessly without a fixed destination or a specific path.								
989	war	935	WAR	war	war	ᴡᴀʀ	5			A state of large-scale, organized armed conflict between different nations, countries, or political groups.		युद्ध		战争	စစ်ပွဲ		war	
2351	war.cry:to.give			to give war cry	give.war.cry	ɢɪᴠᴇ.ᴡᴀʀ.ᴄʀʏ	7			To make a loud, shouting sound to express anger or to encourage one's group during a fight or battle.								
272	warm:to.be	1232	WARM	to be warm	warm	ᴡᴀʀᴍ	3			To have a temperature that is higher than cold but lower than hot.	暖かい	गर्म होना		温暖	နွေးဖို့			warm
2167	warm..of.water:to.be			to be warm (of water)	warm	ᴡᴀʀᴍ	7			To have a temperature that is higher than cold, but not hot.								
2740	warrior			warrior	warrior	ᴡᴀʀʀɪᴏʀ	7			A person who is trained or skilled in fighting and engages in combat or warfare.								
228	wash.:bathe:to	138	BATHE	to bathe	bathe	ʙᴀᴛʜᴇ	3			To wash or clean the whole body with water.		स्नान करना		洗澡	ရေချိုးရန်		to bathe	
336	wash..general:to	1453	WASH	to wash (general)	wash	ᴡᴀꜱʜ	3			To remove dirt, soap, or impurities from an object or a person using water.	洗う	धोना		洗	ဆေးကြောရန်		to wash (hands)	wash
337	wash.clothes:to	3434	WASH (CLOTHES)	to wash clothes	wash.clothes	ᴡᴀꜱʜ.ᴄʟᴏᴛʜᴇꜱ	3			To clean garments or pieces of fabric using water and a cleaning agent.								
497	wash.face:to	–	–	to wash face	wash.face	ᴡᴀꜱʜ.ꜰᴀᴄᴇ	4			To apply water to the face to clean it.								
498	wash.hair:to			to wash hair	wash.hair	ᴡᴀꜱʜ.ʜᴀɪʀ	4			To clean the hair on a person's head with water and soap or other cleansing agents.								
2650	wash.hands:to			to wash hands	wash.hands	ᴡᴀꜱʜ.ʜᴀɴᴅꜱ	7			To clean one's hands with water or another liquid.								
2651	wash.utensils:to			to wash utensils	wash.utensils	ᴡᴀꜱʜ.ᴜᴛᴇɴꜱɪʟꜱ	7			To clean plates, bowls, spoons, or other tools used for eating and cooking with water and soap.								
990	wasp	1517	WASP	wasp	wasp	ᴡᴀꜱᴘ	5		fauna	A stinging insect with a narrow waist, often living in a colony or nest.								
961	watch:to	1650	WATCH	to watch	watch	ᴡᴀᴛᴄʜ	5			To look at something or someone for a period of time with your eyes.	見る	देखना		观看	စောင့်ကြည့်ရန်			
29	water	948	WATER	water	water	ᴡᴀᴛᴇʀ	1			The clear, colorless liquid that falls from the sky as rain and is necessary for all living things to drink.	水							water
569	water:drinking	948	WATER	drinking water	drinking.water	ᴅʀɪɴᴋɪɴɢ.ᴡᴀᴛᴇʀ	5			The liquid that is necessary for life and is used for drinking, washing, and cooking.		पानी		水	ရေ		water	water
2652	water:to			to water	water	ᴡᴀᴛᴇʀ	7			To pour or sprinkle a liquid on a plant, crop, or animal to help it grow or stay hydrated.	水をかける							
2741	water.container			water container	water.container	ᴡᴀᴛᴇʀ.ᴄᴏɴᴛᴀɪɴᴇʀ	7			A vessel or object used for holding or carrying a liquid.								
2743	water.pouring...onom			water pouring	onom	ᴏɴᴏᴍ	7			The act of a liquid flowing from a container or a source in a continuous stream.								
2745	waterfall	943	WATERFALL	waterfall	waterfall	ᴡᴀᴛᴇʀꜰᴀʟʟ	7			A place where a river or stream flows over a vertical drop or a steep cliff.	滝						waterfall	
2746	watermelon			watermelon	watermelon	ᴡᴀᴛᴇʀᴍᴇʟᴏɴ	7			A large, heavy fruit with a hard green rind and sweet, watery red or pink flesh inside.								
962	wave:to	3544	WAVE (VERB)	to wave	wave	ᴡᴀᴠᴇ	5			To move a hand or an arm repeatedly in the air, often as a greeting or to get someone's attention.		हिलाना		挥手	ဝှေ့ဖို့		wave (hand as a greeting) (v)	
2747	wave..of.water	978	WAVE	wave (of water)	wave	ᴡᴀᴠᴇ	7			A ridge of water that moves across the surface of a sea, lake, or river.	波						wave	
528	wax..from.bee	1931	BEESWAX	wax (from bee)	wax	ᴡᴀx	5		fauna	A substance produced by bees in a honeycomb to build their nests.							beeswax	
273	weak:to.be	1601	WEAK	to be weak	weak	ᴡᴇᴀᴋ	3			To lack physical strength or power.	弱い	कमजोर होना		虚弱	အားနည်းဖို့၊		to be weak	
2748	weapon			weapon	weapon	ᴡᴇᴀᴘᴏɴ	7			An object used as an instrument to cause physical harm or to fight against an enemy.								
2653	wear..general:to			to wear (general)	wear	ᴡᴇᴀʀ	7			To have a piece of clothing, an accessory, or an item on one''s body.								
963	wear..of.clothes:to	976	WEAR	to wear (of clothes)	wear	ᴡᴇᴀʀ	5			To have a piece of clothing or an accessory on one's body.	着る	पहनना		穿	ဝတ်ဆင်ရန်		wear clothes	
964	wear..of.hat:to			to wear (of hat)	wear	ᴡᴇᴀʀ	5			To have a piece of headgear on one's head.	かぶる							
2654	wear..of.longyi:to			to wear (of longyi)	wear	ᴡᴇᴀʀ	7			To wrap a piece of cloth around the waist and legs as a garment.	履く							
2655	wear..of.shoes:to			to wear (of shoes)	wear	ᴡᴇᴀʀ	7			To have a piece of footwear, such as a boot or a sandal, on one's foot.	履く							
2749	weather..general	952	WEATHER	weather (general)	weather	ᴡᴇᴀᴛʜᴇʀ	7			The state of the atmosphere at a particular time and place, including temperature, rain, wind, and cloud cover.	天気							
338	weave..baskets:to			to weave (baskets)	weave	ᴡᴇᴀᴠᴇ	3			To make a container or basket by interlacing strips of wood, bamboo, or other flexible materials.								
94	weave..fabric:to	133	WEAVE	to weave (fabric)	weave	ᴡᴇᴀᴠᴇ	2			To make cloth or fabric by interlacing threads or fibers on a loom.	織る	बुनना		编织	ရက်ကန်း		to weave (cloth)	weave
2656	weave..fence:to			to weave (fence)	weave	ᴡᴇᴀᴠᴇ	7			To interlace flexible materials, such as bamboo or branches, together to create a barrier or enclosure.								
2657	weave..of.bamboo:to			to weave (of bamboo)	weave	ᴡᴇᴀᴠᴇ	7			To interlace strips or splints of this plant material together to create a mat, basket, or other object.								
2658	weave..of.cane:to			to weave (of cane)	weave	ᴡᴇᴀᴠᴇ	7			To interlace strips or fibers of a plant, such as a woody vine, to create a basket, mat, or other object.								
2750	weaver			weaver	weaver	ᴡᴇᴀᴠᴇʀ	7			A person who makes cloth by interlacing threads on a loom.								
2751	weaving.implements			weaving implements	weaving.implements	ᴡᴇᴀᴠɪɴɢ.ɪᴍᴘʟᴇᴍᴇɴᴛꜱ	7			The tools or objects used to make fabric or cloth by interlacing threads or fibers.								
2752	wedding..ceremony			wedding (ceremony)	wedding	ᴡᴇᴅᴅɪɴɢ	7			A ceremony where two people are legally or formally joined in marriage.								
2753	wedge..wood.splitting			wedge (wood splitting)	wedge	ᴡᴇᴅɢᴇ	7			A thick, tapered piece of wood or metal used to split something apart by being driven into a crack.								
2754	wednesday	1694	WEDNESDAY	wednesday	wednesday	ᴡᴇᴅɴᴇꜱᴅᴀʏ	7			The day of the week between Tuesday and Thursday.	水曜日							
991	weed	3288	WEED	weed	weed	ᴡᴇᴇᴅ	5		flora	A plant that grows where it is not wanted, especially among crops or in a garden.		खुरप्पा मारना		除草	ပေါင်းပင်		weed (v)	
2659	weed:to			to weed	weed	ᴡᴇᴇᴅ	7			To remove unwanted plants or grass from a garden, a field, or a crop.								
992	week	1469	WEEK	week	week	ᴡᴇᴇᴋ	5			A period of seven consecutive days.	週							
26	weep..cry:to	1839	CRY	to weep (cry)	weep	ᴡᴇᴇᴘ	1			To shed tears from the eyes, often as an expression of sadness, pain, or grief.	泣く	रोना		哭泣	ငို၊ ငို			weep
2755	weight			weight	weight	ᴡᴇɪɢʜᴛ	7			The measure of how heavy an object is.								
2756	well..tube.type			well (tube type)	well	ᴡᴇʟʟ	7			A deep, narrow hole dug or drilled into the ground to reach water or oil.	チューブ井戸							
2757	well..water.source	954	WELL	well (water source)	well	ᴡᴇʟʟ	7			A deep, narrow hole dug or drilled into the ground to reach water.	井戸						well (adv)	
2168	well.fitting:to.be			to be well fitting	well.fitting	ᴡᴇʟʟ.ꜰɪᴛᴛɪɴɢ	7			To be of the correct size or shape so that a piece of clothing or an object fits a person or another object perfectly.								
834	well.lit:to.be	–	–	to be well lit	well.lit	ᴡᴇʟʟ.ʟɪᴛ	5			To have a lot of light or to be brightly illuminated.		चमकदार		明亮	တောက်ပစွာလင်း			
351	west	1817	WEST	west	west	ᴡᴇꜱᴛ	3			The direction where the sun sets in the evening.	西	पश्चिम		西	အနောက်		west	
458	wet:to.be	1726	WET	to be wet	wet	ᴡᴇᴛ	4			To be covered or soaked with a liquid, such as water.	濡れた	गीला होना		湿的	စိုစွတ်ဖို့		to be wet (with water)	
2759	wheat	1077	WHEAT	wheat	wheat	ᴡʜᴇᴀᴛ	7			A cereal grain used to make flour for bread.	小麦							
2760	wheel	710	WHEEL	wheel	wheel	ᴡʜᴇᴇʟ	7			A circular object that rotates on an axle to allow a vehicle or machine to move.	車輪							
2660	whet:to			to whet	whet	ᴡʜᴇᴛ	7			To rub a sharp tool, such as a knife or an axe, against a stone or a hard surface to make its edge sharper.	研ぐ							
2765	whip			whip	whip	ᴡʜɪᴘ	7			A strip of leather or a cord used as a tool or weapon to strike someone or something.								
2766	whirlpool	1982	WHIRLPOOL	whirlpool	whirlpool	ᴡʜɪʀʟᴘᴏᴏʟ	7			A circular movement of water that spins rapidly around a central point, often pulling objects downward.	渦	WHIRLPOOL						
2661	whisper:to			to whisper	whisper	ᴡʜɪꜱᴘᴇʀ	7			To speak in a very quiet voice using breath instead of vocal cords, often to avoid being heard by others.								
965	whistle:to	1025	WHISTLE	to whistle	whistle	ᴡʜɪꜱᴛʟᴇ	5			To make a high-pitched sound by forcing air through the lips or teeth.		सीटी बजाना		吹口哨	လမင်း			
2768	white.person			white person	white.person	ᴡʜɪᴛᴇ.ᴘᴇʀꜱᴏɴ	7			A person whose skin is lighter in color, typically of European descent.								
993	whole..complete	2277	WHOLE	whole (complete)	whole	ᴡʜᴏʟᴇ	5			The entire amount or all of a single thing, without any parts missing or left over.		पूरा		完整的	အပြည့်အစုံ			
835	wicked..cruel:to.be	3764	BAD OR EVIL	to be wicked (cruel)	wicked	ᴡɪᴄᴋᴇᴅ	5			To act in a way that is harmful, hurtful, or morally wrong toward others.		बुरा होना		邪恶的	လူဆိုး		(be) wicked	
496	wide..broad:to.ve	1243	WIDE	to ve wide (broad)	ve.wide	ᴠᴇ.ᴡɪᴅᴇ	4			To have a large distance from one side to the other.	広い	चौड़ा		宽的	ကျယ်သည်ဖြစ်စေ ကျယ်သည်		to be wide/broad	
994	widow	1756	WIDOW	widow	widow	ᴡɪᴅᴏᴡ	5			A woman whose spouse has died and who has not remarried.	やもめ	विधवा		寡妇	မုဆိုးမ		widow	
995	widower	1981	WIDOWER	widower	widower	ᴡɪᴅᴏᴡᴇʀ	5			A man whose spouse has died.		विधुर		寡夫	မုဆိုးဖို		widower	
996	wife	1199	WIFE	wife	wife	ᴡɪꜰᴇ	5		kinship	A female partner in a marriage or a long-term committed relationship.	妻	पत्नी		妻子	မယား		wife	
2771	wild.boar			wild boar	wild.boar	ᴡɪʟᴅ.ʙᴏᴀʀ	7			A large, wild pig with tusks that lives in forests.								
2772	wild.cat			wild cat	wild.cat	ᴡɪʟᴅ.ᴄᴀᴛ	7			A carnivorous mammal belonging to the feline family that lives in nature rather than as a domestic pet.								
2662	win:to	866	WIN	to win	win	ᴡɪɴ	7			To be successful in a competition, game, or struggle, such as a race or a match, and to be the person who defeats others.	勝つ							
98	wind	960	WIND	wind	wind	ᴡɪɴᴅ	2			The natural movement of air caused by differences in atmospheric pressure.	風	हवा		风	လေ		wind	wind
2663	wind:to			to wind	wind	ᴡɪɴᴅ	7			To turn or twist something in a circular motion, such as a cord or a spring, around a central object.								
2773	window	1375	WINDOW	window	window	ᴡɪɴᴅᴏᴡ	7			An opening in a wall or door that allows light and air to enter a building.	窓						window	
99	wing	1257	WING	wing	wing	ᴡɪɴɢ	3		body parts	The part of a bird, insect, or bat used for flying, consisting of a limb or membrane attached to the body.	翼	पंख		翅膀	တောင်ပံ		wing	wing
2664	wink:to			to wink	wink	ᴡɪɴᴋ	7			To close and quickly open one eye.								
339	winnow:to	2462	WINNOWING	to winnow	winnow	ᴡɪɴɴᴏᴡ	3			To blow air through a mixture of grain and husks to separate the edible part from the waste.		झाड़ना		簸箕	လှေ့ရန်		winnow (v)	
504	winter..cold.season	1471	WINTER	winter (cold season)	winter	ᴡɪɴᴛᴇʀ	4			The coldest season of the year, occurring between autumn and spring.	冬	सर्दी		冬天	ဆောင်းရာသီ			
499	wipe:to	1454	WIPE	to wipe	wipe	ᴡɪᴘᴇ	4			To move a cloth, hand, or other tool across a surface to remove dirt, liquid, or dust.	拭く	पोंछना		擦	သုတ်ရန်			
2775	wire			wire	wire	ᴡɪʀᴇ	7			A long, thin, flexible strand made of metal.								
2776	wisdom			wisdom	wisdom	ᴡɪꜱᴅᴏᴍ	7			The quality of having deep knowledge, experience, and good judgment.								
836	wise:to.be	698	WISE	to be wise	wise	ᴡɪꜱᴇ	5			To possess or show great intelligence, good judgment, and deep understanding.		बुद्धिमान		明智的	ပညာရှိဖြစ်ရန်		(be) wise	
2665	wish:to			to wish	wish	ᴡɪꜱʜ	7			To feel a strong desire or hope for something to happen or for a particular outcome to be achieved.								
2777	witch..female			witch (female)	witch	ᴡɪᴛᴄʜ	7			A woman who is believed to have magical powers used to cause harm, illness, or bad luck to others.								
2778	witch..male			witch (male)	witch	ᴡɪᴛᴄʜ	7			A man who uses supernatural powers or magic to cause harm, illness, or bad luck to others.								
2779	witchcraft			witchcraft	witchcraft	ᴡɪᴛᴄʜᴄʀᴀꜰᴛ	7			The use of supernatural powers or magic, often used to cause harm, illness, or bad luck to others.								
2780	with			with	with	ᴡɪᴛʜ	7			A state of being accompanied by another person or thing, or using an object to perform an action.								
2169	with:to.be			to be with	with	ᴡɪᴛʜ	7			To be in the company of another person or to be in the same place as someone.								
2781	with...inst			with	inst	ɪɴꜱᴛ	7			A state of being together or in the company of another person or thing.								
2782	wither..of.plants			wither (of plants)	wither	ᴡɪᴛʜᴇʀ	7			To become dry, limp, and brown due to a lack of water or due to heat.	枯れる							
2783	witness			witness	witness	ᴡɪᴛɴᴇꜱꜱ	7			A person who sees an event, such as a crime or an accident, happen with their own eyes.								
2666	wobble:to			to wobble	wobble	ᴡᴏʙʙʟᴇ	7			To move unsteadily from side to side or up and down, often as if about to fall.								
2784	wolf	522	WOLF	wolf	wolf	ᴡᴏʟꜰ	7			A large wild carnivorous mammal that looks like a large dog and lives and hunts in a pack.	狼							
682	woman:old	907	OLD WOMAN	old woman	old.woman	ᴏʟᴅ.ᴡᴏᴍᴀɴ	5			An elderly female person.		बुढ़िया		老太太	မိန်းမကြီး			
352	woman..female.human	962	WOMAN	woman (female human)	woman	ᴡᴏᴍᴀɴ	3			An adult female human being.	女	महिला		女人	မိန်းမ		woman	
2785	womb..uterus			womb (uterus)	womb	ᴡᴏᴍʙ	7			The internal organ in a female body where a baby develops during pregnancy.								
2667	wonder:to			to wonder	wonder	ᴡᴏɴᴅᴇʀ	7			To feel curiosity or doubt about something, often accompanied by a sense of uncertainty or a desire to know the truth.								
353	wood	1803	WOOD	wood	wood	ᴡᴏᴏᴅ	3			The hard, fibrous material that forms the stem or trunk of a tree or shrub.		लकड़ी		木头	သစ်သား			tree/wood
2786	wood.apple			wood apple	wood.apple	ᴡᴏᴏᴅ.ᴀᴘᴘʟᴇ	7			A large, hard-shelled fruit with a woody exterior and a pulpy, edible interior, often used in cooking or traditional medicine.	ベール							
998	woodpecker..general	2447	WOODPECKER	woodpecker (general)	woodpecker	ᴡᴏᴏᴅᴘᴇᴄᴋᴇʀ	5		fauna	A bird with a strong, pointed beak that repeatedly strikes the trunks of trees to find insects.		कठफोड़वा		啄木鸟	ကိုက်ငှက်			
999	word	1599	WORD	word	word	ᴡᴏʀᴅ	5			A single unit of speech or writing that has a specific meaning.		शब्द		单词	စကားလုံး		word	
966	work:to	1086	WORK (ACTIVITY)	to work	work	ᴡᴏʀᴋ	5			To engage in physical or mental effort to achieve a goal or earn a living.	働く	काम करना		工作	အလုပ်လုပ်ရန်		to work	
2789	work..job	984	WORK (LABOUR)	work (job)	work	ᴡᴏʀᴋ	7			A person's regular occupation or profession, typically performed in exchange for payment.	仕事							
1000	world..metaphysical	965	WORLD	world (metaphysical)	world	ᴡᴏʀʟᴅ	5			The totality of all existence, including all things that are real, both physical and non-physical.		दुनिया		世界	ကမ္ဘာ		world	
1369	worm:earth			earth worm	earth.worm	ᴇᴀʀᴛʜ.ᴡᴏʀᴍ	7			A long, thin, soft-bodied invertebrate that lives in the soil and is often found in damp ground.								
1556	worm:intestinal			intestinal worm	intestinal.worm	ɪɴᴛᴇꜱᴛɪɴᴀʟ.ᴡᴏʀᴍ	7			A parasite that lives inside the intestines of a human or animal.								
2788	worm:wood			wood worm	wood.worm	ᴡᴏᴏᴅ.ᴡᴏʀᴍ	7			A small insect or larva that eats or bores holes into timber or wooden structures.								
354	worm..general	1219	WORM	worm (general)	worm	ᴡᴏʀᴍ	3		fauna	An elongated, soft-bodied animal that crawls on or through the ground.		कीड़ा		虫子	သန်ကောင်			
2668	worry:to			to worry	worry	ᴡᴏʀʀʏ	7			To feel or experience anxiety, nervousness, or mental distress about a potential problem or a future event.								
2669	worship:to			to worship	worship	ᴡᴏʀꜱʜɪᴘ	7			To show great respect or devotion to a deity, spirit, or divine being through prayer, rituals, or offerings.								
2670	wound:to			to wound	wound	ᴡᴏᴜɴᴅ	7			To cause an injury to a living body, often by cutting or piercing the skin.								
2790	wound..injury	1109	WOUND	wound (injury)	wound	ᴡᴏᴜɴᴅ	7			An injury to the body, such as a cut or a puncture, that breaks the skin or tissue.	傷						wound, sore	
967	wrap..cloth:to	1113	WRAP	to wrap (cloth)	wrap	ᴡʀᴀᴘ	5			To encircle or cover an object by folding or winding a piece of fabric around it.	包む	लपेटना		包裹	ထုပ်ပိုးရန်		wrap up (v)	
2671	wrestle:to			to wrestle	wrestle	ᴡʀᴇꜱᴛʟᴇ	7			To engage in a physical struggle where two people try to throw or pin each other to the ground.								
2672	wring:to			to wring	wring	ᴡʀɪɴɢ	7			To twist or squeeze a piece of cloth or hair with the hands to remove liquid.								
2791	wrinkle..on.skin			wrinkle (on skin)	wrinkle	ᴡʀɪɴᴋʟᴇ	7			A small line or fold on the surface of the skin, often caused by aging or repeated movement.								
1001	wrist::band	3943	WRISTBAND	wristband	wristband	ᴡʀɪꜱᴛʙᴀɴᴅ	5			A strip of cloth, plastic, or leather worn around the wrist as an ornament or to identify a person.								
2673	write:to	1672	WRITE	to write	write	ᴡʀɪᴛᴇ	7			To mark words or symbols on a surface, such as paper or a digital screen, using a tool like a pen or pencil.							write (v)	
2793	yam	410	YAM	yam	yam	ʏᴀᴍ	7			A starchy, edible tuber with a thick skin, often grown as a root crop in tropical or subtropical regions.		सूखी शाकाहारी विशेषतः अफ़्रीकी खाद्य पदार्थ		洋芋	မန်ကျည်းသီး၊ ပီလောပီနံ၊		yam	
1385	yam:elephant.foot			elephant foot yam	elephant.foot.yam	ᴇʟᴇᴘʜᴀɴᴛ.ꜰᴏᴏᴛ.ʏᴀᴍ	7			A large, edible tuber with a thick, starchy body that grows underground and is often used as a staple food.								
968	yawn:to	1028	YAWN	to yawn	yawn	ʏᴀᴡɴ	5			To open the mouth wide and inhale deeply, often due to tiredness or boredom.	あくびする	ज़्यादा से ज़्यादा साँस लेना		打哈欠	သမ်းရန်			
30	year	1226	YEAR	year	year	ʏᴇᴀʀ	1			A single period of time that it takes for the earth to orbit around the sun.	年	साल		年	တစ်နှစ်		year	year
644	year:last	514	LAST YEAR	last year	last.year	ʟᴀꜱᴛ.ʏᴇᴀʀ	5			The year that has just finished or the one immediately preceding the current one.	去年							
676	year:next	515	NEXT YEAR	next year	next.year	ɴᴇxᴛ.ʏᴇᴀʀ	5			The year that follows the current one.	来年	अगले साल		明年	နောက်နှစ်			
779	year:this	513	THIS YEAR	this year	this.year	ᴛʜɪꜱ.ʏᴇᴀʀ	5			The current twelve-month period that is happening now.	今年							
2794	year.after.next			year after next	year.after.next	ʏᴇᴀʀ.ᴀꜰᴛᴇʀ.ɴᴇxᴛ	7			The year that follows the next one.								
2795	year.before.last			year before last	year.before.last	ʏᴇᴀʀ.ʙᴇꜰᴏʀᴇ.ʟᴀꜱᴛ	7			The year that occurred two years before the current one.								
1002	yeast	967	YEAST	yeast	yeast	ʏᴇᴀꜱᴛ	5			A microscopic fungus used to make bread rise or to produce fermented drinks like beer or wine.		खमीर		酵母	တဆေး			
2674	yell:to			to yell	yell	ʏᴇʟʟ	7			To shout or cry out in a loud, sharp voice, often due to anger, pain, or excitement.	叫ぶ							
2796	yes			yes	yes	ʏᴇꜱ	7			A word used to express agreement, affirmation, or a positive response to a question or statement.								
100	yesterday	1174	YESTERDAY	yesterday	yesterday	ʏᴇꜱᴛᴇʀᴅᴀʏ	2			The day before today.	昨日	कल		昨天	မနေ့က		yesterday	
2797	yogurt			yogurt	yogurt	ʏᴏɢᴜʀᴛ	7			A food made from milk that has been fermented with bacteria, resulting in a thick, creamy texture and a sour taste.	ヨーグルト							
2170	young..of.people:to.be	1207	YOUNG	to be young (of people)	young	ʏᴏᴜɴɢ	7			To be in an early stage of life, not having reached adulthood or being in the period of childhood or adolescence.	若い						(be) young	
2800	young.man	76	YOUNG MAN	young man	young.man	ʏᴏᴜɴɢ.ᴍᴀɴ	7			A male human who is in the stage of life between childhood and adulthood.							young man	
2801	young.woman	77	YOUNG WOMAN	young woman	young.woman	ʏᴏᴜɴɢ.ᴡᴏᴍᴀɴ	7			A female human who is in the stage of life between childhood and adulthood.							young woman	
2805	youth..period			youth (period)	youth	ʏᴏᴜᴛʜ	7			The period of time when a person is young, typically between childhood and adulthood.								
2171	zealous:to.be			to be zealous	zealous	ᴢᴇᴀʟᴏᴜꜱ	7			To show great energy, passion, or intense enthusiasm for a particular activity, cause, or belief.								
2806	zig.zag..pattern			zig zag (pattern)	zig.zag	ᴢɪɢ.ᴢᴀɢ	7			A pattern of lines that constantly change direction in sharp angles, moving back and forth like a series of connected V-shapes.								
